"id","hadith_no","source","tradition","bab","text_ar"
"zayd_0001","1","Musnad al-Imam Zayd ibn Ali","Zaydi","باب في ذكر الوضوء :","حدثني عبد العزيز بن اسحاق بن جعفر بن الهيثم القاضي البغدادي قال: حدثنا أبو القسم علي بن محمد النخعي الكوفي قال: حدثنا سليمان ابن إبراهيم بن عبيد المحاربي قال: حدثني نصر بن مزاحم المنقري العطار قال: حدثني إبراهيم بن الزبرقان التيمي قال: حدثني أبو خالد الواسطي رحمهم الله تعالى قال: حدثني زيد بن علي عن ابيه علي بن الحسين عن جده الحسين بن علي امير المؤمنين علي بن أبي طالب عليهم السلام قال: رأيت رسول الله صلى الله عليه وسلم توضأ فغسل وجهه وذراعيه ثلاثا ثلاثا وتضمض واستنشق ثلاثا ثلاثا ومسح برأسه وأذنيه مرة وغسل قدميه ثلاثا. قال أبو خالد رحمه الله: وسألت زيدا بن علي عليه السلام عن الرجل ينسى مسح رأسه حتى يجف وضوؤه، (قال) عليه السلام: يعيد مسح رأسه ويجزئه ولا يعيد وضوءه. (وقال) زيد بن علي عليهما السلام: الاستنجاء سنة مؤكدة ولايجوز تركها الا ان لا يجد الماء. (وقال) زيد بن علي عليهما السلام: المضمضة والاستنشاق سنة وليس مثل الاستنجاء. (وقال) زيد بن علي عليه السلام: لا يجوز ترك المضمضة والاستنشاق في غسل الجنابة . قال عليه السلام: ولا بأس ان يتوضأ بسؤر الحائض، والجنب ليس الحيض والجنابة في اليد انما هي حيث جعلها الله عزوجل. (وقال) زيد بن علي عليه السلام: ولا يجوز ان يتوضأ بماء قد ولغ الكلب فيه ولا سبع . (وقال) زيد بن علي عليه السلام: ولا بأس بسؤر السنور والشاة والبعير والفرس، واما البغل والحمار فان كان لهما لعاب لم يتوضأ بسؤرهما، وان لم يكن لهما لعاب أجزأ ان يتوضأ به وان كنت لا تدري له لعاب أم لا فتركه أصلح الا ان لا تجد غيره. (وقال) زيد بن علي عليه السلام: ولا يجوز الوضوء باللبن ولا بالنبيذ كان حلوا أو شديدا. ولا يجوز الوضوء الا بالماء كما قال تعالى: (ماء طهورا). (حدثني) أبو خالد قال: سألت زيدا بن علي عليه السلام عما ينقض الوضوء فقال: الغائط والبول والريح والرعاف والقئ والمدة والصديد والنوم مضطجعا. قال زيد بن علي عليه السلام: ولا بأس بالوضوء من ماء الحمام. (وقال) زيد بن علي عليه السلام: إذا وطئت شيئا من رجيع الدواب وهو رطب فاغسله، وان كان يابسا فلا بأس به. قال: والخيل والبغال والحمير في ذلك سواء. وكان زيد بن علي عليه السلام يرخص في لحم الخيل ويكره رجيعها وأبوالها. (قال) زيد بن علي عليه السلام: ولا بأس بأبوال الغنم والابل والبقر وما يؤكل لحمه يصيب الثوب. (قال) زيد بن علي عليه السلام: ولا يجوز للمرأة ان تمسح على الخمار وان مسحت مقدم رأسها أجزأها. (قال) زيد بن علي عليه السلام في الدم يصيب الثوب: فان كان دون الدرهم فلا بأس به وان تغسله كان احسن، فان كان اكثر من قدر الدرهم فاغسله. (حدثني) أبو خالد قال:"
"zayd_0002","2","Musnad al-Imam Zayd ibn Ali","Zaydi","باب في ذكر الوضوء :","= حدثني زيد بن علي عن آبائه عن علي بن أبي طالب عليهم السلام قال: رأيت رسول الله صلى الله عليه وآله وطئ بعر بعير رطب فمسحه بالارض وصلى ولم يحدث وضوءا ولم"
"zayd_0003","3","Musnad al-Imam Zayd ibn Ali","Zaydi","باب في ذكر الوضوء :","يغسل قدما. (حدثني) زيد بن علي قال: كان يقول أبي علي بن الحسين ابن علي عليهم السلام: إذا ظهر البول على الحشفة فاغسله . قال: وسألت زيدا بن علي عليه السلام عن القلس فقال: الوضوء في قليله وكثيره. ("
"zayd_0004","4","Musnad al-Imam Zayd ibn Ali","Zaydi","باب في ذكر الوضوء :","= حدثني زيد بن علي عن أبيه عن جده عن علي بن أبي طالب (ع م) قال: قال رسول الله صلى الله عليه وآله: (القلس يفسد الوضوء). قال أبو خالد رحمه الله تعالى: وسألت زيدا عن القبلة تنقض الوضوء فقال: لا ينقض الوضوء الا الحدث وليس هذا بحدث، قال: وسألت زيد بن علي عليه السلام عن الرجل يأكل لحم الابل أو لحم الغنم هل ينقض ذلك وضوءه؟ فقال لا. وقال: انما الوضوء من ذلك أدب."
"zayd_0005","5","Musnad al-Imam Zayd ibn Ali","Zaydi","باب في ذكر الوضوء :","= حدثني زيد بن علي عن أبيه عن جده عن علي بن أبي طالب عليهم السلام قال: لا وضوء على من مس ذكره."
"zayd_0006","6","Musnad al-Imam Zayd ibn Ali","Zaydi","باب الغسل الواجب والسنة:","حدثني نصر بن مزاحم قال: حدثني إبراهيم بن الزبرقان قال حدثني أبو خالد عمرو بن خالد الواسطي عن زيد بن علي عن أبيه عن جده عن علي بن أبي طالب عليهم السلام قال: الغسل من الجنابة واجب ومن غسل الميت سنة وان تطهرت أجزأك، والغسل من الحجامة وان تطهرت أجزأك، وغسل العيدين وما أحب ان أدعهما، وغسل الجمعة وما أحب ان أدعه لأني سمعت رسول الله صلى الله عليه وآله يقول: "" من أتى الجمعة فليغتسل ""."
"zayd_0007","7","Musnad al-Imam Zayd ibn Ali","Zaydi","باب الغسل الواجب والسنة:","حدثني أبو خالد رحمه الله قال: سألت زيدا عليه السلام عن الغسل من الجنابة فقال: تغسل يديك ثلاثا ثم تستنجي وتتوضأ وضوءك للصلاة ثم تغسل رأسك ثلاثا ثم تفيض الماء على سائر جسدك ثلاثا ثم تغسل قدميك . قال حدثني بهذا أبي عن أبيه عن جده عن علي بن أبي طالب كرم الله وجهه عن النبي صلى الله عليه وآله. و= حدثني زيد بن علي عن أبيه عن جده عن علي بن أبي طالب (ع م) قال جاء رجل إلى النبي صلى الله عليه وآله فقال يارسول الله اصابتني جنابة فغسلت رأسي ثم جلست حتى جف رأسي أفأعيد الماء على رأسي فقال لابل يجزئك غسل رأسك عن الاعادة."
"zayd_0008","8","Musnad al-Imam Zayd ibn Ali","Zaydi","باب الغسل الواجب والسنة:","حدثني زيد بن علي عن أبيه عن جده علي بن أبي طالب عليهم السلام قال إذا التقى الختانان وتوارت الحشفة فقد وجب الغسل أنزل أو لم"
"zayd_0009","9","Musnad al-Imam Zayd ibn Ali","Zaydi","باب الغسل الواجب والسنة:","ينزل وقال زيد بن علي عليه السلام كيف يجب الحد ولا يجب الغسل قال سألت زيدا عليه السلام عن المرأة ترى في المنام الاحتلام فتنزل قال تغتسل وقال زيد بن علي عليه السلام في الرجل يجد البلل ولا يرى الرؤيا قال ان كان ماء دافقا اغتسل قال سألته عليه السلام عن المني يصيب الثوب قال يغسل قليله وكثيره قال والبول والغائط يغسل قليله وكثيره."
"zayd_0010","10","Musnad al-Imam Zayd ibn Ali","Zaydi","باب الغسل الواجب والسنة:","حدثني زيد بن علي عليه السلام عن أبيه عن جده عن علي بن أبي طالب عليه السلام. قال كنت رجلا مذءا فاستحييت ان اسأل رسول الله صلى الله عليه وآله عن ذلك لمكان ابنته مني فأمرت المقداد ابن الاسود فسأله فقال "" يا مقداد هي امور ثلاثة الودي شئ يتبع البول كهيئة المني فذلك منه الطهور ولا غسل منه والمذي ان ترى شيئا أو تذكره فينتشر فذلك منه الطهور ولا غسل منه والمني الماء الدافق إذا وقع مع الشهوة وجب الغسل "". قال الإمام زيد بن علي عليه السلام : أحب للجنب ان يبول قبل ان يغتسل وان لم يفعل أجزأه الغسل."
"zayd_0011","11","Musnad al-Imam Zayd ibn Ali","Zaydi","باب الغسل الواجب والسنة:","= حدثني زيد بن علي عليه السلام عن أبيه عن جده عن علي بن أبي طالب عليه السلام عن النبي صلى الله عليه وآله في الحائض والجنب يعرقان في الثوب قال الحيض والجنابة حيث جعلهما الله تعالى فلا يغسلا ثيابهما."
"zayd_0012","12","Musnad al-Imam Zayd ibn Ali","Zaydi","باب الغسل الواجب والسنة:","حدثني زيد بن علي عليه السلام عن أبيه عن جده عن علي بن أبي طالب عليهم السلام ان النبي صلى الله عليه وآله صافح حذيفة ابن اليمان فقال يا رسول الله اني جنب فقال له النبي صلى الله عليه وآله وسلم ان المسلم ليس بنجس ."
"zayd_0013","13","Musnad al-Imam Zayd ibn Ali","Zaydi","باب في الرعاف والنوم والحجامة:","وقال زيد بن علي عليه السلام في الحجامة انها تنقض الوضوء وتغسل مواضعها وان تغتسل فهو افضل."
"zayd_0014","14","Musnad al-Imam Zayd ibn Ali","Zaydi","باب في الرعاف والنوم والحجامة:","= حدثني زيد بن علي عليه السلام عن أبيه عن جده عن علي بن أبي طالب عليه السلام. قال خرجت مع النبي صلى الله عليه وآله وقد تطهر للصلاة فأمس ابهامه انفه فإذا دم فأعادها مرة فلم ير شيئا فأهوى بها إلى الارض فمسحه ولم يحدث وضوءا ومضى إلى الصلاة قال وسألت زيدا عليه السلام عن الذي لا يرقأ رعافه قال يتوضأ لكل صلاة ويصلي وان سال ويكون ذلك في آخر الوقت وسألت زيدا بن علي عليه السلام عن الرجل ينام في الصلاة وهو راكع أو ساجد أو جالس فقال لا ينقض الوضوء."
"zayd_0015","15","Musnad al-Imam Zayd ibn Ali","Zaydi","باب مقدار ما يتوضأ به للصلاة وما يكفي الغسل:","حدثني زيد بن علي عن أبيه عن جده عن علي عليه السلام قال كنا نؤمر في الغسل للجنابة للرجل بصاع وللمرأة بصاع ونصف قال زيد (ع م) كنا نوقت الوضوء للصلاة مدا والمد رطلان. قال أبو خالد:"
"zayd_0016","16","Musnad al-Imam Zayd ibn Ali","Zaydi","باب مقدار ما يتوضأ به للصلاة وما يكفي الغسل:","حدثني زيد بن علي ابيه عن جهد عن علي (ع م) ان النبي صلى الله عليه وآله سئل هل يطعم الجنب قبل ان يغتسل قال لا حتى يغتسل أو يتوضأ للصلاة."
"zayd_0017","17","Musnad al-Imam Zayd ibn Ali","Zaydi","باب مقدار ما يتوضأ به للصلاة وما يكفي الغسل:","قال أبو خالد: قال زيد بن علي (ع م) لا بأس ان يجامع ثم يعاود قبل ان يتوضأ وسألت زيدا بن علي (ع م) عن ماء المطر اخوضه قال لا بأس به الارض يطهر بعضها بعضا"
"zayd_0018","18","Musnad al-Imam Zayd ibn Ali","Zaydi","باب مقدار ما يتوضأ به للصلاة وما يكفي الغسل:","حدثني زيد بن علي عن أبيه عن جده عن علي (ع م) قال: قال رسول الله صلى الله عليه وآله لا تستنجي المرأة بشئ سوى الماء الا ان لا تجد الماء."
"zayd_0019","19","Musnad al-Imam Zayd ibn Ali","Zaydi","باب مقدار ما يتوضأ به للصلاة وما يكفي الغسل:","حدثني زيد بن علي عن أبيه عن جده عن علي (ع م) قال عذاب القبر من ثلاثة: من البول والدين والنميمة."
"zayd_0020","20","Musnad al-Imam Zayd ibn Ali","Zaydi","باب السواك وفضل الوضوء:","= حدثني زيد بن علي عن أبيه عن جده عن علي (ع م) قال: قال رسول الله صلى الله عليه وآله لولا اني اخاف ان اشق على امتي لفرضت عليهم السواك مع الطهور فلا تدعه يا علي ومن اطاق السواك مع الوضوء فلا يدعه."
"zayd_0021","21","Musnad al-Imam Zayd ibn Ali","Zaydi","باب السواك وفضل الوضوء:","حدثني زيد بن علي عن أبيه عن جده عن علي (ع م) قال: قال رسول الله صلى الله عليه وآله "" ما من امرئ مسلم قام في جوف الليل إلى سواكه فاستن به ثم تطهر للصلاة وأسبغ الوضوء ثم قام إلى بيت من بيوت الله عزوجل الا اتاه ملك فوضع فاه على فيه فلا يخرج من جوفه شئ الا دخل في جوف الملك حتى يجئ به يوم القيامة شهيدا شفيعا."
"zayd_0022","22","Musnad al-Imam Zayd ibn Ali","Zaydi","باب السواك وفضل الوضوء:","حدثني زيد بن علي عن أبيه عن جده عن علي عليهم السلام قال: = قال رسول الله صلى الله عليه وآله لا تقبل صلاة الا بزكاة ولا تقبل صلاة الا بقرآن ولا تقبل صلاة الا بطهور ولا تقبل صدقة من غلول. حدثني أبو خالد قال:"
"zayd_0023","23","Musnad al-Imam Zayd ibn Ali","Zaydi","باب السواك وفضل الوضوء:","حدثني زيد بن علي عن أبيه عن جده عن علي عليهم السلام قال: قال رسول الله صلى الله عليه وسلم أعطيت ثلاثا لم يعطهن نبي قبلي جعلت لي الارض مسجدا وطهورا. قال الله عزوجل فان لم تجدوا ماء فتيمموا صعيدا طيبا وأحل لي المغنم ولم يحل لاحد قبلي قوله تعالى واعلموا انما غنمتم من شئ فان لله خمسه وللرسول ولذي القربى الآية ونصرت بالرعب على مسيرة شهر وفضلت على الانبياء عليهم السلام يوم القيامة بثلاث تأتي امتي يوم القيامة غرا محجلين من آثار الوضوء معروفين من بين الامم ويأتي المؤذنون يوم القيامة أطول الناس اعناقا ينادون بشهادة أن لا اله الا الله وأن محمدا عبده ورسوله والثالثة ليس من نبي الا وهو يحاسب يوم القيامة بذنب غيري لقوله تعالى ليغفر لك الله ما تقدم من ذنبك وما تأخر."
"zayd_0024","24","Musnad al-Imam Zayd ibn Ali","Zaydi","باب السواك وفضل الوضوء:","حدثني زيد بن علي عليه السلام عن أبيه عن جده عليهم السلام عن علي عليه السلام انه إذا دخل المخرج قال بسم الله اللهم اني اعوذ بك من الرجس النجس الخبيث * المخبث الشيطان الرجيم فإذا خرج من المخرج قال الحمد لله الذي عافاني في جسدي الحمد لله الذي اماط عني الاذى."
"zayd_0025","25","Musnad al-Imam Zayd ibn Ali","Zaydi","باب السواك وفضل الوضوء:","حدثني زيد بن علي عليه السلام عن أبيه عن جده عن علي عليه السلام قال: قال رسول الله صلى الله عليه وآله ما من مسلم يتوضأ ثم يقول عند فراغه من وضوئه سبحانك اللهم وبحمدك أشهد ان لا اله الا انت استغفرك وأتوب اليك اللهم اجعلني من التوابين واجعلني من المتطهرين واغفر لي انك على كل شئ قدير الا كتبت في رق ثم ختم عليها ثم وضعت تحت العرش حتى تدفع إليه بخاتمها يوم القيامة."
"zayd_0026","26","Musnad al-Imam Zayd ibn Ali","Zaydi","مسائل في الوضوء:","Vسألت زيدا بن علي عليه السلام عن الوضوء مرة مرة فقال جائز والثلاث أفضل."
"zayd_0027","27","Musnad al-Imam Zayd ibn Ali","Zaydi","مسائل في الوضوء:","حدثني زيد بن علي بن ابيه عن جده عن علي عليهم السلام انه توضأ ومسح نعليه وقال هذا وضوء من لم يحدث وسألت زيدا بن علي عليه السلام عن الوضوء من سؤر المشرك فقال يتوضأ بسؤر شربه ولا يتوضأ بسؤر وضوئه الا ان يعلم انه شرب خمرا أو أكل لحم خنزير فلا يتوضأ بسؤر شربه ولا وضوئه. وسألت زيدا بن علي عليه السلام عن النميمة والغيبة تنقض الوضوء فقال لا وقال زيد بن علي عليهما السلام في الاناء يموت فيه الخنفساء والصياح والشقاق فقال لا يضرك. سألت زيدا عن الرجل يتوضأ مرتين مرتين فقال يجزئه قلت فان توضأ مرة مرة قال يجزئه. وسألت زيدا عليه السلام عن الرجل يتوضأ ثم يقص اظافره قال يمر الماء على أظافره."
"zayd_0028","28","Musnad al-Imam Zayd ibn Ali","Zaydi","باب المسح على الخفين (1) والجبائر:","= حدثني زيد بن علي عن أبيه عن جده عن علي عليهم السلام ان رسول الله صلى الله عليه وسلم مسح قبل نزول المائدة فلما نزلت آية المائدة لم يمسح بعدها."
"zayd_0029","29","Musnad al-Imam Zayd ibn Ali","Zaydi","باب المسح على الخفين (1) والجبائر:","= حدثني زيد بن علي عن أبيه عن جده الحسين بن علي عليهما السلام قال انا ولد فاطمة عليها السلام لا نمسح على الخفين ولا عمامة ولا كمة ولا خمار ولا جهاز."
"zayd_0030","30","Musnad al-Imam Zayd ibn Ali","Zaydi","باب المسح على الخفين (1) والجبائر:","حدثني زيد بن علي عن أبيه عن جده عن علي عليهم السلام قال كسرت احدى زندي مع رسول الله صلى الله عليه وآله فأمر رسول الله صلى الله عليه وآله فجبر فقلت يا رسول الله كيف اصنع بالوضوء قال امسح على الجبائر قلت والجنابة قال كذلك فافعل. حدثني زيد عن آبائه عليهم السلام عن علي (ع م) في الرجل تكون به القروح والجدري والجراحات قال اصبب عليه الماء صبا."
"zayd_0031","31","Musnad al-Imam Zayd ibn Ali","Zaydi","باب المسح على الخفين (1) والجبائر:","حدثني زيد بن علي عليه السلام عن آبائه عن علي عليهم السلام قال إذا كانت بالرجل قروح فاحشة لا يستطيع ان يغتسل معها فليتوضأ وضوءه للصلاة وليصب عليه الماء صبا."
"zayd_0032","32","Musnad al-Imam Zayd ibn Ali","Zaydi","باب المسح على الخفين (1) والجبائر:","حدثني زيد بن علي عليه السلام عن أبيه عن جده عن علي عليهم السلام انه اتاه رجل فقال ان اخي أو ابن اخي به جدري وقد أصابته جنابة فكيف نصنع به فقال يمموه. سألت زيدا عليه السلام عن المسافر يخاف على نفسه من الثلج هل يجوز له ان يمسح على خفيه قال نعم، هذا عذر مثل المسح على الجبائر فان استطاع الغسل لم يجزه المسح. وسألت زيدا عليه السلام عن الرجل تكون به الدماميل تسيل لا ينقطع قال يتوضأ لكل صلاة."
"zayd_0033","33","Musnad al-Imam Zayd ibn Ali","Zaydi","باب المسح على الخفين (1) والجبائر:","حدثني زيد بن علي عن أبيه عن جده عن علي عليهم السلام انه كان يقول سبق الكتاب الخفين."
"zayd_0034","34","Musnad al-Imam Zayd ibn Ali","Zaydi","باب ما يفسد الماء:","سألت زيدا عليهم السلام عن البئر تقع فيها القنبرة أو العضاوة أو العصفور، قال ان كان الماء لم يتغير نزح منه اربعون صاعا وان كان الماء قد تغير نزح الماء حتى يطيب، قلت فان وقعت فيه دجاجة أو حمامة أو سنور فماتت ولم يتغير الماء، قال ينزح منها مائة صاع من ماء، قلت فان تغير الماء، قال ينزح حتى يطيب. قال زيد بن علي عليهما السلام في البئر يقطر فيها البول أو الدم أو الخمر، قال ينزح ماؤها كله. قال زيد بن علي عليهما السلام في الغدير الكبير والبركة الواسعة ان ماءها لا ينجسه شئ، وقال في الماء الجاري لا ينجسه شئ."
"zayd_0035","35","Musnad al-Imam Zayd ibn Ali","Zaydi","باب التيمم:","حدثني زيد بن علي عن أبيه عن جده عن علي بن أبي طالب عليهم السلام، قال إذا كنت في سفر ومعك ماء وأنت تخاف العطش فتيمم واستبق الماء لنفسك ."
"zayd_0036","36","Musnad al-Imam Zayd ibn Ali","Zaydi","باب التيمم:","حدثني زيد بن علي عن أبيه عن جده عليهم السلام عن علي بن أبي طالب كرم الله وجهه، قال التيمم ضربتان ضربة للوجه وضربة للذراعين إلى المرفقين."
"zayd_0037","37","Musnad al-Imam Zayd ibn Ali","Zaydi","باب التيمم:","حدثني زيد بن علي عن أبيه عن جده عليهم السلام عن علي بن أبي طالب كرم الله وجهه، في الجنب لا يجد الماء، قال يتيمم ويصلي فإذا وجد الماء اغتسل ولم يعد الصلاة، قال: وقال زيد بن علي عليهما السلام يتيمم لكل صلاة ويصلي بكل تيمم صلاته تلك ونافلتها."
"zayd_0038","38","Musnad al-Imam Zayd ibn Ali","Zaydi","باب التيمم:","حدثني زيد بن علي عن أبيه عن جده عن علي بن أبي طالب كرم الله وجهه، قال لا يؤم المتيمم المتوضيين ولا المقيد المطلقين، قال زيد ابن علي (ع م) وكل شئ تيممت به من الارض يجزئك، وقال زيد بن علي (ع م) في المتيمم يجد الماء في الصلاة، قال يستقبل الصلاة. سألت زيدا بن علي (ع م) في رجل يكون في السفر في ردغة من طين ولم يجد الماء، قال يتيمم من غبار سرجه أو برذعة حماره أو غبار ثوبه والرجل والمرأة في التيمم سواء. سألت زيدا بن علي عليه السلام عن المرأة الحائض تطهر في السفر، قال تيمم فإذا وجدت الماء اغتسلت ولم تعد شيئا من صلاتها، وقال زيد ابن علي عليه السلام ولا بأس ان يجامع وهو في السفر فيتيمم."
"zayd_0039","39","Musnad al-Imam Zayd ibn Ali","Zaydi","باب الحيض والاستحاضة والنفاس:","حدثني زيد بن علي عن أبيه عن جده (ع م) عن علي بن أبي طالب ] كرم الله وجهه قال أتت امرأة رسول الله صلى الله عليه وسلم فزعمت انها تستفرغ الدم، فقال رسول الله صلى الله عليه وآله لعن الله الشيطان هذه ركضة من الشيطان في رحمك فلا تدعي الصلاة لها، قالت فكيف اصنع يا رسول الله، قال صلى الله عليه وآله اقعدي ايامك التي كنت تحيضين فيهن كل شهر فلا تصلين فيهن ولا تصومين ولا تدخلي مسجدا ولا تقرئي قرآنا وإذا مرت ايامك التي كنت تجلسين، تحيضين فيهن واجعلي ذلك أقصى أيامك التي كنت تحيضين فيهن فاغتسلي للفجر ثم استدخلي الكرسف واستثفري استثفار الرجل ثم صلي الفجر ثم اخرى الظهر لآخر وقت واغتسلي واستدخلي الكرسف واستثفري استثفار الرجل ثم صلي الظهر وقد دخل اول وقت العصر وصلي العصر ثم اخرى المغرب لآخر وقت ثم اغتسلي واستدخلي الكرسف واستثفري استثفار الرجل ثم صلي المغرب وقد دخل أول وقت العشاء ثم صلي العشاء، قال فولت وهي تبكي وتقول يا رسول الله لا أطيق ذلك، قال فرق لها رسول الله صلى الله عليه وآله، وقال اغتسلي لكل طهركما كنت تفعلين واجعليه، بمنزلة الجرح في جسدك كلما حدث دم احدثت طهورا ولا تتركي الكرسف والاستثفار فان طال ذلك بها فلتدخلي المسجد ولتقرئي القرآن ولتصلي الصلاة ولتقضي المناسك."
"zayd_0040","40","Musnad al-Imam Zayd ibn Ali","Zaydi","باب الحيض والاستحاضة والنفاس:","= حدثني زيد بن علي عن أبيه عن جده عن علي (ع م) قال: يقرأ الجنب والحائض الآية والآيتين ويمسان الدرهم الذي فيه اسم الله تعالى ويتناولان الشئ من المسجد. قال: سمعت زيدا بن علي عليهما السلام، يقول: اقل الحيض ثلاثة ايام وأكثره عشرة ايام."
"zayd_0041","41","Musnad al-Imam Zayd ibn Ali","Zaydi","باب الحيض والاستحاضة والنفاس:","= حدثني زيد بن علي عن ابيه (ع م) قال: كن نساؤنا الحيض يتوضأن لكل صلاة ويستقبلن القبلة ويسبحن ويكبرن نأمرهن بذلك."
"zayd_0042","42","Musnad al-Imam Zayd ibn Ali","Zaydi","باب الحيض والاستحاضة والنفاس:","= حدثني زيد بن علي عن أبيه عن جده عن علي بن أبي طالب كرم الله وجهه، ان الحائض تقضي الصوم ولا تقضي الصلاة. ] قوله: فإن طال ذلك بها من كلام الإمام زيد، أراد ان يبين حكم المستحاضة وهو دخولها المسجد وإن تعمل كلما منعت الحائض منه اه ج. وفي أمالي احمد بن عيسى عن أبي أمامة عن النبي صلى الله عليه وسلم وآله انه قال: أقل ما يكون الحيض للجارية البكر والثيب ثلاثا، واكثر ما يكون الحيض عشرة أيام فإذا زاد الدم أكثر من عشرة ايام فهي مستحاضة."
"zayd_0043","43","Musnad al-Imam Zayd ibn Ali","Zaydi","باب الحيض والاستحاضة والنفاس:","حدثني زيد بن علي عن أبيه عن جده عن علي بن أبي طالب عليهم السلام، قال: إذا طهرت الحائض قبل المغرب قضت الظهر والعصر وإذا طهرت قبل الفجر قضت المغرب والعشاء."
"zayd_0044","44","Musnad al-Imam Zayd ibn Ali","Zaydi","باب الحيض والاستحاضة والنفاس:","= حدثني زيد بن علي عن أبيه عن جده (ع م) عن علي بن أبي طالب كرم الله وجهه، قال: لما كان في ولاية عمر قدم عليه نفر من أهل الكوفة قالوا جئناك نسألك عن اشياء، نسألك عن الغسل من الجنابة وما يحل للرجل من امرأته إذا كانت حائضا، فقال: باذن جئتم أم بغير اذن قالوا: لا بل باذن، قال: لو غير ذلك قلتم لنكلتكم عقوبة ويحكم اسحرة انتم، لقد سألتموني عن اشياء ما سألني عنهن احد منذ سألت رسول الله صلى الله عليه وآله عنهن، ألست كنت شاهدا يا أبا الحسن، قال قلت بلى، فأد ما أجابني به رسول الله صلى الله عليه وآله فانك"
"zayd_0045","45","Musnad al-Imam Zayd ibn Ali","Zaydi","باب الحيض والاستحاضة والنفاس:","أحفظ لذلك مني، فقلت سألته عن الغسل من الجنابة، فقال صلى الله عليه وآله وسلم تصب الماء على يديك قبل أن تدخلهما في انائك ثم تضرب بيدك إلى مرافقك فتنقى ماثم، ثم تضرب بيديك إلى الارض ثم تصب عليها من الماء ثم تمضمض وتستنشق وتستنثر ثلاثا ثم تغسل وجهك وذراعيك ثلاثا ثلاثا وتمسح برأسك وتغسل قدميك ثم تفيض الماء على رأسك ثلاثا وتفيض الماء على جانبيك وتدلك من جسدك ما نالت يداك، وسألته مالك من امرأتك إذا كانت حائضا، قال صلى الله عليه وآله وسلم ما فوق الازار ولا تطلع على ما تحته. سألت زيدا بن علي عليه السلام عن النفاس قال ثلاثة قروء ان كانت تجلس ستا فثماني عشرة وان كانت تجلس سبعا فأحد وعشرون وان كانت تجلس عشرا فثلاثون يوما. قال زيد بن علي عليه السلام ولا يكون النفاس أكثر من اربعين يوما، قال سألت زيدا بن علي (ع م) [ عن غسل الحائض والنفساء، قال (ع م) مثل غسل الجنابة، قلت هل تنقض شعر رأسها قال (ع م) لا، سألت أم سلمة رضي الله عنها النبي صلى الله عليه وآله عن ذلك فقال صلى الله عليه وآله يكفيك ثلاث غسلات، قال زيد بن علي (ع م) في الصفرة والحمرة انها حيض، وقال زيد بن علي (ع م) لا يكون حيض على حمل ، وقال زيد بن علي (ع م) لا يحل وطأ الحائض حتى تغتسل لقوله تعالى فاعتزلوا النساء في المحيض ولا تقربوهن حتى يطهرن فإذا تطهرن فاتوهن من حيث أمركم الله، قال (ع م) من قبل القبل، قال الإمام الشهيد أبو الحسين زيد بن علي عليه السلام في الحائض تزيد أيامها ان ذلك حيض ما كان ذلك في العشر."
"zayd_0046","46","Musnad al-Imam Zayd ibn Ali","Zaydi","","حدثني علي بن محمد بن الحسن، قال: حدثني سليمان بن إبراهيم بن عبيد، قال: حدثني نصر بن مزاحم المنقري، قال: حدثني إبراهيم بن الزبرقان التيمي، قال: حدثني أبو خالد عمرو بن خالد الواسطي، قال:"
"zayd_0047","47","Musnad al-Imam Zayd ibn Ali","Zaydi","","حدثني زيد بن علي عن أبيه عن جده عليه السلام عن علي بن أبي طالب كرم الله وجهه، قال: الاذان مثنى مثنى والاقامة مثنى مثنى ويرتل في الاذان ويحدر في الاقامة."
"zayd_0048","48","Musnad al-Imam Zayd ibn Ali","Zaydi","","= حدثني زيد بن علي (ع م) عن أبيه علي بن الحسين عليهم السلام انه كان يقول في اذانه حي على خير العمل حي على خير العمل ، قال زيد ابن علي عليه السلام من أذن قبل الفجر فقد أحل ما حرم الله وحرم ما أحل الله ، وقال زيد بن علي (ع م) لا بأس أن يؤذن الرجل على غير وضوء وأكره للجنب أن يؤذن، قال عليه السلام ولا يقيم الا وهو طاهر ."
"zayd_0049","49","Musnad al-Imam Zayd ibn Ali","Zaydi","","حدثني زيد بن علي عن أبيه عن جده (ع م) عن علي بن أبي طالب كرم الله وجهه، قال: ثلاث لا يدعهن الا عاجز، رجل سمع مؤذنا ولا يقول كما يقول، ورجل لقي جنازة ولا يسلم على أهلها ويأخذ بجوانب السرير فانه إذا فعل ذلك كان له أجران، ورجل أدرك الإمام وهو ساجد لم يكبر ثم يسجد معهم ولا يعتد بها."
"zayd_0050","50","Musnad al-Imam Zayd ibn Ali","Zaydi","","حدثني زيد بن علي عن أبيه عن جده عن علي بن أبي طالب (ع م) قال: ليس على النساء أذان ولا اقامة."
"zayd_0051","51","Musnad al-Imam Zayd ibn Ali","Zaydi","","حدثني زيد بن علي عن أبيه عن جده (ع م) عن علي بن أبي طالب كرم الله وجهه انه أتاه رجل، فقال يا أمير المؤمنين والله اني لاحبك في الله، قال ولكني أبغضك في الله، قال ولم، لانك تتغنى بأذانك يعني تطربه وتأخذ على تعليم القرآن أجرا وقد سمعت رسول الله صلى الله عليه وآله يقول من أخذ على تعليم القرآن أجرا كان حظه يوم القيامة . قال زيد بن علي (ع م) الاذان في الصلوات الخمس وفي الجمعة وليس في العيدين أذان ولا إقامة ولا في الوتر أذان ولا إقامة. وقال زيد بن علي (ع م) إذا كنت في سفر فأذن الفجر وأقم لباقي الصلوات. وقال زيد بن علي (ع م) لا يجوز أذان الصبي ولا المرأة للرجال. وقال زيد [ ابن علي (ع م) إذا كنت في حضر فأذانهم يجزيك وان أذنت فهو أفضل."
"zayd_0052","52","Musnad al-Imam Zayd ibn Ali","Zaydi","","= حدثني زيد بن علي عن أبيه عن جده (ع م) عن علي بن أبي طالب كرم الله وجهه، قال: قال رسول الله صلى الله عليه وآله يأتي المؤذنون أطول الناس أعناقا يوم القيامة ينادون بشهادة أن لا إله الا الله وأن محمدا عبده ورسوله فلا يسمع المؤذنين شئ الا شهد لهم بذلك يوم القيامة ويغفر للمؤذن مد صوته وله من الاجر مثل المجاهد الشاهر سيفه في سبيل الله عزوجل."
"zayd_0053","53","Musnad al-Imam Zayd ibn Ali","Zaydi","باب أوقات الصلاة:","حدثني زيد بن علي عن أبيه عن جده (ع م) قال: نزل جبريل (ع م) على النبي صلى الله عليه وآله حين زالت الشمس فأمره أن يصلي الظهر ثم نزل عليه حين كان الفئ قامة فأمره أن يصلي العصر ثم نزل عليه حين وقع قرص الشمس فأمره أن يصلي المغرب ثم نزل عليه حين وقع الشفق فأمره أن يصلي العشاء ثم نزل عليه حين طلع الفجر فأمره أن يصلي الفجر ثم نزل عليه من الغد حين كان الفئ على قامة من الزوال فأمره أن يصلي الظهر ثم نزل عليه حين كان الفئ على قامتين من الزوال فأمره أن يصلي العصر ثم نزل عليه حين وقع القرص فأمره أن يصلي المغرب ثم نزل عليه بعد ذهاب ثلث الليل فأمره أن يصلي العشاء ثم نزل عليه [ حين أسفر الفجر فأمره ان يصلي الفجر ثم قال يا رسول الله ما بين هذين الوقتين وقت. سمعت الإمام الشهيد ابا الحسين زيد بن علي (ع م) وقد سئل عن قوله عزوجل أقم الصلاة لدلوك الشمس إلى غسق الليل وقرآن الفجر إن قرآن الفجر كان مشهودا فقال (ع م) دلوك الشمس زوالها وغسق الليل ثلثه حين يذهب البياض من أسفل السماء وقرآن الفجر إن قرآن الفجر كان مشهودا تشهده ملائكة الليل وملائكة النهار، وقال زيد بن علي (ع م) أفضل الاوقات أولها وان أخرت فلا بأس، وقال زيد بن علي (ع م) الشفق الحمرة."
"zayd_0054","54","Musnad al-Imam Zayd ibn Ali","Zaydi","باب أوقات الصلاة:","= حدثني زيد بن علي عن أبيه عن جده (ع م) عن علي بن أبي طالب كرم الله وجهه، قال: قال رسول الله صلى الله عليه وآله انه سيأتي على الناس أئمة بعدي يميتون الصلاة كميتة الابدان فإذا أدركتم ذلك فصلوا الصلاة لوقتها ولتكن صلاتكم مع القوم نافلة فان ترك الصلاة عن وقتها كفر ."
"zayd_0055","55","Musnad al-Imam Zayd ibn Ali","Zaydi","باب أوقات الصلاة:","= حدثني زيد بن علي عن أبيه عن جده (ع م) عن علي بن أبي طالب كرم الله وجهه انه سأله رجل ما افراط الصلاة، قال إذا دخل وقت الذي بعدها."
"zayd_0056","56","Musnad al-Imam Zayd ibn Ali","Zaydi","باب أوقات الصلاة:","حدثني زيد بن علي عن أبيه عن جده (ع م) عن علي بن أبي طالب كرم الله وجهه انه كان يكره الصلاة في اربع أحيان بعد صلاة الفجر حتى تطلع الشمس وترتفع وبعد صلاة العصر حتى تغيب الشمس ونصف النهار حين تزول الشمس ويوم الجمعة إذ قام الإمام على المنبر، قال زيد ابن علي (ع م) إذا فاتتك الصلاة نسيتها فذكرتها بعد العصر أو بعد الفجر، فلا تصلها حتى يخرج ذلك الوقت، وقال زيد بن علي (ع م) فيمن أدرك ركعة من العصر قبل أن تغرب الشمس ثم غربت ان ذلك يجزيه وكذلك لو أدرك ركعة من الفجر قبل أن تطلع الشمس، ثم طلعت، وقال زيد بن علي (ع م) ولا بأس أن يصلى على الجنازة بعد العصر وبعد الفجر ولا يجوز أن يصلى عليها بعد طلوعها ولا عند غروبها ولا عند قيامها."
"zayd_0057","57","Musnad al-Imam Zayd ibn Ali","Zaydi","باب التكبير في الصلاة:","= حدثني زيد بن علي عن أبيه عن جده (ع م) عن علي بن أبي طالب كرم الله وجهه انه كان يرفع يديه في التكبيرة الاولى إلى فروع اذنيه ثم لا يرفعهما حتى يقضي صلاته"
"zayd_0058","58","Musnad al-Imam Zayd ibn Ali","Zaydi","باب التكبير في الصلاة:","حدثني زيد بن علي عن أبيه عن جده (ع م) عن علي بن أبي طالب كرم الله وجهه انه كان إذا قال المؤذن قد قامت الصلاة كبر ولم ينتظر."
"zayd_0059","59","Musnad al-Imam Zayd ibn Ali","Zaydi","باب التكبير في الصلاة:","حدثني زيد بن علي عن أبيه عن جده (ع م) عن علي بن أبي طالب كرم الله وجهه انه كان يكبر في رفع وخفض، وقال زيد انه كان يكبر في كل رفع وخفض، وقال زيد بن علي (ع م) التكبيرة الاولى فريضة وباقي التكبير سنة، وقال زيد بن علي (ع م) ان سبح أو هل كان داخلا في الصلاة، وقال زيد بن علي (ع م) لا يكون الرجل داخلا في الصلاة الا بتكبير."
"zayd_0060","60","Musnad al-Imam Zayd ibn Ali","Zaydi","باب التكبير في الصلاة:","حدثني زيد بن علي عن أبيه عن جده (ع م) عن علي بن أبي طالب كرم الله وجهه، قال: قال رسول الله صلى الله عليه وآله مفتاح الصلاة الطهور وتحريمها التكبير وتحليلها التسليم، وقال زيد بن علي (ع م) إذا أدرك الإمام وهو راكع فكبر تكبيرة واحدة، يريد بها الدخول في الصلاة ثم ركع أجزاه ذلك."
"zayd_0061","61","Musnad al-Imam Zayd ibn Ali","Zaydi","باب استفتاح الصلاة:","حدثني زيد بن علي عن أبيه عن جده (ع م) عن علي أبي طالب كرم الله وجهه، انه كان إذا استفتح الصلاة، قال الله أكبر وجهت وجهي للذي فطر السموات والارض حنيفا مسلما وما أنا من المشركين ان صلاتي ونسكي ومحياي ومماتي لله رب العالمين لا شريك له وبذلك أمرت وأنا من المسلمين أعوذ بالله من الشيطان، ثم يبتدئ، ويقرأ، قال أبو خالد رضي الله عنه لما دخل زيد بن علي (ع م) الكوفة استخفى في دار عبد الله بن الزبير الاسدي فبلغ ذلك أبو حنيفة فكلم معاوية بن اسحاق السلمي ونصر بن خزيمة العبسي وسعيد بن خثيم حتى دخلوا على زيد بن علي (ع م) فقالوا هذا رجل من فقهاء الكوفة، فقال زيد بن علي (ع م) ما مفتاح الصلاة وما افتتاحها وما استفتاحها وما تحريمها وما تحليلها، قال: فقال أبو حنيفة مفتاح الصلاة الطهور وتحريمها التكبير وتحليلها التسليم وافتتاح الصلاة التكبير لان النبي صلى الله عليه وآله كان إذا افتتح الصلاة كبر ورفع يديه والاستفتاح هو سبحانك اللهم وبحمدك وتبارك اسمك وتعالى جدك ولا إله غيرك لانه روي عن النبي صلى الله عليه وآله انه كان إذا استفتح الصلاة قال ذلك فأعجب زيدا (ع م) ذلك منه."
"zayd_0062","62","Musnad al-Imam Zayd ibn Ali","Zaydi","باب القراءة في الصلاة:","حدثني زيد بن علي عن أبيه عن جده (ع م) عن علي بن أبي طالب كرم الله وجهه انه كان يعلن القراءة في الاوليين من المغرب والعشاء والفجر ويسر القراءة في الاوليين من الظهر والعصر وكان يسبح في الاخريين من الظهر والعصر والعشاء والركعة الاخيرة من المغرب."
"zayd_0063","63","Musnad al-Imam Zayd ibn Ali","Zaydi","باب القراءة في الصلاة:","حدثني زيد بن علي عن أبيه عن جده (ع م) عن علي بن أبي طالب كرم الله وجهه انه كان يجهر ببسم الله الرحمن الرحيم."
"zayd_0064","64","Musnad al-Imam Zayd ibn Ali","Zaydi","باب القراءة في الصلاة:","حدثني زيد بن علي عن أبيه عن جده عن علي (ع م) قال كل صلاة بغير قراءة فهي خداج."
"zayd_0065","65","Musnad al-Imam Zayd ibn Ali","Zaydi","باب القراءة في الصلاة:","حدثني زيد بن علي عن أبيه عن جده عن علي (ع م) قال كانوا يقرأون خلف رسول الله صلى الله عليه وآله فقال النبي صلى الله عليه وآله خلطتم علي فلا تفعلوا، قال زيد بن علي (ع م) صليت خلف أبي (ع م) المغرب فنسي فاتحة الكتاب في الركعة الاولى فقرأها في الثانية وسجد سجدة السهو."
"zayd_0066","66","Musnad al-Imam Zayd ibn Ali","Zaydi","باب القراءة في الصلاة:","= حدثني زيد بن علي (ع م) قال إذا دخل الرجل في الصلاة فنسي أن يقرأ حتى يركع فليستو قائما ثم يقرأ ثم يركع ويسجد سجدتي السهو، قال زيد بن علي (ع م) لا يفتح على الإمام في الصلاة وإن فتح عليه فالصلاة تامة، وقال زيد بن علي (ع م) المعوذتان من القرآن، وقال زيد بن علي من أسمع أذنيه فلم يخافت."
"zayd_0067","67","Musnad al-Imam Zayd ibn Ali","Zaydi","باب الركوع والسجود وما يقال في ذلك:","= حدثني زيد بن علي عن أبيه عن جده عن علي (ع م) قال نهاني رسول الله صلى الله عليه وآله أن أقرأ وأنا راكع وأنا ساجد، قال وإذا ركعت فعظم الله عزوجل وإذا سجدت فسبحه، وعن زيد بن علي (ع م) انه كان يقول في الركوع سبحان ربي العظيم وفي السجود سبحان ربى الاعلى، قال زيد بن علي (ع م) ان شئت قلت ذلك تسعا وان شئت خمسا وان شئت ثلاثا، قال وكان (ع م) إذا رفع رأسه من الركوع قال سمع الله لمن حمده ربنا ولك الحمد. حدثنى زيد بن علي عن آبائه عن علي (ع م) قال إذا صلى الرجل فليتفجج في سجوده وإذا سجدت المرأة فلتحتفز ولتجمع بين فخذيها. وقال زيد ابن علي (ع م): إذا أدرك الإمام راكعا فركع معه اعتد بالركعة، وان أدركه وهو ساجد فسجد معه لم يعتد بذلك."
"zayd_0068","68","Musnad al-Imam Zayd ibn Ali","Zaydi","باب التشهد:","قال وكان زيد بن علي (ع م) يقول في التشهد في الركعتين الاوليين بسم الله والحمد لله والاسماء الحسنى كلها لله أشهد أن لا اله الا الله وحده لا شريك له وأشهد أن محمدا عبده ورسوله ثم ينهض قال وكان زيد بن علي (ع م) ينصب رجله اليمنى ويفرش اليسرى، قال: وقال زيد بن علي (ع م) لا تجزى صلاة بغير تشهد."
"zayd_0069","69","Musnad al-Imam Zayd ibn Ali","Zaydi","باب التشهد:","= حدثني زيد بن علي عن أبيه عن جده (ع م) عن علي بن أبي طالب كرم الله وجهه انه كان إذا تشهد قال التحيات لله والصلوات الطيبات الغاديات الرائحات الطاهرات الناعمات السابغات ما طاب وطهر وزكا وخلص ونما فلله وما خبث فلغير الله أشهد أن لا اله الا الله وحده لا شريك له وأشهد أن محمدا عبده ورسوله أرسله بالحق بشيرا ونذيرا وداعيا إلى الله باذنه وسراجا منيرا أشهد أنك نعم الرب وأن محمدا نعم الرسول ثم يحمد الله ويثني عليه ويصلي على النبي صلى الله عليه وآله ثم يسلم عن يمينه وعن شماله السلام عليكم ورحمة الله السلام عليكم ورحمة الله."
"zayd_0070","70","Musnad al-Imam Zayd ibn Ali","Zaydi","باب القنوت:","حدثني زيد بن علي عن أبيه عن جده عن علي (ع م) انه كان يقنت في الفجر قبل الركوع وفي الوتر بعد الركوع ثم قنت بالكوفة في الوتر قبل الركوع وكان زيد بن علي (ع م) يقنت في الفجر والوتر قبل الركوع"
"zayd_0071","71","Musnad al-Imam Zayd ibn Ali","Zaydi","باب القنوت:","حدثني زيد بن علي عن أبيه عن جده عن علي (ع م) انه كان يقنت في الفجر بهذه الآية آمنا بالله وما أنزل الينا وما أنزل إلى إبراهيم واسماعيل واسحاق ويعقوب والاسباط وما أوتي موسى وعيسى وما أوتي النبيون من ربهم إلى آخر الآية."
"zayd_0072","72","Musnad al-Imam Zayd ibn Ali","Zaydi","باب القنوت:","= حدثني زيد بن علي عن أبيه عن جده عن علي (ع م) قال كلمات علمهن جبريل (ع م) رسول الله صلى الله عليه وآله يقولهن في قنوت الوتر، اللهم أهدني فيمن هديت وعافني فيمن عافيت وتولني فيمن توليت وبارك لي فيما أعطيت وقني شر ما قضيت انك تقضي ولا يقضى عليك وانه لا يذل من واليت ولا يعزمن عاديت تباركت ربنا وتعاليت ."
"zayd_0073","73","Musnad al-Imam Zayd ibn Ali","Zaydi","باب فضل الصلاة في جماعة:","= حدثني زيد بن علي عن أبيه عن جده عن علي (ع م) قال الصلوات الخمس كفارات لما بينهن ما اجتنبت الكبائر وهي قول الله عزوجل ان الحسنات يذهبن السيئات ذلك ذكرى للذاكرين، قال فسألناه ما الكبائر، فقال قتل النفس المؤمنة وأكل مال اليتيم وقذف المحصنة وشهادة الزور وعقوق الوالدين والفرار من الزحف واليمين الغموس ."
"zayd_0074","74","Musnad al-Imam Zayd ibn Ali","Zaydi","باب فضل الصلاة في جماعة:","حدثني زيد بن علي عن أبيه عن جده عن علي (ع م) قال: قال رسول الله صلى الله عليه وآله لا تزال امتي يكف عنها البلاء ما لم يظهروا خصالا عملا بالربا (واظهار الرشا وقطع الارحام وقطع الصلاة في جماعة وترك هذا البيت أن يؤم فإذا ترك هذا البيت أن يؤم لم يناظروا."
"zayd_0075","75","Musnad al-Imam Zayd ibn Ali","Zaydi","باب فضل الصلاة في جماعة:","حدثني زيد بن علي عن أبيه عن جده عن علي (ع م) قال: لا صلاة لجار المسجد لا يجيب إلى الصلاة إذا سمع النداء."
"zayd_0076","76","Musnad al-Imam Zayd ibn Ali","Zaydi","باب فضل الصلاة في جماعة:","حدثني زيد بن علي عن أبيه عن جده عن علي (ع م) قال: سمعت رسول الله صلى الله عليه وآله يقول تحت ظل العرش يوم لاظل الا ظله رجل خرج من بيته فأسبغ الوضوء ثم مشى إلى بيت من بيوت الله ليقضي فريضة من فرائض الله تعالى فهلك فيما بينه وبين ذلك ورجل قام في جوف الليل بعدما هدأت العيون فأسبغ الطهور ثم قام إلى بيت من بيوت الله عزوجل فهلك فيما بينه وبين ذلك."
"zayd_0077","77","Musnad al-Imam Zayd ibn Ali","Zaydi","باب فضل الصلاة في جماعة:","= حدثني زيد بن علي عن أبيه عن جده عن علي (ع م) انه غدا على أبي الدرداء فوجده متصبحا يعني نائما، فقال مالك يا أبا الدرداء قال كان مني من الليل شئ فنمت، فقال علي (ع م) أفتركت صلاة الصبح في جماعة، فقال نعم، فقال علي (ع م) يا أبا الدرداء لان اصلي الفجر وعشاء الآخرة في جماعة أحب الي من أن احيى ما بينهما أو ما سمعت رسول الله صلى الله عليه وآله يقول لو يعلمون ما فيهما لاتوهما ولو حبوا وانهما ليكفران ما بينهما."
"zayd_0078","78","Musnad al-Imam Zayd ibn Ali","Zaydi","باب فضل الصلاة في جماعة:","= حدثني زيد بن علي عن أبيه عن جده عن علي (ع م) قال: أفضل الاعمال اسباغ الطهور في السبرات ونقل الاقدام إلى الجماعات وانتظار الصلاة بعد الصلاة."
"zayd_0079","79","Musnad al-Imam Zayd ibn Ali","Zaydi","باب من يؤم الناس ومن أحق بذلك:","قال زيد بن علي (ع م) قال رسول الله صلى الله عليه وآله يؤم القوم أقرأهم لكتاب الله فان كانوا في القرآن سواء فأعلمهم بالسنة فان كانوا في السنة سواء فأكبرهم سنا . وقال زيد بن علي (ع م): لا يصلى خلف الحرورية ولا خلف المرجئة ولا القدرية ولا من نصب حربا لآل محمد، وقال وكان (ع م) يكره الصلاة خلف المكفوف والاعراب، قال وكان (ع م) يرخص في الصلاة خلف الملوك وولد الزنا إذا كان عفيفا."
"zayd_0080","80","Musnad al-Imam Zayd ibn Ali","Zaydi","باب اقامة الصفوف.","= حدثني زيد بن علي عن أبيه عن جده عن علي (ع م) قال: أفضل الصفوف أولها وهو صف الملائكة (ع م) وأفضل المقدم ميامن الإمام قال: وقال رسول الله صلى الله عليه وآله إذا قمتم إلى الصلاة فأقيموا صفوفكم والزموا عواتقكم ولا تدعوا خللا فيتخللكم الشيطان كما يتخلل اولاد الحذف ."
"zayd_0081","81","Musnad al-Imam Zayd ibn Ali","Zaydi","باب اقامة الصفوف.","= حدثني زيد بن علي عن أبيه عن جده عن علي (ع م) قال: أمنا رسول الله صلى الله عليه وآله أنا ورجل من الانصار فتقدما صلى الله عليه وآله وخلفنا خلفه فصلى بنا ثم قال إذا كان اثنان فليقم أحدهما عن يمين الآخر."
"zayd_0082","82","Musnad al-Imam Zayd ibn Ali","Zaydi","باب اقامة الصفوف.","= حدثني زيد بن علي عن أبيه عن جده عن علي (ع م) قال صلى رجل خلف الصفوف فلما انصرف رسول الله صلى الله عليه وآله قال هكذا صليت وحدك ليس معك أحد قال نعم قال صلى الله عليه وآله فأعد صلاتك ."
"zayd_0083","83","Musnad al-Imam Zayd ibn Ali","Zaydi","باب ما ينبغي ان يجتنب في الصلاة:","= حدثني زيد بن علي عن أبيه عن جده عن علي "" ع م "" قال النعاس والتثاؤب في الصلاة من الشيطان فإذا تثاءب أحدكم في صلاته فليضع يده على فيه وإذا عطس أحدكم في الصلاة فليحمد الله في نفسه."
"zayd_0084","84","Musnad al-Imam Zayd ibn Ali","Zaydi","باب ما ينبغي ان يجتنب في الصلاة:","= حدثني زيد بن علي عن أبيه عن جده عن علي "" ع م "" قال: أبصر رسول الله "" ص "" رجلا يعبث بلحيته في الصلاة فقال أما هذا فلو خشع قلبه لخشعت جوارحه ، وقال زيد بن علي "" ع م "" إذا دخلت في الصلاة فلا تلتفت يمينا وشمالا ولا تعبث بالحصى ولا تفرقع أصابعك ولا تنفض أناملك ولا تمسح جبهتك حتى تفرغ من الصلاة."
"zayd_0085","85","Musnad al-Imam Zayd ibn Ali","Zaydi","باب ما ينبغي ان يجتنب في الصلاة:","= حدثني زيد بن علي عن أبيه عن جده عن علي "" ع م "" قال: لا يقطع الصلاة شئ وادرأوا ما استطعتم."
"zayd_0086","86","Musnad al-Imam Zayd ibn Ali","Zaydi","باب الحدث في الصلاة:","= حدثني زيد بن علي عن أبيه عن جده عن علي "" ع م "" في الرجل تخرج منه الريح أو يرعف أو يذرعه القئ وهو في الصلاة فانه يتوضأ ويبني على ما مضى من صلاته فان تكلم استأنف الصلاة وان كان قد تشهد فقد تمت صلاته. قال زيد بن علي "" ع م "" هذه الثلاث يبنى عليهن وثلاث لايبنى عليهن البول والغائط والقهقهة انها تنقض الوضوء والصلاة. قال زيد بن علي "" ع م "" في الإمام يصلي بالقوم فيحدث به حدث يأخذ بيد رجل ممن خلفه فيصلي بالقوم باقي صلاتهم ويذهب هو فيتوضأ ثم يجئ فان لحق الاول الثاني صلى معه وان لم يلحقه قضى ما بقي عليه. وقال زيد بن علي "" ع م "" في الإمام يحدث فيقدم رجلا لم يدرك اول الصلاة ان الإمام الثاني يصلي بالقوم باقي صلاتهم ثم يقدم رجلا ممن أدرك اول الصلاة فيسلم بهم ويقوم فيقضي ما بقي عليه ويتوضأ الاول فيجئ ويقضي ما بقي عليه."
"zayd_0087","87","Musnad al-Imam Zayd ibn Ali","Zaydi","باب الحدث في الصلاة:","= حدثني زيد بن علي عن أبيه عن جده عن علي "" ع م "" في الرجل يتكلم في الصلاة ناسيا أو متعمدا انه تنقطع صلاته. وقال زيد بن علي "" ع م "" في الرجل يرد السلام في الصلاة ان صلاته فاسدة."
"zayd_0088","88","Musnad al-Imam Zayd ibn Ali","Zaydi","باب الحدث في الصلاة:","= حدثني زيد بن علي عن أبيه عن جده عن علي "" ع م "" قال: أقبل رسول الله "" ص "" في اول عمرة اعتمرها فأتاه رجل فسلم عليه وهو في الصلاة فلم يرد عليه فلما صلى وانصرف، وقال أين المسلم قبيل اني كنت في الصلاة وانه اتاني جبريل "" ع م "" فقال إنه امتك ان يردوا السلام وهم في الصلاة."
"zayd_0089","89","Musnad al-Imam Zayd ibn Ali","Zaydi","باب الحدث في الصلاة:","= حدثني زيد بن علي عن آبائه عن علي "" ع م "" قال: لا يبزقن أحدكم في الصلاة تلقاء وجهه ولا عن يمينه وليبزقن عن شماله أو تحت قدمه اليسرى."
"zayd_0090","90","Musnad al-Imam Zayd ibn Ali","Zaydi","باب الحدث في الصلاة:","= حدثني زيد بن علي عن أبيه عن جده عن علي (ع م) قال: التسبيح للرجال والتصفيق للنساء في الصلاة."
"zayd_0091","91","Musnad al-Imam Zayd ibn Ali","Zaydi","باب السهو في الصلاة:","= حدثني زيد بن علي عن أبيه عن جده عن علي (ع م) قال: سجدتا السهو بعد السلام وقبل الكلام تجزيان من الزيادة والنقصان."
"zayd_0092","92","Musnad al-Imam Zayd ibn Ali","Zaydi","باب السهو في الصلاة:","= حدثني زيد بن علي عن أبيه عن جده عن علي (ع م) قال: صلى بنا رسول الله صلى الله عليه وآله الظهر خمسا فقام ذو الشمالين فقال يارسول الله هل زيد في الصلاة شئ، قال وما ذاك، قال صليت بنا خمسا، قال فاستقبل القبلة فكبر وهو جالس وسجد سجدتين ليس فيهما قراءة ولا ركوع وقال هما المرغمتان ، وقال زيد بن علي عليه السلام في الرجل ينسى في موضع القيام فيجلس أو يقوم في موضع الجلوس ان عليه سجدتي السهو، وقال زيد بن علي عليهما السلام في الرجل يجهر في الصلاة التي يخافت فيها أو يخافت في الصلاة التي يجهر فيها ناسيا ان عليه سجدتي السهو وصلاته تامة، وقال زيد بن علي عليه السلام في الرجل ينسى التكبير في القيام والقعود والتسبيح في الركوع والسجود ثم يذكر ذلك في آخر الصلاة ان عليه سجدتي السهو وصلاته تامة، وقال زيد بن علي عليه السلام في الرجل يسلم في الركعتين من الظهر أو العصر أو العشاء ناسيا انه يبني ويسجد سجدتي السهو، وقال زيد بن علي عليهما السلام ان سلم على تمام في نفسه استقبل الصلاة، وقال زيد بن علي عليهما السلام في الرجل ينسى سجدة من فريضة من صلاته ثم يذكرها في الركعة الثانية أو الثالثة انه يسجدها وعليه سجدتا السهو وان لم يذكرها حتى سلم وتكلم استقبل الصلاة، وقال زيد بن علي عليهما السلام إذا نسي شيئا من سنن الصلاة ثم ذكر ذلك بعد ما سلم وتكلم ان صلاته تامة، وقال زيد بن علي عليهما السلام في سجدتي السهو يتشهد مثل التشهد في الركعتين ثم يسلم."
"zayd_0093","93","Musnad al-Imam Zayd ibn Ali","Zaydi","باب في المرأة تؤم النساء:","= حدثني زيد بن علي عن أبيه عن جده عن علي (ع م) قال: دخلت أنا ورسول الله صلى الله عليه وآله على ام سلمة رضي الله عنها فإذا نسوة في جانب البيت يصلين، فقال رسول الله صلى الله عليه وآله يا ام سلمة اي صلاة يصلين، قالت يا رسول الله المكتوبة، قال رسول الله صلى الله عليه وآله افلا اممتهن، قالت يا رسول الله أو يصلح ذلك، قال صلى الله عليه وآله نعم تقومين وسطهن لاهن أمامك ولا خلفك وليكن عن يمينك وعن شمالك. قال زيد بن علي (ع م) لا يؤم الرجل النساء ليس معه رجل أرأيت ان احدث كيف يصنع، قال زيد بن علي (ع م) ليس على النساء أذان ولا إقامة ولا صلاة في جماعة."
"zayd_0094","94","Musnad al-Imam Zayd ibn Ali","Zaydi","باب إذا فسدت صلاة الإمام فسدت صلاة من خلفه:","= حدثني زيد بن علي عن أبيه عن جده عن علي (ع م) قال: صلى عمر بالناس الفجر فلما قضى الصلاة أقبل عليهم فقال ايها الناس ان عمر صلى بكم وهو جنب، قال: فقال الناس فما ترى يا امير المؤمنين، فقال علي الاعادة ولا اعادة عليكم، فقال علي (ع م) بل عليك وعليكم الاعادة الا ترى ان القوم يأتمون بامامهم يدخلون بدخوله ويخرجون بخروجه ويركعون بركوعه ويسجدون بسجوده فان دخل عليه سهو دخل على من خلفه، قال فأخذ قوم بقول علي وأخذ قوم بقول عمر."
"zayd_0095","95","Musnad al-Imam Zayd ibn Ali","Zaydi","باب إذا فسدت صلاة الإمام فسدت صلاة من خلفه:","= حدثني زيد بن علي عن أبيه عن جده عن علي "" ع م "" قال: إذا فسدت صلاة الإمام فسدت صلاة من خلفه. سألت زيد بن علي "" ع م "" عن الإمام يسهو في صلاته، قال عليه السلام يجب عليه وعلى من خلفه يسجدوا السهو، قلت وان سهى من خلف الإمام ولم يسه الإمام قال ليس على من خلف الإمام سهو."
"zayd_0096","96","Musnad al-Imam Zayd ibn Ali","Zaydi","باب الرجل يدرك مع الإمام بعض الصلاة:","= حدثني زيد بن علي عن أبيه عن جده عن علي عليهم السلام، قال عليه السلام إذا أدركت الإمام وهو راكع وركعت معه فاعتد بتلك الركعة وإذا أدركته وهو ساجد وسجدت معه فلا تعتد بتلك الركعة."
"zayd_0097","97","Musnad al-Imam Zayd ibn Ali","Zaydi","باب الرجل يدرك مع الإمام بعض الصلاة:","= حدثني زيد بن علي عن أبيه عن جده عن علي "" ع م "" قال اجعل ما أدركت مع الإمام اول صلاتك، سألت زيدا بن على عليه السلام عن تفسير ذلك فقال: إذا أدركت مع الإمام ركعة من الصلاة وهو في الظهر أو العصر أو المغرب أو العشاء فأضف إليها اخرى ثم تشهد وهي الثانية لك واقرأ فيها ما فاتك كما كان يجب على الإمام ان يقرأ. سألت زيدا بن علي عليه السلام عن الرجل يدرك مع الإمام ركعة وعلى الإمام سجود السهو. فقال عليه السلام يسجد معه ولا يسلم فإذا سلم الإمام من سجدتي السهو قام هو فقضى ما سبقه به الامام."
"zayd_0098","98","Musnad al-Imam Zayd ibn Ali","Zaydi","باب الرجل تفوته الصلاة:","= حدثني زيد بن علي عن أبيه عن جده عن علي عليهم السلام انه أتاه رجلان فسلما عليه وهو في المسجد. فقال (ع م) أصليتما قالا لا، قال ولكنا قد صلينا فتنحيا فصلينا وليؤم احدكما صاحبه ولا أذان عليكما ولا إقامة ولا تطوع حتى تبدأ بالمكتوبة."
"zayd_0099","99","Musnad al-Imam Zayd ibn Ali","Zaydi","باب الرجل تفوته الصلاة:","= حدثني زيد بن علي عن أبيه عن جده عن علي (ع م) قال: إذا صليت المغرب ثم حضرت ايضا مع قوم فلم تستطع الا ان تصلي معهم فصل معهم فإذا سلم امامهم فقم قبل ان تتكلم فاشفع بركعة وسجدتين وسلم."
"zayd_0100","100","Musnad al-Imam Zayd ibn Ali","Zaydi","باب الرجل تفوته الصلاة:","= حدثني زيد بن علي (ع م) إذا صليت الظهر في منزلك أو العشاء ثم لحقتها في جماعة فصل معهم والاولى هي الفريضة والاخرى نافلة وإذا كانت الفجر أو العصر أو المغرب فلا تدخل مع القوم. ="
"zayd_0101","101","Musnad al-Imam Zayd ibn Ali","Zaydi","باب إذا سلم الإمام اين ينبغي له ان يتطوع:","= حدثني زيد بن علي عن أبيه عن جده عن علي (ع م) انه كان يكره ان يتطوع الإمام في الموضع الذي يصلي بالناس فيه حتى يتنحى أو يرجع إلى بيته ."
"zayd_0102","102","Musnad al-Imam Zayd ibn Ali","Zaydi","باب إذا سلم الإمام اين ينبغي له ان يتطوع:","= حدثني زيد بن علي عن أبيه عن جده عن علي (ع م) في الرجل يهم في صلاته فلا يدري أصلى ثلاثا ام اربعا فليتم على الثلاث فان الله تعالى لا يعذب بما زاد من الصلاة ."
"zayd_0103","103","Musnad al-Imam Zayd ibn Ali","Zaydi","باب صلاة التطوع:","= حدثني زيد بن علي عن أبيه عن جده عن علي (ع م) قال: صلاة الاوابين ثماني ركعات عند الزوال قبل الظهر. حدثنى زيد بن علي عن أبيه عن جده عن علي (ع م) قال: لاتدعن صلاة ركعتين بعد المغرب لا في سفر ولا في حضر فانها قول الله عزوجل وأدبار السجود ولا تدعن صلاة ركعتين بعد طلوع الفجر قبل ان تصلي الفريضة في سفر ولا حضر فهي قوله عز اسمه وجل ذكره وادبار النجوم، سألت زيدا بن علي (ع م) فقلت صليت ركعة قبل طلوع الفجر وركعة بعد طلوع الفجر، فقال (ع م) أعدهما فانهما بعد طلوع الفجر."
"zayd_0104","104","Musnad al-Imam Zayd ibn Ali","Zaydi","باب صلاة التطوع:","= حدثني زيد بن علي عن آبائه عن علي (ع م) انه كان لا يصليهما حتى يطلع الفجر وكان يقرأ فيهما بقل يا ايها الكافرون وقل هو الله احد ."
"zayd_0105","105","Musnad al-Imam Zayd ibn Ali","Zaydi","باب صلاة الضحى (2):","= حدثني زيد بن علي عن أبيه عن جده عن علي (ع م) قال: ما صلى رسول الله صلى الله عليه وآله الضحى الا يوم فتح مكة فانه "" ص "" صلاها يومئذ ركعتين وقال "" ص "" استأذنت ربي في فتح مكة فأذن لي فيها ساعة من نهار ثم أقفلها ولم يحلها لاحد قبلي ولا يحلها لاحد بعدي فهدي حرام ما دامت السموات والارض."
"zayd_0106","106","Musnad al-Imam Zayd ibn Ali","Zaydi","باب صلاة الليل:","= حدثني زيد بن علي عن أبيه عن جده عن علي قال: لما كان في ولاية عمر سئل عن تهجد الرجل في بيته وتلاوة القرآن ما هو له، فقال يا أبا الحسن ألست شاهدي حين سألت رسول الله "" ص "" فقلت بلي قال فأد ما أجابني رسول الله "" ص "" فانك أحفظ لذلك مني فقلت: قال رسول الله "" ص "" التهجد هو نور تنور به بيتك."
"zayd_0107","107","Musnad al-Imam Zayd ibn Ali","Zaydi","باب صلاة الليل:","= حدثني زيد بن علي عن أبيه عن جده عن علي "" ع م "" قال: ركعتان في ثلث الليل الاخير أفضل تمن الدنيا وما فيها."
"zayd_0108","108","Musnad al-Imam Zayd ibn Ali","Zaydi","باب صلاة الليل:","= حدثني زيد بن علي عن أبيه عن جده عن علي "" ع م "" قال من صلى من الليل ثماني ركعات فتح الله له ثمانية أبواب من الجنان يدخل من ايها شاء."
"zayd_0109","109","Musnad al-Imam Zayd ibn Ali","Zaydi","باب صلاة الخمسين:","قال: حدثني مولانا زيد بن علي "" ع م "" كان أبي علي بن الحسين "" ع م "" لا يفرط في صلاة خمسين ركعة في يوم وليلة ولقد كان ربما صلى في اليوم والليلة الف ركعة، قلت وكيف صلاة الخمسين ركعة قال "" ع م "" سبعة عشر ركعة الفرائض وثمان قبل الظهر وأربع بعدها وأربع قبل العصر وأربع بعد المغرب وثمان صلاة السحر وثلاث الوتر وركعتا الفجر، قال "" ع م "" وكان علي بن الحسين "" ع م "" يعلمها اولاده."
"zayd_0110","110","Musnad al-Imam Zayd ibn Ali","Zaydi","باب صلاة الوتر (1):","= حدثني زيد بن علي عن أبيه عن جده عن علي "" ع م "" قال: الوتر سنة وليس هو حتم كالفريضة."
"zayd_0111","111","Musnad al-Imam Zayd ibn Ali","Zaydi","باب صلاة الوتر (1):","= حدثني زيد بن علي عن آبائه عليهم السلام عن علي عليه السلام انه قال: كان رسول الله صلى الله عليه وآله يوتر بثلاث ركعات لا يسلم الا في آخرهن يقرأ في الاولى سبح باسم ربك الاعلى وفي الثانية قل يا ايها الكافرون وفي الثالثة قل هو الله احد والمعوذتين وقال: انما نوتر بسورة الاخلاص إذا خفنا الصبح فنبادره."
"zayd_0112","112","Musnad al-Imam Zayd ibn Ali","Zaydi","باب صلاة الوتر (1):","= حدثني زيد بن علي عن آبائه عن علي "" ع م "" قال: من كل الليل قد اوتر رسول الله "" ص "" ثم انتهى وتره إلى السحر."
"zayd_0113","113","Musnad al-Imam Zayd ibn Ali","Zaydi","باب صلاة الوتر (1):","= حدثني زيد بن علي عن أبيه عن جده عن علي "" ع م "" قال: اتى رجل فقال ان أبا موسى الاشعري يزعم انه لا وتر بعد الفجر فقال (ع م) لقد أغرق في النزع وأفرط في الفتوى الوتر ما بين الآذانين، قال فسألت زيدا بن علي (ع م) عما بين الآذانين فقال بين صلاة العشاء إلى صلاة الفجر إلى الاقامة، قال (ع م) والوتر ليس بحتم ولا ينبغي للعبد أن يتعمد تركه ومن رأى انه يفرغ من وتره ومن ركعتي الفجر ومن الفجر قبل طلوع الشمس فليفعل وليبدأ بالوتر، سألت زيدا بن علي (ع م) عن الرجل ينام عن وتره أو ينساه، قال زيد (ع م) يوتر من النهار، وقال زيد بن علي (ع م) ربما أوترت ضحى."
"zayd_0114","114","Musnad al-Imam Zayd ibn Ali","Zaydi","باب دعاء الوتر:","= حدثني زيد بن علي عن أبيه عن جده عن علي (ع م) انه كان يقنت بالمدينة بعد الركوع ثم قنت بالكوفة وهو يحارب معاوية قبل الركوع وكان يدعو في قنوته على معاوية وأشياعه."
"zayd_0115","115","Musnad al-Imam Zayd ibn Ali","Zaydi","باب دعاء الوتر:","= حدثني زيد بن علي عن أبيه عن جده عن علي (ع م) انه كان يقنت في الوتر قبل الركوع فيقول اللهم اليك رفعت الابصار وبسطت الايدي وأفضت القلوب دعيت بالالسن وتحوكم اليك في الاعمال اللهم افتح بيننا وبين قومنا بالحق وانت خير الفاتحين نشكو اليك غيبة نبينا صلى الله عليه وآله وكثرة عدونا وقلة عددنا وتظاهر الفتن وشدة الزمن اللهم فأغثنا بفتح تعجله ونصر تعز به وليك ولسان الحق اله الحق آمين رب العالمين."
"zayd_0116","116","Musnad al-Imam Zayd ibn Ali","Zaydi","باب صلاة الليل كم هي:","= حدثني زيد بن علي عن أبيه عن جده عن علي (ع م) قال: صلاة الليل مثنى مثنى وصلاة النهار ان شئت اربعا وان شئت مثنى."
"zayd_0117","117","Musnad al-Imam Zayd ibn Ali","Zaydi","باب الرجل ينام عن الصلاة أو ينساها:","= حدثني زيد بن علي عن أبيه عن جده عن علي (ع م) قال: كنا مع رسول الله صلى الله عليه وآله في سفر فلما نزلنا قال رسول الله صلى الله عليه وآله من يكلؤنا الليلة فقال بلال أنا يارسول الله، قال فبات بلال مرة قائما ومرة جالسا حتى إذا كان قبل الفجر غلبته عيناه فنام فلم يستيقظ رسول الله صلى الله عليه وآله الا بحر الشمس فأمر رسول الله صلى الله عليه وآله الناس فتوضأ واو أمر بلالا فأذن ثم صلى ركعتين ثم أمر بلالا ثم صلى بهم الفجر، قال سألت زيدا بن علي (ع م) عن الرجل ينسى الظهر ثم يذكرها في وقت العصر، قال ان كان في اول الوقت بدأ بالظهر ثم بالعصر وان كان في آخر الوقت بدأ بالعصر، قال (ع م) ولا تجزى صلاة وعليه صلاة اخرى الا في آخر وقتها. قال زيد بن علي (ع م) فان هو لم يعلم حتى قضى العصر ثم علم أعاد الظهر ولم يعد العصر."
"zayd_0118","118","Musnad al-Imam Zayd ibn Ali","Zaydi","باب ما يقطع الصلاة والمواطن التي يصلى فيها وما يجزي من","الثياب للصلاة:"
"zayd_0119","119","Musnad al-Imam Zayd ibn Ali","Zaydi","باب ما يقطع الصلاة والمواطن التي يصلى فيها وما يجزي من","= حدثني زيد بن علي عن أبيه عن جده عن علي (ع م) قال: كانت لرسول الله صلى الله عليه وآله عنزة يتوكأ عليها ويغرزها بين يديه إذا صلى فصلى ذات يوم فمر بين يديه كلب ثم حمار ثم مرت امرأة فلما انصرف صلى الله عليه وآله قال قد رأيت الذي رأيتم ليس يقطع صلاة المسلم شئ ولكن ادرأوا ما استطعتم."
"zayd_0120","120","Musnad al-Imam Zayd ibn Ali","Zaydi","باب ما يقطع الصلاة والمواطن التي يصلى فيها وما يجزي من","= حدثني زيد بن علي عن أبيه عن جده عن علي (ع م) ان راعيا سأل النبي صلى الله عليه وآله فقال اصلي في أعطان الابل قال لا فأصلي في مرابض الغنم، قال نعم. قال زيد بن علي لا بأس بالصلاة على البساط والمسوح،"
"zayd_0121","121","Musnad al-Imam Zayd ibn Ali","Zaydi","باب ما يقطع الصلاة والمواطن التي يصلى فيها وما يجزي من","وقال زيد بن علي (ع م) أدنى ما يصلي فيه الرجل ثوبه وأدنى ما تصلى فيه المرأة قميص وخمار، وقال زيد بن علي (ع م) والامة تصلي بغير خمار."
"zayd_0122","122","Musnad al-Imam Zayd ibn Ali","Zaydi","باب صلاة المريض والمغمى عليه وصلاة العريان:","حدثني زيد عن أبيه عن جده عن علي (ع م) قال: أتى رسول الله صلى الله عليه وآله فقيل له ان عبد الله بن رواحة رضي الله عنه ثقيل فأتاه وهو مغمى عليه قال فقال عبد الله بن رواحة يارسول الله اغمي علي ثلاثة أيام فكيف أصنع بالصلاة، قال صلى الله عليه وآله صل صلاة يومك الذي أفقت فيه فانه يجزيك. قال زيد عليه السلام في المغمى عليه ان أغمي عليه أقل من ثلاثة أيام أعاد جميع ذلك وان أغمي عليه ثلاثة أيام أو أكثر أعاد الصلاة التي تضيق في وقتها فان أفاق قبل المغرب أعاد الظهر والعصر وان أفاق قبل الفجر أعاد المغرب والعشاء وهذا تفسير قول النبي صلى الله عليه وآله لعبدالله بن رواحة رضي الله عنه أعد صلاة يومك."
"zayd_0123","123","Musnad al-Imam Zayd ibn Ali","Zaydi","باب صلاة المريض والمغمى عليه وصلاة العريان:","= حدثني زيد بن علي عن أبيه عن جده عن علي عليه السلام. قال: دخل رسول الله صلى الله عليه وآله على رجل من الانصار وقد شبكته الريح، فقال يارسول الله كيف اصلي، فقال ان استطعتم أن تجلسوه فأجلسوه والا فوجهوه إلى القبلة ومروه أن يومئ إيماء ويجعل السجود أخفض من الركوع وان كان لا يستطيع القرآن فاقرؤا عنده واسمعوه، وقال زيد بن علي عليه السلام يصلي المريض قائما فان لم يستطع فجالسا ويركع ويسجد على الارض فان لم يستطع أومأ ايماء، قال لا يسجد على عود ولامروحة ولا وسادة، وقال زيد بن علي عليه السلام لا يصلي القائم خلف المريض الذي يصلي جالسا. حدثنى زيد بن علي عن أبيه عن جده عن علي عليه السلام في العريان قال: ان كان حيث يراه أحد صلى جالسا يومئ إيماء وإن كان حيث لا يراه أحد من الناس صلى قائما. حدثني زيد عن أبيه عن جده عن علي عليهم السلام، قال: دخل رسول الله صلى الله عليه وآله على مريض يعوده فاذاهو جالس معه عود يسجد عليه، قال فنزعه رسول الله صلى الله عليه وآله من يده وقال لا تعد ولكن اوم ايماء ويكون سجودك أخفض من ركوعك."
"zayd_0124","124","Musnad al-Imam Zayd ibn Ali","Zaydi","باب صلاة الجمعة (1)","= حدثني زيد بن علي عن أبيه عن جده عن علي (ع م) انه كان يصلي الجمعة والناس فريقان فريق يقول قد زالت الشمس وفريق يقول لم تزل وكان هو (ع م) اعلم."
"zayd_0125","125","Musnad al-Imam Zayd ibn Ali","Zaydi","باب صلاة الجمعة (1)","= حدثني زيد بن علي عن أبيه عن جده عن علي عن النبي صلى الله عليه وآله انه كان يخطب قبل الجمعة خطبتين يجلس بينهما جلسة خفيفة."
"zayd_0126","126","Musnad al-Imam Zayd ibn Ali","Zaydi","باب صلاة الجمعة (1)","= حدثني زيد بن علي عن أبيه عن جده عن علي (ع م) قال: كان رسول الله صلى الله عليه وآله يقرأ في الفجر يوم الجمعة تنزيل السجدة ثم يسجد ويكبر إذا سجد وإذا رفع رأسه وفي الثانية قرأ بهل اتى على الانسان حين من الدهر."
"zayd_0127","127","Musnad al-Imam Zayd ibn Ali","Zaydi","باب صلاة الجمعة (1)","= حدثني زيد بن علي عن أبيه عن جده عن علي (ع م) انه كان يصلي بعد الجمعة ركعتين ثم اربعا ثم يرجع فيقيل. قال زيد بن علي (ع م) الاذان يوم الجمعة إذا صعد الإمام على المنبر وإذا نزل اقام المؤذن، قال زيد بن علي (ع م) ويجهر الإمام يوم الجمعة بالقراءة ولا يقنت، وقال زيد بن علي (ع م) لا تجب الجمعة الا على اهل الامصار ومن كان خارج المصر لم يجب عليه الحضور فان كان يسمع النداء وجب عليه الحضور والا لم يجب عليه. قال زيد بن علي (ع م) ولا تجب الجمعة على عبد ولا على مريض ولا على امرأة ولا على مسافر."
"zayd_0128","128","Musnad al-Imam Zayd ibn Ali","Zaydi","باب صلاة العيدين:","= حدثني زيد بن علي عن أبيه عن جده عن علي (ع م) انه كان يصلي بالناس في الفطر والاضحى ركعتين يبدأ ثم يكبر ثم يقرأ ثم يكبر خمسا ثم يكبر اخرى فيركع بها ثم يقوم في الثانية فيقرأ ثم يكبر اربعا ثم يكبر اخرى فيركع بها فذلك اثنتي عشرة تكبيرة وكان يجهر بالقراءة وكان لا يصلي قبلها ولا بعدها شيئا."
"zayd_0129","129","Musnad al-Imam Zayd ibn Ali","Zaydi","باب صلاة العيدين:","= حدثني زيد بن علي عن أبيه عن جده عن علي عليهم السلام انه كان يخطب في العيدين خطبتين بعد الصلاة."
"zayd_0130","130","Musnad al-Imam Zayd ibn Ali","Zaydi","باب صلاة العيدين:","= حدثني زيد بن علي عن أبيه عن جده عن علي عليهم السلام انه اجتمع عيدان في يوم فصلى بالناس في الجبانة ثم قال بعد خطبته انا مجمعون بعد الزوال فمن أحب أن يحضر فذلك فضل الله يؤتيه من يشاء ومن ترك ذلك فلا حرج عليه، قال زيد بن علي (ع م) إذا فاتك الإمام في صلاة العيدين والجمعة فصل اربعا. قال زيد بن علي (ع م) فيمن أدرك الإمام راكعا يوم الجمعة ويوم العيد في صلاة العيد قبل أن يركع في الثانية انه يصلي ركعتي وان أدركه بعدما رفع رأسه من الركوع انه يصلي اربعا."
"zayd_0131","131","Musnad al-Imam Zayd ibn Ali","Zaydi","باب صلاة العيدين:","= حدثني زيد بن علي عن أبيه عن جده عن علي (ع م) ان اناسا من اهل الكوفة شكوا إليه الضعف فأمر رجلا ان يصلي بهم في المسجد وصلى هو بالناس في الجبانة وقال لهم لولا السنة لصليت في المسجد."
"zayd_0132","132","Musnad al-Imam Zayd ibn Ali","Zaydi","باب التكبير في ايام التشريق:","= حدثني زيد بن علي عن أبيه عن جده عن علي (ع م) انه قال: لا جمعة ولا تشريق الا في مصر جامع."
"zayd_0133","133","Musnad al-Imam Zayd ibn Ali","Zaydi","باب التكبير في ايام التشريق:","= حدثني زيد بن علي عن أبيه عن جده عن علي (ع م) ان النبي صلى الله عليه وآله قال له يا علي كبر في دبر صلاة الفجر يوم عرفة إلى آخر ايام التشريق إلى صلاة العصر ."
"zayd_0134","134","Musnad al-Imam Zayd ibn Ali","Zaydi","باب التكبير في ايام التشريق:","= حدثني زيد بن علي عن أبيه عن جده عن علي (ع م) قال التكبير الله اكبر الله اكبر لا اله الا الله والله اكبر الله اكبر ولله الحمد. وقال زيد ابن علي (ع م) والتكبير يجب على الرجال والنساء من اهل الحضر واهل السفر ومن صلى في جماعة ومن صلى وحده في دبر كل صلاة فريضة وفي دبر صلاة الجمعة ولا يكبر في دبر العيدين ولا في النوافل."
"zayd_0135","135","Musnad al-Imam Zayd ibn Ali","Zaydi","باب الصلاة في السفر:","= حدثني زيد بن علي عن أبيه عن جده عن علي (ع م) انه قال: إذا سافرت فصل الصلاة كلها ركعتين ركعتين الا المغرب فانها ثلاث."
"zayd_0136","136","Musnad al-Imam Zayd ibn Ali","Zaydi","باب الصلاة في السفر:","= حدثني زيد بن علي عن أبيه عن جده عن علي (ع م) انه قال: إذا قدمت بلدا فأزمعت على اقامة عشر فأتم، قال زيد بن علي (ع م) ولا تقصر الصلاة الا في مسيرة ثلاث فإذا خرجت من بيتك تريد سفر ثلاثة ايام أو اكثر من ذلك فاقصر حين تجاوز أبيات اهلك وبلدك. حدثنى زيد بن علي عن أبيه عن جده عن علي (ع م) عن رسول الله صلى الله عليه وآله انه صلى بمكة ركعتين ركعتين حتى رجع."
"zayd_0137","137","Musnad al-Imam Zayd ibn Ali","Zaydi","باب الصلاة في السفر:","= حدثني زيد بن علي عن أبيه عن جده عن علي (ع م) ان النبي صلى الله عليه وآله كان يتطوع على بعيرة في سفره حيث توجه به بعيره يومئ ايماء ويجعل سجوده أخفض من ركوعه وكان لا يصلي الفريضة ولا الوتر الا إذا نزل قال زيد بن علي عليه السلام إذا دخل المقيم في صلاة المسافر فسلم المسافر قام المقيم فأتم وإذا دخل المسافر في صلاة المقيم صلى بصلاته."
"zayd_0138","138","Musnad al-Imam Zayd ibn Ali","Zaydi","باب الصلاة في السفينة:","حدثنى زيد بن علي عن أبيه عن جده عن علي (ع م) قال: إذا كنت في سفينة وكانت تسير فصل وانت جالس وان كانت واقفة فصل وانت قائم."
"zayd_0139","139","Musnad al-Imam Zayd ibn Ali","Zaydi","باب السجود في القرآن:","حدثنى زيد بن علي عن أبيه عن جده عن علي (ع م) قال: عزائم سجود القرآن أربع ألم تنزيل السجدة وحم السجدة والنجم واقرأ باسم ربك الذي خلق. قال (ع م) وسائر ما في القرآن فان شئت فاسجد"
"zayd_0140","140","Musnad al-Imam Zayd ibn Ali","Zaydi","باب السجود في القرآن:","وان شئت فاترك وسألت زيدا بن علي عليه السلام عن الرجل يقرأ السجدة في المجلس مرارا، قال (ع م) سجدة واحدة تجزئه، وقال زيد ابن علي (ع م) إذا كانت السجدة في آخر السورة فاركع بها وان كانت في وسط السورة فلابد من ان تسجد. سألت زيدا بن علي (ع م) عن الرجل يسمع السجدة من الذمي أو المرأة أو الصبي، قال عليه السلام يسجد."
"zayd_0141","141","Musnad al-Imam Zayd ibn Ali","Zaydi","باب صلاة الكسوف والاستسقاء:","= حدثني زيد بن علي عن أبيه عن جده عن علي (ع م) قال: سألت رسول الله صلى الله عليه وآله عن أفضل ما يكون من العمل في كسوف الشمس والقمر فقال رسول الله صلى الله عليه وآله الصلاة وقراءة القرآن."
"zayd_0142","142","Musnad al-Imam Zayd ibn Ali","Zaydi","باب صلاة الكسوف والاستسقاء:","= حدثني زيد بن علي عن أبيه عن جده عن علي (ع م) انه كان إذا صلى بالناس صلاة الكسوف بدأ فكبر ثم قرأ الحمد وسورة من القرآن يجهر بالقراءة ليلا كان أو نهارا ثم يركع نحوا مما قرأ ثم يرفع رأسه من الركوع فيكبر حتى يفعل ذلك خمس مرات فإذا رفع رأسه من الركوع الخامس، قال سمع الله لمن حمده فإذا قام لم يقرأ ثم يكبر فيسجد سجدتين ثم يرفع رأسه فيفعل في الثانية كما فعل في الاولى يكبر كلما رفع رأسه من الركوع في الاربع ويقول سمع الله لمن حمده في الخامسة ولا يقرأ بعد الركوع الخامس."
"zayd_0143","143","Musnad al-Imam Zayd ibn Ali","Zaydi","باب صلاة الكسوف والاستسقاء:","= حدثني زيد بن علي عن أبيه عن جده عن علي (ع م) انه كان إذا صلى بالناس في الاستسقاء صلى مثل صلاة العيدين وكان يأمر المؤذنين حملة القرآن والصبيان ان يخرجوا أمامهم ثم يصلي بالناس مثل صلاة العيد ثم يخطب ويقلب رداءه ويستفر الله تعالى مائة مرة يرفع بذلك صوته."
"zayd_0144","144","Musnad al-Imam Zayd ibn Ali","Zaydi","باب صلاة الخوف:","= حدثني زيد بن علي عن أبيه عن جده عن علي عليهم السلام انه قال في صلاة الخوف يقسم الإمام أصحابه طائفتين فتقوم طائفة موازية للعدو ويأخذون أسلحتهم ويصلي بالطائفة التى معه ركعة وسجدتين فإذا رفع الإمام رأسه من السجدة الثانية فليكونوا من ورائهم ولتأت طائفة أخرى لم يصلوا فليصلوا معه ونكص هؤلاء فقاموا مقام أصحابهم فيصلي بالطائفة الثانية ركعة وسجدتين ثم يسلم فيقوم هؤلاء فيقضون ركعة وسجدتين ثم يسلمون ثم يقفون في موقف أصحابهم ويجئ من كان بازاء العدو فيصلون ركعة وسجدتين ويسلمون."
"zayd_0145","145","Musnad al-Imam Zayd ibn Ali","Zaydi","باب صلاة الخوف:","= حدثني زيد بن علي عن أبيه عن جده عن علي (ع م) في صلاة الخوف في المغرب قال: يصلى بالطائفة الاولى ركعتين وبالطائفة الثانية ركعة وتقضي الطائفة الاولى ركعة والطائفة الثانية ركعتين. حدثني زيد بن عن أبيه عن جده عن علي (ع م) في صلاة المقيم صلاة الخوف قال: يصلى بالطائفة الاولى ركعتين وبالطائفة الثانية ركعتين وتقضي كل طائفة ركعتين."
"zayd_0146","146","Musnad al-Imam Zayd ibn Ali","Zaydi","باب فضل المسجد:","= حدثني زيد بن علي عن أبيه عن جده عن علي (ع م) قال: أمر رسول الله صلى الله عليه وآله ان تبنى المساجد وان تطيب وتطهر وان تجعل على أبوابها المطاهر وقال رسول الله صلى الله عليه وآله من بنى مسجدا لله بنى الله له بيتا في الجنة."
"zayd_0147","147","Musnad al-Imam Zayd ibn Ali","Zaydi","باب فضل المسجد:","= حدثني زيد بن علي عن أبيه عن جده عن علي (ع م) انه كان إذا دخل المسجد قال: بسم الله وبالله السلام عليك ايها النبي ورحمة الله وبركاته السلام علينا وعلى عباد الله الصالحين السلام عليكم ورحمة الله وبركاته."
"zayd_0148","148","Musnad al-Imam Zayd ibn Ali","Zaydi","باب فضل المسجد:","= حدثني زيد بن علي عن أبيه عن جده عن علي بن أبي طالب (ع م) قال: دخل رجل وقد أكل الثوم المسجد فقال رسول الله صلى الله عليه وآله من أكل من هذه البقلة فلا يقربن مسجدنا."
"zayd_0149","149","Musnad al-Imam Zayd ibn Ali","Zaydi","باب في فضل الصلاة (1) على النبي صلى الله وسلم عليه وعلى آله","الطاهرين: = حدثني زيد بن علي عن أبيه عن جده عن علي (ع م) قال: قال رسول الله صلى الله عليه وآله من صلى علي صلاة صلى الله عليه بها عشر صلوات ومحى عنه عشر سيئات وأثبت له عشر حسنات واستبق ملكاه الموكلان به أيهما يبلغ روحي منه السلام قال: وقال رسول الله صلى الله عليه وآله أكثروا من الصلاة علي يوم الجمعة فانه يوم تضاعف فيه الاعمال واسألوا الله تعالى لي الدرجة الوسيلة من الجنة، قيل يارسول الله وما الدرجة الوسيلة من الجنة، قال صلى الله عليه وآله هي أعلى درجة في الجنة لا ينالها الا نبي وأرجو ان أكون انا هو صلى الله عليه وآله."
"zayd_0150","150","Musnad al-Imam Zayd ibn Ali","Zaydi","باب التسبيح والدعاء:","= حدثني زيد بن علي عن أبيه عن جده عن علي (ع م) قال: قال رسول الله صلى الله عليه وآله مامن مؤمن يدعو بدعوة الا استجيب له فان لم يعطها في الدنيا اعطيها في الآخرة."
"zayd_0151","151","Musnad al-Imam Zayd ibn Ali","Zaydi","باب التسبيح والدعاء:","= حدثني زيد بن علي عن أبيه عن جده عن علي (ع م) قال: اربعة لاترد لهم دعوة الإمام العادل والوالد لولده والمظلوم والرجل يدعو لاخيه بظهر الغيب."
"zayd_0152","152","Musnad al-Imam Zayd ibn Ali","Zaydi","باب التسبيح والدعاء:","= حدثني زيد بن علي عن أبيه عن جده عن علي "" ع م "" انه قال: الدعاء سلاح المؤمن."
"zayd_0153","153","Musnad al-Imam Zayd ibn Ali","Zaydi","باب التسبيح والدعاء:","= حدثني زيد بن علي عن أبيه عن علي بن الحسين "" ع م "" انه كان يستغفر الله تعالى في قتوت الوتر سبعين مرة ثم قرأ والمستغفرين بالاسحار."
"zayd_0154","154","Musnad al-Imam Zayd ibn Ali","Zaydi","باب التسبيح والدعاء:","= حدثني زيد بن علي عن أبيه عن جده عن علي "" ع م "" ان النبي "" ص "" دخل على بعض أزواجه وعندها نوى العجوة تسبح به فقال "" ص "" ما هذا فقالت أسبح عدد هذا كل يوم، فقال "" ص "" لقد قلت في مقامي هذا أكثر من كل شئ سبحت به في أيامك كلها، قالت وما هو يا رسول الله، قال قلت سبحانك اللهم عدد ما أحصى كتابك وسبحانك زنة عرشك ومنتهى رضا نفسك."
"zayd_0155","155","Musnad al-Imam Zayd ibn Ali","Zaydi","باب التسبيح والدعاء:","= حدثني زيد بن علي عن أبيه عن جده عن علي عليهم السلام قال: من سبح الله تعالى في كل يوم مائة مرة وحمده مائة مرة وكبره مائة مرة وهلله مائة مرة وقال لا حول ولا قوة الا بالله العلي العظيم مائة مرة رفع الله عنه من البلاء سبعين نوعا أدناها القتل وكتب له من الحسنات عدد ما سبح سبعين ضعفا ومحى عنه السيئات سبعين ضعفا."
"zayd_0156","156","Musnad al-Imam Zayd ibn Ali","Zaydi","باب القيام في شهر رمضان:","= حدثني زيد بن علي عن أبيه عن جده عن علي عليهم السلام انه أمر الذي يصلي بالناس صلاة القيام في شهر رمضان ان يصلي بهم عشرين ركعة يسلم في كل ركعتين ويراوح ما بين كل أربع ركعات فيرجع ذو الحاجة ويتوضأ الرجل وان يوتر بهم من آخر الليل حين الانصراف."
"zayd_0157","157","Musnad al-Imam Zayd ibn Ali","Zaydi","باب الدعاء في دبر الصلاة (2) وعند انفلاق الصبح:","= حدثني زيد بن علي عن أبيه عن جده عن علي عليهم السلام انه كان يقول حين يسلم من الوتر سبحان ربي الملك القدوس رب الملائكة والروح والعزيز الحكيم ثلاث مرات يرفع بها صوته وإذا انفجر الفجر قال: الحمد لله فالق الاصباح رب الصباح سبحان الله رب الصباح وفالق الاصباح اللهم اغفر لي وارحمني وانت خير ارحم الراحمين."
"zayd_0158","158","Musnad al-Imam Zayd ibn Ali","Zaydi","باب الدعاء بعد ركعتي الفجر:","= حدثني زيد بن علي عن أبيه عن جده عن علي عليهم السلام انه كان لا يصلي الركعتين اللتين قبل صلاة الفجر حتى يعترض الفجر وكان إذا صلاهما قال: استمسكت بعروة الله الوثقى التي لا انفصام لها واعتصمت بحبل الله المتين وأعوذ بالله من شر شياطين الانس والجن أعوذ بالله من شر فسقة العرب والعجم حسبي الله توكلت على الله الجأت ظهري إلى الله طلبت حاجتي من الله لاحول ولا قوة الا بالله اللهم اغفر لي ذنبي فانه لا يغفر الذنوب الا انت."
"zayd_0159","159","Musnad al-Imam Zayd ibn Ali","Zaydi","باب الدعاء بعد صلاة الفجر:","= حدثني زيد بن علي عن أبيه عن جده عن علي (ع م) قال: قال رسول الله صلى الله عليه وآله من قعد في مصلاه الذي صلى فيه الفجر يذكر الله سبحانه يسبحه ويحمده حتى تطلع الشمس كان كالحاج إلى بيت الله وكالمجاهد في سبيل الله عزوجل."
"zayd_0160","160","Musnad al-Imam Zayd ibn Ali","Zaydi","باب الدعاء بعد صلاة الفجر:","= حدثني زيد بن علي عن أبيه عن جده عن علي عليهم السلام انه كان يقول إذا انصرف من الفريضة في الفجر بعد ما يدعو اللهم صل على محمد وآل محمد واجعل اللهم في قلبي نورا وفي بصري نورا وفي سمعي نورا وعلى لساني نورا ومن بين يدي نورا ومن خلفي نورا ومن فوقي نورا ومن تحتي نورا وعن يميني نورا وعن شمالي نورا اللهم اعظم لي النور يوم القيامة واجعل لي نورا أمشي به في الناس ولا تحرمني نوري يوم ألقاك لا اله الا انت."
"zayd_0161","161","Musnad al-Imam Zayd ibn Ali","Zaydi","باب غسل الميت","= حدثني زيد بن علي عن أبيه عن جده عن علي عليهم السلام قال: قال رسول الله صلى الله عليه وآله من غسل أخا له مسلما فنظفه ولم يقذره ولم ينظر إلى عورته ولم يذكر منه سوءا ثم شيعه وصلى عليه ثم جلس حتى يدلى في قبره خرج من ذنوبه عطلا . سألت زيدا بن علي عليه السلام عن غسل الميت قال: تجعله على مغتسله وتوجهه نحو القبلة وتستر عورته ثم توضيه وضوءه للصلاة ثم تغسل رأسه ولحيته وسائر جسده بماء وسدر ثم تغسل رأسه ولحيته وسائر جسده بماء وكافور ثم تغسل رأسه ولحيته وسائر جسده بماء مفرد لا يخالطه شئ فذلك ثلاث غسلات ثم تنشفه بمنديل ثم تضع الحنوط في رأسه ولحيته وتتبع بالكافور اثار سجوده ثم تبسط أكفانه وهي ثلاث أثواب قميص وازار ولفافة ثم تلبسه القميص وتعطف عليه ازاره وتدرجه في لفافة كهيئة الردى وتحمله على أعواده فان خفت انحلال شئ من أكفانه عقدت ذلك ثم قد تم غسله. سألت زيدا عليه السلام في كم يكفن الرجل قال: في ثلاثة أثواب قميص وازار ولفافة، وسألته عليه السلام في كم تكفن المرأة قال: في خمسة أثواب درع وخمار وازار وعصابة تربط بها الاكفان ولفافة."
"zayd_0162","162","Musnad al-Imam Zayd ibn Ali","Zaydi","باب غسل الميت","= حدثني زيد بن علي عن أبيه عن جده عن علي عليهم السلام قال: الغسل من غسل الميت سنة وان توضأت أجزاك."
"zayd_0163","163","Musnad al-Imam Zayd ibn Ali","Zaydi","باب المرأة تغسل زوجها، والرجل يجوز له ان يغسل امرأته:","= حدثني زيد بن علي عن أبيه عن جده عن علي عليهم السلام في رجل توفيت امرأته هل ينبغي له ان يرى شيئا منها. قال (ع م) لا الا ما يرى الغريب، وقال زيد بن علي عليه السلام في الرجل يموت في السفر ومعه امرأته، قال تغسله ولا تعمد النظر إلى فرجه، وقال زيد بن علي (ع م) في المرأة تموت في السفر ومعها زوجها ييممها لانه قد انقطع ما بينهما وتغسله هي لانها منه في عدة، وقال زيد بن على (ع م) في الرجل تموت معه المرأة في السفر وهي ذات رحم محرم من النساء يوزرها فوق ثيابها ويصب عليها الماء صبا، وقال زيد بن علي عليهم السلام في الرجل يموت في السفر ومعه نساء ذوات رحم محرم، قال يوزرنه ويصببن الماء صبا ويمسسن جلده ولا يمسسن فرجه، وقال زيد بن علي (ع م) إذا مات الرجل مع النساء وليس فيهن امرأته ولا ذات رحم محرم من نسائه وزرنه إلى الركبتين وصببن عليه الماء صبا ولا يمسسنه بايديهن ولا ينظرون إلى عورته ويطهرنه، وقال زيد بن على (ع م) في المرأة تموت في السفر مع القوم ليس فيهم ذو رحم محرم قال تيمم."
"zayd_0164","164","Musnad al-Imam Zayd ibn Ali","Zaydi","باب المرأة تغسل زوجها، والرجل يجوز له ان يغسل امرأته:","= حدثني زيد بن علي عن أبيه عن جده عن علي (ع م) قال: أتى رسول الله صلى الله عليه وآله نفر فقالوا يارسول الله ان امرأة معنا توفيت وليس معها ذو رحم محرم فقال صلى الله عليه وآله كيف صنعتم بها فقالوا صببنا الماء عليها صبا، قال اما وجدتم من اهل الكتاب امرأة تغسلها قالوا لا، قال أفلا يممتموها ."
"zayd_0165","165","Musnad al-Imam Zayd ibn Ali","Zaydi","باب الشهيد (2) والذي يحترق بالنار والغريق:","= حدثني زيد بن علي عن أبيه عن جده عن علي (ع م) قال: قال رسول الله صلى الله عليه وآله إذا مات الشهيد من يومه أو من الغد فواروه في ثيابه وان بقي اياما حتى تغيرت جراحه غسل."
"zayd_0166","166","Musnad al-Imam Zayd ibn Ali","Zaydi","باب الشهيد (2) والذي يحترق بالنار والغريق:","= حدثني زيد بن علي عن أبيه عن جده عن علي عليهم السلام قال: لما كان يوم أحد أصيبوا فذهبت رؤوس عامتهم فصلى عليهم رسول الله صلى الله عليه وآله ولم يغسلهم وقال انزعوا عنهم الفرا."
"zayd_0167","167","Musnad al-Imam Zayd ibn Ali","Zaydi","باب الشهيد (2) والذي يحترق بالنار والغريق:","= حدثني زيد بن علي عن أبيه عن جده عن علي (ع م) قال: ينزع عن الشيهد الفرو والخف والقلنسوة والعمامة والمنطقة والسراويل الا ان يكون أصابه دم فان كان أصابه ترك ولم يترك عليه معقودا الا حل."
"zayd_0168","168","Musnad al-Imam Zayd ibn Ali","Zaydi","باب الشهيد (2) والذي يحترق بالنار والغريق:","= حدثني زيد بن علي عن أبيه عن جده عن علي (ع م) انه سئل عن رجل احترق بالنار فأمرهم ان يصبوا عليه الماء صبا. سألت زيدا بن علي عليه السلام عن الغريق والذي يقع عليه الحائط فيموت قال يغسلون."
"zayd_0169","169","Musnad al-Imam Zayd ibn Ali","Zaydi","باب الشهيد (2) والذي يحترق بالنار والغريق:","= حدثني زيد بن علي عن أبيه عن جده عن علي (ع م) قال: قال رسول الله صلى الله عليه وآله أتدرون من الشهيد من امتى، قالوا نعم، الذي يقتل في سبيل الله تعالى صابرا محتسبا، قال صلى الله عليه وآله وسلم ان شهدا امتي إذا لقيل الشهيد الذي ذكرتم والطعين والمبطون وصاحب الهدم والغريق والمرأة تموت جمعا، قالوا وكيف تموت المرأة جمعا، قال صلى الله عليه وآله يعترض ولدها في بطنها فتموت."
"zayd_0170","170","Musnad al-Imam Zayd ibn Ali","Zaydi","باب كيف يحمل السرير والنعش (4):","= حدثني زيد بن علي عن أبيه عن جده عن علي عليهم السلام قال: تحمل اليد اليمنى من الميت ثم الرجل اليمنى ثم اليد اليسرى ثم الرجل اليسرى ثم لا عليك ان لا تفعل ذلك الا مرة فإذا حملت ثلاثا فقد قضيت ما عليك وكلما زدت فهو أفضل ما لم تؤذ أحدا."
"zayd_0171","171","Musnad al-Imam Zayd ibn Ali","Zaydi","باب كيف يحمل السرير والنعش (4):","= حدثني زيد بن علي عن أبيه عن جده عن علي (ع م) ان اسماء بنت عميس رضي الله عنها اول من أحدث النعش."
"zayd_0172","172","Musnad al-Imam Zayd ibn Ali","Zaydi","باب الصلاة على الميت وكيف يقال في ذلك:","= حدثني زيد بن علي عن أبيه عن جده عن علي عليهم السلام انه كبر اربعا وخمسا وستا وسبعا."
"zayd_0173","173","Musnad al-Imam Zayd ibn Ali","Zaydi","باب الصلاة على الميت وكيف يقال في ذلك:","= حدثني زيد بن علي عن أبيه عن جده عن علي عليهم السلام في الصلاة على الميت قال: تبدأ في التكبيرة الاولى بالحمد والثناء على الله تبارك وتعالى وفي الثانية الصلاة على النبي صلى الله عليه وآله وفي الثالثة الدعاء لنفسك وللمؤمنين والمؤمنات وفي الرابعة الدعاء للميت والاستغفار له وفي الخامسة تكبر ثم تسلم."
"zayd_0174","174","Musnad al-Imam Zayd ibn Ali","Zaydi","باب الصلاة على الميت وكيف يقال في ذلك:","= حدثني زيد بن علي عن أبيه عن جده عن علي عليهم السلام قال: إذا اجتمع جنائز رجال ونساء جعل الرجال مما يلي الإمام والنساء مما يلي القبلة."
"zayd_0175","175","Musnad al-Imam Zayd ibn Ali","Zaydi","باب الصلاة على الميت وكيف يقال في ذلك:","= حدثني زيد بن علي عن أبيه عن جده عن علي عليهم السلام انه كان يرفع يديه في التكبيرة الاولى ثم لا يعود. سألت زيدا عليه السلام عن الرجل يفوته شئ من التكبير قال: لا يكبر حتى يكبر الإمام فإذا سلم الإمام قضى ما سبقه به الإمام تباعا."
"zayd_0176","176","Musnad al-Imam Zayd ibn Ali","Zaydi","باب الصلاة على الميت وكيف يقال في ذلك:","= حدثني زيد بن علي عن أبيه عن جده عن علي عليهم السلام انه كان إذا صلى على جنازة رجل قام عند سرته وان كانت امرأة قام حيال ثديها."
"zayd_0177","177","Musnad al-Imam Zayd ibn Ali","Zaydi","باب الصلاة على الطفل (1) وعلى الصبي الصغير:","= حدثني زيد بن علي عن أبيه عن جده عن علي عليهم السلام انه قال: في السقط لا يصلى عليه، قال فان كان تاما قد استهل واستهلاله صياحه وشهد على ذلك أربع نسوة أو امرأتان مسلمتان ورث وورث وسمي وصلي عليه فإذا لم يسمع له استهلال لم يورث ولم يرث ولم يسم ولم يصل عليه."
"zayd_0178","178","Musnad al-Imam Zayd ibn Ali","Zaydi","باب الصلاة على الطفل (1) وعلى الصبي الصغير:","= حدثني زيد بن علي عن أبيه عن جده عن علي عليهم السلام انه كان يقول في الصلاة على الطفل اللهم اجعله لنا سلفا وفرطا وأجرا."
"zayd_0179","179","Musnad al-Imam Zayd ibn Ali","Zaydi","باب من أحق ان يصلي على المرأة:","= حدثني زيد بن علي عن أبيه عن جده عن علي عليهم السلام في رجل توفيت امرأته هل يصلي عليها، قال لا عصبتها اولى بها، وقال زيد بن علي (ع م) إذا توفيت المرأة صلى عليها أقرب الناس إليها من عصبتها وليس لزوجها ان يصلي عليها الا ان يأذن له عصبتها، وقال زيد بن علي عليه السلام، كانت تحت أبي عليه السلام امرأة من بني سليم فاستأذن أبي عصبتها في الصلاة عليها فقالوا صل رحمك الله تعالى."
"zayd_0180","180","Musnad al-Imam Zayd ibn Ali","Zaydi","باب من تكره الصلاة عليه ومن لا بأس بالصلاة عليه:","= حدثني زيد بن علي عن أبيه عن جده عن علي عليهم السلام قال: أتى رجل النبي صلى الله عليه وآله وهو شاب فأسلم وهو أغلف، فقال رسول الله صلى الله عليه وآله اختتن، فقال اني أخاف على نفسي فقال صلى الله عليه وآله ان كنت تخاف على نفسك فكف فمات وصلى عليه وأهدي له فأكل."
"zayd_0181","181","Musnad al-Imam Zayd ibn Ali","Zaydi","باب من تكره الصلاة عليه ومن لا بأس بالصلاة عليه:","= حدثني زيد بن علي عن أبيه عن جده عن علي عليهم السلام قال: لا يصلى على الاغلف لانه ضيع من السنة أعظمها الا ان يكون ترك ذلك خوفا على نفسه. سألت زيدا بن علي عليه السلام عن الصلاة على ولد الزنا والمرجوم في الزنا والمغرم الذي عليه الدين، فقال صل عليهم وكفنهم ووارهم في حفرتهم فالله تعالى اولى بهم فان لم تفعلوا ذلك فالى من تولونهم إلى اليهود ام إلى النصارى، وقال زيد بن علي عليه السلام لا تصل على المرجئة ولا القدرية ولا على من نصب لآل محمد حربا الا ان لا تجديدا من ذلك"
"zayd_0182","182","Musnad al-Imam Zayd ibn Ali","Zaydi","باب كيف يوضع الميت في اللحد:","= حدثني زيد بن علي عن أبيه عن جده عن علي عليهم السلام قال: يسل الرجل سلا ويستقبل بالمرأة استقبالا ويكون أولى الناس بالرجل في مقدمه وأولى الناس بالمرأة في مؤخرها."
"zayd_0183","183","Musnad al-Imam Zayd ibn Ali","Zaydi","باب كيف يوضع الميت في اللحد:","= حدثني زيد بن علي عن أبيه عن جده عن علي عليهم السلام قال: آخر جنازة صلى عليها رسول الله صلى الله عليه وآله جنازة رجل من بني ولد عبد المطلب كبر عليها أربع تكبيرات ثم جاء حتى جلس على شفير القبر ثم أمر بالسرير فوضع من قبل رجلي اللحد ثم أمر فسل سلا ثم قال صلى الله عليه وآله ضعوه في حفرته لجنبه الايمن مستقبل القبلة وقولوا باسم الله وبالله وفي سبيل الله وعلى ملة رسول الله صلى الله عليه وآله وسلم لا تكبوه لوجهه ولا تلقوه لقفائه ثم قولوا اللهم لقنه حجته وصعد بروحه ولقه منك رضوانا فلما القي عليه التراب قام رسول الله صلى الله عليه وآله فحثى في قبره ثلاث حثيات ثم أمر بقبره فربع ورش عليه قربة من ماء ثم دعا بما شاء الله ان يدعو له ثم قال اللهم جاف الارض عن جنبه وصعد روحه ولقه منك رضوانا فلما فرغنا من دفنه جاءه رجل، فقال يا رسول الله اني لم أدرك الصلاة عليه أفأصلي على قبره، قال لا ولكن قم على قبره فادع لاخيك وترحم عليه واستغفر له."
"zayd_0184","184","Musnad al-Imam Zayd ibn Ali","Zaydi","باب السير بالجنازة والقيام إليها وكيف يفعل من لقيها:","= حدثني زيد بن علي عن أبيه عن جده عن علي عليهم السلام انه كان يمشي حافيا في خمسة مواطن، وقال هي من مواطن الله عزوجل إذا عاد مريضا وإذا اشيع جنازة وفي العيدين وفي الجمعة."
"zayd_0185","185","Musnad al-Imam Zayd ibn Ali","Zaydi","باب السير بالجنازة والقيام إليها وكيف يفعل من لقيها:","= حدثني زيد بن علي عن أبيه عن جده عن علي (ع م) انه كان إذا سار بالجنازة سار سيرا بين السيرين ليس بالعجل ولا بالبطئ."
"zayd_0186","186","Musnad al-Imam Zayd ibn Ali","Zaydi","باب السير بالجنازة والقيام إليها وكيف يفعل من لقيها:","= حدثني زيد بن علي عن أبيه عن جده عن علي عليهم السلام قال: قام رسول الله صلى الله عليه وآله إلى الجنازة ثم نهانا عنه وقال انه من فعل اليهود."
"zayd_0187","187","Musnad al-Imam Zayd ibn Ali","Zaydi","باب السير بالجنازة والقيام إليها وكيف يفعل من لقيها:","= حدثني زيد بن علي عن أبيه عن جده عن علي (ع م) قال: إذا لقيت جنازة فخذ بجوانبها وسلم على أهلها فانه لا يترك ذلك الا عاجز"
"zayd_0188","188","Musnad al-Imam Zayd ibn Ali","Zaydi","باب الصياح والنوح:","= حدثني زيد بن علي عن أبيه عن جده عن علي عليهم السلام قال: قال رسول الله صلى الله عليه وآله ليس منا من حلق ولا من سلق ولا من خرق ولا من دعا بالويل والثبور. قال زيد بن علي عليه السلام السلق الصياح والخرق خرق الجيب والحلق حلق الشعر."
"zayd_0189","189","Musnad al-Imam Zayd ibn Ali","Zaydi","باب الصياح والنوح:","= حدثني زيد بن علي عن أبيه عن جده عن عن علي عليهم السلام ان النبي صلى الله عليه وآله نهى عن النوح."
"zayd_0190","190","Musnad al-Imam Zayd ibn Ali","Zaydi","باب توجيه الميت إلى القبلة:","= حدثني زيد بن علي عن أبيه عن جده عن علي عليهم السلام قال: دخل رسول الله صلى الله عليه وآله على رجل من ولد عبد المطلب وهو يجود بنفسه وقد وجهوه لغير القبلة، فقال صلى الله عليه وآله وسلم وجهوه إلى القبلة فانكم إذا فعلتم ذلك أقبلت الملائكة عليه وأقبل الله عليه بوجهه فلم يزل كذلك حتى يقبض، قال ثم أقبل رسول الله صلى الله عليه وآله يلقنه لا اله الا الله، وقال لقنوها موتاكم فانه من كانت آخر كلامه دخل الجنة ."
"zayd_0191","191","Musnad al-Imam Zayd ibn Ali","Zaydi","باب المحرم يموت كيف حكمه:","= حدثني زيد بن علي عن أبيه عن جده عن علي عليهم السلام قال: إذا مات المحرم غسل وكفن وخمر رأسه ووجهه فان كان أصحابه محرمين لم يمسوه طيبا وان كانوا أحلاء يمسوه الطيب، وقال إذا مات فقد ذهب أحرامه."
"zayd_0192","192","Musnad al-Imam Zayd ibn Ali","Zaydi","باب غسل النبي وتكفينه صلى الله عليه وآله:","= حدثني زيد بن علي عن أبيه عن ابيه عن جده عن علي عليهم السلام قال: لما قبض رسول الله صلى الله عليه وآله اختلف أصحابه اين يدفن، فقال علي عليه السلام ان شئتم حدثتكم، فقالوا حدثنا، قال: سمعت رسول الله صلى الله عليه وآله يقول: لعن الله اليهود والنصارى كما اتخذوا قبور أنبيائهم مساجد انه لم يقبض نبي الا دفن مكانه الذي قبض فيه، قال فلما خرجت روحه صلى الله عليه وآله من فيه نحو فراشه ثم حفروا موضع الفراش فلما فرغوا قالوا ما ندري أنلحد ام نضرح. فقال علي عليه السلام سمعت رسول الله صلى الله عليه وآله يقول اللحد لنا والضرح لغيرنا فألحدوا للنبي صلى الله عليه وآله."
"zayd_0193","193","Musnad al-Imam Zayd ibn Ali","Zaydi","باب غسل النبي وتكفينه صلى الله عليه وآله:","= حدثني زيد بن علي عن أبيه عن جده عن علي عليهم السلام قال: لما أخذنا في غسل رسول الله صلى الله عليه وآله سمعت مناديا ينادي من جانب البيت لا تخلعوا القميص، قال فغلسنا رسول الله صلى الله عليه وآله وسلم وعليه القميص فلقد رأيتني أغسله ويد غيري لتردد عليه واني لاعان على تقليبه ولقد أردت ان أكبه فنوديت ان لا تكبه."
"zayd_0194","194","Musnad al-Imam Zayd ibn Ali","Zaydi","باب غسل النبي وتكفينه صلى الله عليه وآله:","= حدثني زيد بن علي عن أبيه عن جده عن علي (ع م) قال: كفنت رسول الله صلى الله عليه وآله في ثلاثة أثواب ثوبين يمانيين أحدهما سحق وقميص كان يتجمل به."
"zayd_0195","195","Musnad al-Imam Zayd ibn Ali","Zaydi","باب المسك في الحنوط:","= حدثني زيد بن علي عن أبيه عن جده عن علي عليهم السلام قال: كان عند علي عليه السلام مسك فضل من حنوط رسول الله صلى الله عليه وآله وسلم فأوصى ان يحنط به. قال زيد بن علي (ع م) تجمر أكفان الميت ولا يتبع إلى قبره بمجمرة فانه يكره ان يكون آخر زاده النار. وقال زيد بن علي عليه السلام لا بأس بالحنوط على الاكفان والنعش."
"zayd_0196","196","Musnad al-Imam Zayd ibn Ali","Zaydi","باب اليهودية تموت وفي بطنها ولد مسلم والمرأة تموت وفي بطنها","ولد حي: قال: قال زيد بن علي عليه السلام إذا ماتت الذمية وفي بطنها ولد مسلم من زوج لها مسلم، دفنت بين مقابر المسلمين وبين مقابر أهل الذمة، وقال زيد بن علي عليه السلام في المرأة تموت وفي بطنها ولد حي، فقال: يشق بطنها ويستخرج الولد فان الله عزوجل يقول: ومن أحياها فكأنما أحيا الناس جميعا."
"zayd_0197","197","Musnad al-Imam Zayd ibn Ali","Zaydi","باب عيادة المريض:","= حدثني زيد بن علي عن أبيه عن جده عن علي عليهم السلام قال: قال رسول الله صلى الله عليه وآله من مرض ليلة واحدة كفرت عنه ذنوب سنة فإذا عوفي المريض من مرضه تحاتت خطاياه كما تتحات ورق الشجر اليابس في اليوم العاصف."
"zayd_0198","198","Musnad al-Imam Zayd ibn Ali","Zaydi","باب عيادة المريض:","= حدثني زيد بن علي عن أبيه عن جده عن علي (ع م) قال: قال رسول الله صلى الله عليه وآله من عاد مريضا كان له مثل اجره وكان في خرفة الجنة حتى يرجع."
"zayd_0199","199","Musnad al-Imam Zayd ibn Ali","Zaydi","باب عيادة المريض:","= حدثني زيد بن علي عن أبيه عن جده عن علي (ع م) قال: قال رسول الله صلى الله عليه وآله عودوا مرضاكم واشهدوا جنائزكم وزوروا قبور موتاكم فان ذلك يذكركم الآخرة."
"zayd_0200","200","Musnad al-Imam Zayd ibn Ali","Zaydi","باب عيادة المريض:","= حدثني زيد بن علي عن أبيه عن جده عن علي (ع م) قال: مرضت فعادني رسول الله صلى الله عليه وآله، فقال قل اللهم اني أسألك تعجيل عافيتك وصبرا على بليتك وخروجا إلى رحمتك فقلتها، فقمت كأنما نشطت من عقال."
"zayd_0201","201","Musnad al-Imam Zayd ibn Ali","Zaydi","باب عيادة المريض:","= حدثني زيد بن علي عن أبيه عن جده عن علي عليهم السلام قال: دخل رسول الله صلى الله عليه وآله على رجل من الانصار مريض يعوده، فقال يا رسول الله أدع الله لي فقال صلى الله عليه وآله قل أسأل الله العظيم رب العرش العظيم وأسأل الله الكبير، فقالها ثلاث مرات فقام كأنما نشط من عقال ."
"zayd_0202","202","Musnad al-Imam Zayd ibn Ali","Zaydi","باب عيادة المريض:","= حدثني زيد بن علي عن أبيه عن جده عن علي (ع م) قال: قال رسول الله صلى الله عليه وآله، الاجر على قدر المصيبة فمن اصيب بمصيبة فليذكر مصيبته بي فانكم لن تصابوا بمثلي صلى الله عليه وآله. حدثني أمير المؤمنين أبو الحسين زيد بن علي عن أبيه عن جده عن امير امير المؤمنين علي عليهم السلام قال: قال رسول الله صلى الله عليه وآله وسلم لاصحابه من أكيس الناس، قالوا الله ورسوله أعلم، فقال صلى الله عليه وآله أكثرهم ذكرا للموت وأشدهم له استعدادا."
"zayd_0203","203","Musnad al-Imam Zayd ibn Ali","Zaydi","باب مسائل من الصلاة:","قال سألت زيدا بن علي عليهما السلام عن المرأة تصلي في وسط الصف، فقال تفسد صلاة من عن يمينها وعن شمالها ومن خلفها، وسألت زيدا بن علي (ع م) عن الرجل يدرك مع الإمام ركعة وعلى الإمام سجود السهو، فقال عليه السلام يسجد مع الإمام ثم ينهض ويقضي. وسألته عليه السلام عن المسافر يصلي بالمقيمين والمسافرين ركعة فيحدث على الإمام حدث من رعاف فيقدم رجلا من المقيمين فيصلي بهم باقي صلاة المسافر ثم يقدم رجلا من المسافرين فيسلم بهم ثم يقوم المقيمون فيقضون ما بقي عليهم من صلاتهم ولا يؤمهم أحد منهم، سألت زيدا بن علي (ع م) عن اللحن في الصلاة، فقال يقطع الصلاة، وسألت زيدا بن علي (ع م) عن الرجل يسلم عليه في الصلاة فيسهو فيرد السلام، فقال تنتقض صلاته، وسألت زيدا بن علي عليهما السلام عن الرجل يتوضأ وعليه الخاتم، فقال يحرك الخاتم في يده، وسألت زيدا بن علي (ع م) هل على الرجل ان يخلل لحيته في الوضوء للصلاة، فقال لا ينبغي له ان يقصر في ذلك، وسألت زيدا بن علي عليهما السلام عن الدعاء في الصلاة، فقال ادع في التشهد بما أحببت إذا كان ذلك مما يكون مثله في القرآن،"
"zayd_0204","204","Musnad al-Imam Zayd ibn Ali","Zaydi","باب مسائل من الصلاة:","وسألت زيدا بن علي عليهما السلام عن السعي إلى الجمعة، فقال ليس يجب عليك السعي إلى أئمة الفسقة انما يجب عليك ان تسعى إلى أئمة الهدا، وسألت زيدا بن علي (ع م) عن الصلاة والإمام يخطب يوم الجمعة، فقال من السنة ان تستمع وتنصت فإذا صليت لم تستمع ولم تنصت، وسألت زيدا بن علي عليهما السلام عن الصلاة خلف من لا يجهر فقال عليه السلام جائز، فقلت فالصلاة خلف من قد مسح، فقال لا تجزئك، قلت فان صليت خلفه وقد تطهر وغسل رجليه، فقال تجزئك، قلت فان كان ممن يرى المسح ولا أدري أمسح ام غسل رجليه، فقال لا أحب الصلاة خلفه. سألت زيدا بن علي عليهما السلام عن الصلاة في البيع والكنائس، فقال صل فيهما وما يضرك. سألت زيدا بن علي (ع م) عن الامي الذي لا يحسن القراءة كيف يصلي، فقال يسبح ويذكر الله سبحانه وتعالى ويجزيه ذلك، قلت فالاخرس قال عليه السلام يصلي راكعا وساجدا ويجزيه ما في قلبه سألت زيدا بن علي (ع م) عن التطوع جالسا، فقال عليه السلام حسن، قلت فكيف أجلس في صلاتي، قال كما تجلس إذا صليت قائما. سألت زيدا بن علي (ع م) عن المرأة كيف تجلس في الصلاة، فقال تجتمع وتضم رجليها. سألت زيدا بن علي عليهما السلام عن النوم في الصلاة، فقال عليه السلام لا ينقض الوضوء. سألت زيدا بن علي عليهما السلام عن الرجل ينسى القنوت في الفجر حتى يركع ثم يرفع رأسه، فقال لا يقنت بعد ذلك، قلت فهل عليه سجدتا السهو، فقال لا، قلت فان نسي قنوت الوتر حتى يركع، قال يقنت بعد الركوع، قلت فان ذكره وقد سجد، قال لا يقنت وعليه سجدتا السهو وقال عليه السلام انما القنوت في الفجر دعاء وليس عليه في ذلك سهو. وسألته عليه السلام عن الاذان في السفر، فقال مثله في الحضر، وان أذنت للفجر وأقمت لباقي الصلاة أجزاك. وسألته عليه السلام عن الرجل ينسى صلاة ثم يذكرها في وقت آخر بأيهما يبدأ، فقال عليه السلام الاولى فالاولى قلت فان بدأ بهذه، فقال لا تجزئه الا ان يكون يخاف فوتها. قال أبو خالد رحمه الله سمعت زيدا عليه السلام يقرأ عليهم ولا الضالين بالرفع وكان يقرأ مالك يوم الدين وكان إذا صلينا خلفه سمعنا وقع دموعه على الحصير. وسمعته عليه السلام يقرأ اقتربت فرتلها وقرأها قراءة لا يسمعها فرح ولا محزون الا أقرحت قلبه فمرض من أصحابه رجل من طي من وجدان تلك القراءة فدفناه بعد ايام فصلى عليه ثم قال عليه السلام هذا قتيل القرآن وشهيد الرحمن لقد أمسيت مغتبطا وما أزكى على الله عزوجل احدا."
"zayd_0205","205","Musnad al-Imam Zayd ibn Ali","Zaydi","باب زكاة الابل السائمة:","قال إبراهيم بن الزبرقان التيمي، حدثنا أبو خالد عمرو بن خالد الواسطي عن زيد بن علي عن أبيه عن جده عن علي عليهم السلام قال: ليس في أقل من خمس ذود من الابل صدقة فإذا بلغت خمسا ففيها شاة، ثم لا شئ فيها فإذا بلغت عشرا ففيها شاتان، فإذا بلغت خمس عشرة ففيها ثلاث شياة، فإذا بلغت عشرين ففيها اربع شياة، فإذا بلغت خمسا وعشرين ففيها خمس شياة، فإذا زادت واحدة ففيها ابنة مخاض فان لم تكن ابنة مخاض فابن لبون ذكر وهو أكبر منها بعام إلى خمس وثلاثين فإذا زادت واحدة على خمس وثلاثين ففيها ابنة لبون إلى خمس واربعين فإذا زادت واحدة على الخمس واربعين ففيها حقة إلى ستين فإذا زادت على الستين واحدة ففيها جذعة إلى خمس وسبعين، فإذا زادت واحدة على الخمس وسبعين ففيها ابنتا لبون إلى تسعين، فإذا زادت على التسعين واحدة ففيها حقتان طروقتا الفحل إلى عشرين ومائة، فإذا كثرت الابل ففي كل خمسين حقة ."
"zayd_0206","206","Musnad al-Imam Zayd ibn Ali","Zaydi","باب زكاة الابل السائمة:","= حدثني زيد بن علي عن أبيه عن جده عن علي عليهم السلام قال: ليس في الابل العوامل والحوامل صدقة."
"zayd_0207","207","Musnad al-Imam Zayd ibn Ali","Zaydi","باب زكاة الابل السائمة:","= حدثني زيد بن علي ابيه عن جده عن علي (ع م) قال: إذا لم يجد المصدق السن التى تجب في الابل أخذ سنا فوقها ورد عليه شاة أو عشرة دراهم."
"zayd_0208","208","Musnad al-Imam Zayd ibn Ali","Zaydi","باب زكاة البقر:","= حدثني زيد بن علي ابيه عن جده عن علي عليهم السلام قال: ليس فيما دون الثلاثين من البقر شئ فإذا بلغت ثلاثين ففيها تبيع حولي جذع أو جذعة إلى اربعين فإذا بلغت اربعين ففيها مسنة إلى الستين فإذا بلغت ستين ففيها تبيعان إلى سبعين فإذا بلغت سبعين ففيها مسنة وتبيع إلى ثمانين، فإذا بلغت ثمانين ففيها مسنتان إلى تسعين، فإذا بلغت تسعين ففيها ثلاث تبايع إلى مائة، فإذا بلغت مائة ففيها مسنة وتبيعان فإذا كثرت البقر ففي كل ثلاثين تبيع أو تبيعة وفي كل اربعين مسنة."
"zayd_0209","209","Musnad al-Imam Zayd ibn Ali","Zaydi","باب زكاة البقر:","= حدثني زيد بن علي عن أبيه عن جده عن علي عليهم السلام قال: ليس في البقر الحوامل والعوامل صدقة وانما الصدقة في الراعية."
"zayd_0210","210","Musnad al-Imam Zayd ibn Ali","Zaydi","باب زكاة الغنم:","حدثني زيد به علي عن أبيه عن جده عن علي (ع م) قال: ليس في أقل من اربعين شاة من الغنم شئ، فإذا كانت اربعين ففيها شاة إلى عشرين ومائة، فإذا زادت على عشرين ومائة واحدة ففيها شاتان إلى مائتين، فإذا زادت واحدة على المائتين ففيها ثلاث شياة إلى ثلاث مائة فإذا زادت على ثلاث مائة فليس في الزيادة شئ حتى تبلغ اربعمائة، فإذا بلغت اربعمائة ففيها اربع شياة فإذ كثرت الغنم ففي كل مائة شاة شاة."
"zayd_0211","211","Musnad al-Imam Zayd ibn Ali","Zaydi","باب زكاة الغنم:","= حدثني زيد بن علي عن أبيه عن جده عن علي (ع م) قال: لا يأخذ المصدق هرمة ولا ذات عوار ولا تيسا الا ان يشأ المصدق ان يأخذ ذات العوار."
"zayd_0212","212","Musnad al-Imam Zayd ibn Ali","Zaydi","باب زكاة الغنم:","= حدثني زيد بن علي عن أبيه عن جده عن علي (ع م) قال: لا يفرق المصدق بين مجتمع ولا يجمع بين مفترق خشية الصدقة، قال سألت زيدا بن علي (ع م) عن الفصلان والحملان والعجاجيل الصغار فقال لا صدقة فيها."
"zayd_0213","213","Musnad al-Imam Zayd ibn Ali","Zaydi","باب زكاة الذهب والفضة:","= حدثني زيد بن علي عن أبيه عن جده عن على (ع م) قال: ليس فيما دون المائتين من الورق صدقة، فإذا بلغت مائتين ففيها خمسة دراهم فان زادت فبالحساب وليس فيما دون العشرين مثقالا صدقة، فإذا بلغت عشرين مثقالا ففيها نصف مثقال، فما زاد فبالحساب."
"zayd_0214","214","Musnad al-Imam Zayd ibn Ali","Zaydi","باب زكاة الذهب والفضة:","= حدثني زيد بن علي عن أبيه عن جده عن علي عليهم السلام قال: عفى رسول الله صلى الله عليه وآله عن الابل العوامل تكون في المصر وعن الغنم تكون في المصر فإذا رعت وجبت فيها الزكاة وعن الدور والرقيق والخيل والحمير والبراذين والكسوة والياقوت والزمرد ما لم ترد به تجارة."
"zayd_0215","215","Musnad al-Imam Zayd ibn Ali","Zaydi","باب زكاة الذهب والفضة:","= حدثني زيد بن علي عن أبيه عن جده عن علي عليهم السلام قال: ليس في المال الذي تستفيده زكاة حتى يحول عليه الحول منذ افدته، فإذا حال عليه الحول فزكه."
"zayd_0216","216","Musnad al-Imam Zayd ibn Ali","Zaydi","باب زكاة الذهب والفضة:","= حدثني زيد بن علي عن أبيه عن جده عن علي عليهم السلام قال: إذا كان لك دين وعليك دين فاحتسب بدينك وزك ما فضل من الدين الذي عليك وزك الدين الذي لك وان أحببت ان لاتزكيه حتى تقبضه كان لك ذلك ."
"zayd_0217","217","Musnad al-Imam Zayd ibn Ali","Zaydi","باب زكاة الذهب والفضة:","= حدثني زيد بن علي عن أبيه عن جده عن علي (ع م) قال: لا يأخذ الزكاة من له خمسون درهما ولا يعطاها من له خمسون درهما. وسألت زيدا بن علي (ع م) عن زكاة الحلى فقال: زك للذهب والفضة ولا زكاة في الدر والياقوت واللؤلؤ وغير ذلك من الجواهر. وسألت زيدا بن علي عليهما السلام عن مال اليتيم فيه زكاة. فقال لا. فقلت ان آل ابي رافع يروون عن علي (ع م) انه زكى مالهم، فقال نحن أهل البيت ننكر هذا. وسألت زيدا بن علي عليهما السلام عن ما خرج من البحر من العنبر واللؤلؤ، فقال لا شئ في ذلك. وسألت زيدا بن علي عليهما السلام عن معدن الذهب والفضة والرصاص والحديد والزئبق والنحاس، فقال في ذلك الخمس. وسألته (ع م) عن معدن الجوهر من الجزع ونحوه فقال عليه السلام لا شئ في ذلك. وسألته عليه السلام عن المكاتب عليه زكاة، قال (ع م) لا. وسألته عليه السلام عن الزكاة تجزي الرجل ان يعطيها أحدا من قرابته، فقال عليه السلام لا يعطيها من يفرض له الإمام عليه نفقة، قلت ومن الذي يفرض له الإمام النفقة، قال (ع م) كل وارث. وقال زيد بن علي عليه السلام لا تعط من زكاة مالك القدرية ولا المرجئة ولا الحرورية ولا من نصب حربا لآل محمد عليه وعليهم الصلاة والسلام. وسألت زيدا بن علي عليه السلام عن تعجيل الزكاة قبل ان يحل وقتها، فقال (ع م) جائز. وسألته عليه السلام عن رجل له مائة درهم وخمسون درهما وله خمسة دنانير. فقال في ذلك الزكاة، قال وان كان واحدا من هذين ينقص فلا زكاة في شئ من ذلك الا ان يكون الاخير يزيد زيادة فيها وفا نقصان الآخر فتجب في ذلك الزكاة، وقال زيد عليه السلام لا يجزى ان تعطي من الزكاة أهل الذمة ولا يجوز ان تعطي أهل الذمة من صدقة فريضة وقال زيد بن علي عليه السلام فرض رسول الله صلى الله عليه وآله وسلم الصدقة في عشرة أشياء في الذهب والفضة والبر والشعير والتمر والزبيب والذرة والابل والبقر والغنم. وقال زيد بن علي (ع م) لا يعطى من الزكاة في كفن ميت ولا بناء مسجد ولا تعتق منها رقبة وقال زيد بن علي عليه السلام توضع الزكاة في الثمانية الاصناف التي سماها الله عزوجل في كتابه وان أعطيت صنفا واحدا أجزاك."
"zayd_0218","218","Musnad al-Imam Zayd ibn Ali","Zaydi","باب ارض العشر:","= حدثني زيد بن علي عن أبيه عن جده عن علي عليهم السلام قال: ليس فيما أخرجت ارض العشر صدقة من تمر ولا زبيب ولا حنطة ولا شعير ولا ذرة حتى يبلغ الصنف من ذلك خمسة أوسق الوسق ستون صاعا فإذا بلغ ذلك جرت فيه الصدقة فما سقت السماء من ذلك أو سقي فتحا أو سيحا ففيه العشر وما سقي بالغرب أو دالية ففيه نصف العشر."
"zayd_0219","219","Musnad al-Imam Zayd ibn Ali","Zaydi","باب ارض العشر:","= حدثني زيد بن علي عن أبيه عن جده عن علي (ع م) قال: ليس في الخضروات صدقة."
"zayd_0220","220","Musnad al-Imam Zayd ibn Ali","Zaydi","باب الخراج:","= حدثني زيد بن علي عن أبيه عن جده عن علي عليهم السلام انه كان يجعل على ارض الخراج على كل جريب من زرع البر الغليظ درهمين وثلثي درهم وصاعا من حنطة وعلى كل جريب البر الوسط درهمين وعلى كل جريب البر الرقيق درهما وعلى كل جريب من النخل والشجر عشرة دراهم وعلى كل جريب القصب والكرم عشرة دراهم وعلى المياسير من أهل الذمة ثمانية واربعين درهما وعلى الاوساط اربعة وعشرين درهما وعلى الفقير اثني عشر درهما."
"zayd_0221","221","Musnad al-Imam Zayd ibn Ali","Zaydi","باب صدقة الفطر:","= حدثني زيد بن علي عن أبيه عن جده عن علي عليهم السلام قال: قال رسول الله صلى الله عليه وآله صدقة الفطر على المرء المسلم يخرجها عن نفسه وعمن هو في عياله صغيرا كان أو كبيرا ذكرا أو انثى حرا كان أو عبدا نصف صاع من بر أو صاع من تمر أو صاع من شعير. وسألت زيدا (ع م) عن الرجل يكون له اقل من خمسين درهما، قال ليس عليه صدقة الفطر، قال ولا يأخذ صدقة الفطر من له خمسون درهما وتجب صدقة الفطر على من يملك خمسين درهما. سألت زيدا عليه السلام عن الصاع كم مقداره، قال خمسة ارطال وثلث بالرطل الكوفي."
"zayd_0222","222","Musnad al-Imam Zayd ibn Ali","Zaydi","باب فضل الصدقة على القرابة:","= حدثني زيد بن علي عن أبيه عن جده عن علي عليهم السلام قال: قال رسول الله صلى الله عليه وآله ما من صدقة أعظم أجرا عند الله عزوجل من صدقة على ذي رحم أو اخ مسلم، قالوا وكيف الصدقة عليهم، قال صلاتكم اياهم بمنزلة الصدقة عند الله عزوجل. حدثني زيد به علي عن أبيه عن جده عن علي عليهم السلام قال: لان اشتري بدرهم صاعا من طعام فاجمع عليه نفرا من اخواني احب الي من ان أخرج إلى سوقكم هذا فاشتري رقبة فاعتقها."
"zayd_0223","223","Musnad al-Imam Zayd ibn Ali","Zaydi","باب صدقة السر:","= حدثني زيد بن علي عن أبيه عن جده عن علي (ع م) قال: قال رسول الله صلى الله عليه وآله ان صدقة السر تطفئ غضب الرب تعالى وان الصدقة لتطفئ الخطيئة كما يطفئ الماء النار فإذا تصدق احدكم بيمينه فليخفها من شماله فانها تقع بيمين الرب تبارك وتعالى وكلتا يدي ربي سبحانه وتعالى يمين فيربيها كما يربي احدكم فلوه أو حتى تصير اللقمة مثل احد ."
"zayd_0224","224","Musnad al-Imam Zayd ibn Ali","Zaydi","باب فضل القرض:","= حدثني زيد بن علي عن أبيه عن جده عن علي (ع م) قال: قال رسول الله صلى الله عليه وآله من أقرض قرضا كان له مثله صدقة فلما كان من الغد، قال صلى الله عليه وآله من أقرض قرضا كان له مثلاه كل يوم صدقة، قال عليه السلام، قلت يا رسول الله أمس، قلت من أقرض قرضا كان له مثله صدقة، وقلت اليوم من أقرض قرضا كان له مثلاه كل يوم صدقة، قال صلى الله عليه وآله نعم من أقرض قرضا فأخره بعد محله كان له كل يوم مثلاه صدقة."
"zayd_0225","225","Musnad al-Imam Zayd ibn Ali","Zaydi","باب من لا تحل له الصدقة من تحل له الصدقة:","= حدثني زيد بن علي عن أبيه عن جده عن علي (ع م) قال: قال رسول الله صلى الله عليه وآله كفى بالمرء اثما ان يضيع من يعول أو يكون عيالا على الناس، وقال صلى الله عليه وآله لا تحل الصدقة لغني ولا لقوي ولا لذي مرة سوي."
"zayd_0226","226","Musnad al-Imam Zayd ibn Ali","Zaydi","باب من لا تحل له الصدقة من تحل له الصدقة:","= حدثني زيد بن علي عن أبيه عن جده عن علي (ع م) عن رسول الله صلى الله عليه وآله انه اتاه رجل يسأله صدقة، فقال صلى الله عليه وآله وسلم لا تحل الصدقة الا لثلاثة لذي دم مفظع أو لذي غرم موجع أو لذي فقر مدقع قال أمير المؤمنين (ع م) فذكر انه احد الثلاثة فأعطاه درهما."
"zayd_0227","227","Musnad al-Imam Zayd ibn Ali","Zaydi","باب مانع الزكاة:","= حدثني زيد بن علي عن أبيه عن جده عن علي (ع م) قال: لعن رسول الله صلى الله عليه وآله لاوي الصدقة والمعتدي فيها."
"zayd_0228","228","Musnad al-Imam Zayd ibn Ali","Zaydi","باب مانع الزكاة:","= حدثني زيد بن علي عن أبيه عن جده عن علي (ع م) قال: آكل الربا ومانع الزكاة حرباي في الدنيا والآخرة."
"zayd_0229","229","Musnad al-Imam Zayd ibn Ali","Zaydi","باب مانع الزكاة:","= حدثني زيد بن علي عن أبيه عن جده عن علي (ع م) قال: المال عون الزكاة."
"zayd_0230","230","Musnad al-Imam Zayd ibn Ali","Zaydi","باب مانع الزكاة:","حدثني زيد به على عن أبيه عن جده عن علي (ع م) قال: قال رسول الله صلى الله عليه وآله لا تتم صلاة الا بزكاة ولا تتم صلاة الا بطهور ولا تقبل صدقة من غلول."
"zayd_0231","231","Musnad al-Imam Zayd ibn Ali","Zaydi","باب فضل الصيام:","= حدثني زيد بن علي عن أبيه عن جده عن علي (ع م) قال: لما كان اول ليلة من شهر رمضان قام رسول الله صلى الله عليه وآله فحمد الله وأثنى عليه، ثم قال: ايها الناس ان الله قد كفاكم عدوكم من الجن ووعدكم الاجابة، وقال ادعوني استجب لكم الا وقد وكل الله عزوجل بكل شيطان مريد سبعة أملاك فليس بمحلول حتى ينقضي شهر رمضان وأبواب السماء مفتحة من اول ليلة منه إلى آخر ليلة الا وان الدعاء فيه متقبل فلما كان اول ليلة من العشر الاواخر شمر وشد المئزر وبرز من بيته واعتكف العشر الاواخر وأحيى الليل وكان يغتسل بين العشاءين صلى الله عليه وآله، قال وسألت الإمام ابا الحسين زيدا بن علي (ع م) ما معنى شد المئزر، فقال كان يعتزل النساء فيهن."
"zayd_0232","232","Musnad al-Imam Zayd ibn Ali","Zaydi","باب فضل الصيام:","= حدثني زيد بن علي عن أبيه عن جده عن علي (ع م) قال: قال رسول الله صلى الله عليه وآله للصائم فرحتان فرحة عند فطره وفرحة يوم القيامة ينادى المنادي اين الظامية أكبادهم وعزتي لاروينهم اليوم."
"zayd_0233","233","Musnad al-Imam Zayd ibn Ali","Zaydi","باب فضل الصيام:","= حدثني زيد بن علي عن أبيه عن جده عن علي (ع م) قال: قال رسول الله صلى الله عليه وآله لخلوف فم الصايم أطيب من رائحة المسك عند الله عزوجل، يقول الله عزوجل الصوم لي وانا اجزي به."
"zayd_0234","234","Musnad al-Imam Zayd ibn Ali","Zaydi","باب السحور (2) وفضله:","= حدثني زيد بن علي عن أبيه عن جده عن علي (ع م) قال: قال رسول الله صلى الله عليه وآله ان الله وملائكته يصلون على المستغفرين بالاسحار والمتسحرين فليتسحر احدكم ولو بجرعة من ماء فان في ذلك بركة لا يزال الرجل المتبسحر من تلك البركة شبعانا ريانا يومه وهو فصل ما بين صومكم وصوم النصارى أكلة السحر."
"zayd_0235","235","Musnad al-Imam Zayd ibn Ali","Zaydi","باب الافطار:","= حدثني زيد بن علي عن أبيه عن جده عن علي (ع م) قال: ثلاث من أخلاق الانبياء صلاة الله وسلامه عليهم تعجيل الافطار وتأخير السحور ووضع الكف على الكف تحت السرة."
"zayd_0236","236","Musnad al-Imam Zayd ibn Ali","Zaydi","باب الافطار:","= حدثني زيد بن علي عن أبيه عن جده عن علي (ع م) قال: كان رسول الله صلى الله عليه وآله إذا وسلم افطر قال: اللهم لك صمنا وعلى رزقك أفطرنا فتقبله منا."
"zayd_0237","237","Musnad al-Imam Zayd ibn Ali","Zaydi","باب ما ينقض الصيام وما لا ينقضه:","= حدثني زيد بن علي عن أبيه عن جده عن علي (ع م) قال: من أكل ناسيا لم ينتقض صيامه فانما ذلك رزق رزقه الله عزوجل اياه."
"zayd_0238","238","Musnad al-Imam Zayd ibn Ali","Zaydi","باب ما ينقض الصيام وما لا ينقضه:","= حدثني زيد بن علي عن أبيه عن جده عن علي (ع م) قال: إذا ذرع الصائم القئ لم ينتقض صيامه وان استقى أفطر وعليه القضاء"
"zayd_0239","239","Musnad al-Imam Zayd ibn Ali","Zaydi","باب ما ينقض الصيام وما لا ينقضه:","وقال زيد بن علي (ع م) ثلاثة اشياء لا تفطر الصائم القئ الذارع والاحتلام والقبلة، وقال زيد بن علي (ع م) أكره القبلة للشاب وارخص فيها للشيخ. وقال زيد بن علي (ع م) لا تفطر الصائم الحجامة ولا الكحل وأكره الحجامة مخافة الضعف. وقال زيد بن علي (ع م) لا ينبغي للصائم ان يستاك بسواك رطب ولا يبل سواكه ما بينه وبين الظهر. وسألت زيدا بن علي (ع م) عن الذباب يدخل في حلق الصائم، فقال عليه السلام لا يفطره ذلك. وقال زيد بن علي (ع م) في الرجل يتمضمض فيدخل الماء في حلقه، قال عليه السلام ان كان في الثلاث لم ينتقض صيامه وان كان بعد الثلاث انتقض صيامه. وقال زيد بن علي (ع م) في السعوط والحقنة انهما ينقضان الصيام. وسألت زيدا بن علي (ع م) عن المسافر يفطر في السفر، قال (ع م) يفطر في مسيرة ثلاث أو اكثر وان نوى الاقامة عشرا صام."
"zayd_0240","240","Musnad al-Imam Zayd ibn Ali","Zaydi","باب ما ينقض الصيام وما لا ينقضه:","= حدثني زيد بن علي عن أبيه عن جده عن علي (ع م) قال: المستحاضة تقضي الصوم ولا تقضي الصلاة."
"zayd_0241","241","Musnad al-Imam Zayd ibn Ali","Zaydi","باب ما ينقض الصيام وما لا ينقضه:","= حدثني زيد بن علي عن أبيه عن جده عن علي (ع م) قال: خرج رسول الله صلى الله عليه وآله ورأسه يقطر فصلى بنا الفجر في شهر رمضان، وكانت ليلة ام سلمة رضي الله عنها فأتيتها فسألتها فقالت نعم ان كان ذلك لجماع من غير احتلام، فأتم رسول الله صلى الله عليه وآله وسلم صوم ذلك اليوم ولم يقضه. وسألت زيدابن على (ع م) عن الصبي يبلغ في شهر رمضان والمشرك يسلم، قال عليه السلام يقضيان اليوم وما بقي من الشهر ولا شئ عليهما فيما مضى."
"zayd_0242","242","Musnad al-Imam Zayd ibn Ali","Zaydi","باب من رخص في افطار شهر رمضان:","= حدثني زيد بن علي عن أبيه عن جده عن علي (ع م) قال: لما أنزل الله عزوجل فريضة شهر رمضان أتت النبي صلى الله عليه وآله امرأة حبلى، فقالت يارسول الله اني امرأة حبلى وهذا شهر رمضان مفروض وهي تخاف على ما في بطنها ان صامت، فقال لها رسول الله صلى الله عليه وآله وسلم انطلقي فافطري فإذا اطقت فصومي وأتته امرأة ترضع فقالت يا رسول الله هذا شهر رمضان مفروض وهي تخاف ان صامت ان ينقطع لبنها فيهلك ولدها، فقال لها رسول الله صلى الله عليه وآله وسلم انطلقي فافطري فإذا اطقت فصومي، واتاه صاحب العطش فقال يارسول الله ان هذا شهر رمضان مفروض ولا أصبر عن الماء ساعة ويخاف على نفسه ان صام، فقال صلى الله عليه وآله انطلق فافطر فإذا اطقت فصم، وأتاه شيخ كبير يتوكأ بين رجلين، فقال يارسول الله هذا شهر رمضان مفروض ولا اطيق الصيام، فقال صلى الله عليه وآله اذهب فاطعم عن كل يوم نصف صاع للمساكين."
"zayd_0243","243","Musnad al-Imam Zayd ibn Ali","Zaydi","باب قضاء شهر رمضان:","= حدثني زيد بن علي عن أبيه عن جده عن علي (ع م) قال: في المريض والمسافر يفطران في شهر رمضان ثم يقضيان، قال (ع م) يتابعان بين القضاء وان فرقا اجزاهما. سألت زيدا بن علي (ع م) عن المريض يموت وعليه ايام من شهر رمضان، قال (ع م) يطعم عنه عن كل يوم نصف صاع ولا يصام عنه."
"zayd_0244","244","Musnad al-Imam Zayd ibn Ali","Zaydi","باب الوصال في الصيام وصوم الدهر:","= حدثني زيد بن علي عن أبيه عن جده عن علي (ع م) قال: لا وصال في صيام ولا صمت يوما إلى الليل."
"zayd_0245","245","Musnad al-Imam Zayd ibn Ali","Zaydi","باب الوصال في الصيام وصوم الدهر:","= حدثني زيد بن علي عن أبيه عن جده عن علي (ع م) قال: نهى رسول الله صلى الله عليه وآله عن صوم الدهر."
"zayd_0246","246","Musnad al-Imam Zayd ibn Ali","Zaydi","باب صوم التطوع:","= حدثني زيد بن علي عن أبيه عن جده عن علي (ع م) قال: صوم ثلاثة ايام من كل شهر يذهبن ببلابل الصدر غله وحسده."
"zayd_0247","247","Musnad al-Imam Zayd ibn Ali","Zaydi","باب صوم التطوع:","= حدثني زيد بن علي عن أبيه عن جده عن علي (ع م) قال: إذا اصبح الرجل ولم يفرض الصوم فهو بالخيار إلى ان تزول الشمس، فإذا زالت الشمس فلا خيار له وإذا اصبح وهو ينوي الصيام ثم أفطر فعليه القضاء."
"zayd_0248","248","Musnad al-Imam Zayd ibn Ali","Zaydi","باب كفارة من أفطر في شهر رمضان متعمدا:","= حدثني زيد بن علي عن أبيه عن جده عن علي (ع م) قال: جاء رجل إلى رسول الله صلى الله عليه وآله في شهر رمضان فقال: يارسول الله اني قد هلكت! قال صلى الله عليه وآله: وما ذاك؟ قال: باشرت اهلي فغلبتني شهوتي حتى فعلت، فقال صلى الله عليه وآله: هل تجد عتقا؟ قال: لا والله ما ملكت مخلوقا قط. قال صلى الله عليه وآله فصم شهرين متتابعين. قال لا والله لا أطيقه، قال صلى الله عليه وآله: فانطلق فاطعم ستين مسكينا، قال لا والله لا أقوى عليه، قال فأمر له رسول الله صلى الله عليه وآله بخمسة عشر صاعا لكل مسكين مد، فقال يارسول الله والذي بعثك بالحق نبيا ما بين لابتيها أهل بيت أحوج إليه منا قال صلى الله عليه وآله فانطلق وكله انت وعيالك."
"zayd_0249","249","Musnad al-Imam Zayd ibn Ali","Zaydi","AUTO باب الشهادة على رؤية الهلال:","= حدثني زيد بن علي عن أبيه عن جده عن علي (ع م) ان قوما جاءوا فشهدوا انهم صاموا لرؤية الهلال وانهم قد أتموا ثلاثين، فقال علي (ع م) إنا لم نصم الا ثمانية وعشرين يوما فدعا بهم ودعا بالمصحف فأنشدهم بالله وبما فيه من القرآن العظيم ما كذبوا ثم أمر الناس فأفطروا وأمرهم بقضاء يوم وأمر الناس ان يخرجوا من الغد إلى مصلاهم وذلك انهم شهدوا بعد الزوال."
"zayd_0250","250","Musnad al-Imam Zayd ibn Ali","Zaydi","AUTO باب الشهادة على رؤية الهلال:","= حدثني زيد بن علي عن أبيه عن جده عن علي (ع م) قال: إذا رأيتم الهلال من اول النهار فافطروا وإذا رأيتموه من آخر النهار فأتموا الصيام إلى الليل."
"zayd_0251","251","Musnad al-Imam Zayd ibn Ali","Zaydi","باب الاعتكاف:","= حدثني زيد بن علي عن أبيه عن جده عن علي (ع م) قال: لا اعتكاف الا في مسجد جامع ولا اعتكاف الا بصوم."
"zayd_0252","252","Musnad al-Imam Zayd ibn Ali","Zaydi","باب الاعتكاف:","= حدثني زيد بن علي عن أبيه عن جده عن علي (ع م) قال: إذا اعتكف الرجل فلا يرفث ولا يجهل ولا يقاتل ولا يساب ولا يماري ويعود المريض ويشهد الجنازة ويأتي الجمعة ولا يأتي أهله الا لغائط أو حاجة فيأمرهم بها وهو قائم لا يجلس."
"zayd_0253","253","Musnad al-Imam Zayd ibn Ali","Zaydi","باب كفارة الايمان:","قال وسمعت زيدا (ع م) يقول الايمان ثلاث يمين الصبر ويمين اللغو ويمين التحلة. فسألته عن تفسير ذلك، فقال عليه السلام (يمين الصبر) الرجل يحلف على الامر وهو يعلم انه يحلف على كذب، فهذا الصبر وهو أحد الكبائر واثمها أعظم من كفارتها فينبغي ان يتوب إلى الله تعالى وان يقلع وليس فيها كفارة، واما (يمين اللغو) فهو الرجل يحلف على الامر وهو يظن ان ذلك كما حلف عليه فليس في ذلك كفارة ولا إثم وهو قول الله عزوجل لا يؤاخذكم الله باللغو في ايمانكم ولكن يؤاخذكم بما عقدتم الايمان، واما (يمين التحلة) فهو الرجل يحلف ان لا يفعل امرا من الامور ثم يفعله فعليه في ذلك الكفارة كما قال تعالى: فاطعام عشرة مساكين من اوسط ما تطعمون أهليكم أو كسوتهم أو تحرير رقبة فمن لم يجد فصيام ثلاث ايام متتابعات وذلك قول الله عزوجل قد فرض الله لكم تحلة ايمانكم والله مولاكم هو العليم الحكيم."
"zayd_0254","254","Musnad al-Imam Zayd ibn Ali","Zaydi","باب كفارة الايمان:","= حدثني زيد بن علي عن أبيه عن جده عن علي (ع م) قال: يغديهم ويعشيهم نصف صاع من بر أو سويق أو دقيق أو صاعا من تمر أو صاعا من شعير يغديهم ويعشيهم. قوله من أوسط ما تطعمون اهليكم، قال: أوسطه الخبز والسمن والخبز الزيت وأفصله الخبز واللحم وادناه الخبز والملح وقوله تعالى أو كسوتهم، قال: يكسوهم ثوبا ثوبا يجزيهم ان يصلوا فيه. قال زيد بن علي (ع م) إذا حلف الرجل فقال والله أو بالله أو تالله ثم حنث، قال كفر، وان قال أقسم بالله أو أشهد بالله ثم حنث كفر، وإذا قال اقسم أو قال أشهد ولم يقل بالله فليس عليه حنث، وإذا قال انا يهودي أو نصراني أو مجوسي أو برئ من الاسلام ثم حنث فلا شئ عليه، وإذا قال علي نذر ان كلمت فلانا ثم كلمه فلا شئ عليه الا ان يقول لله علي نذر، فإذا قال ذلك ثم حنث فان كان نوى صياما أو عتقا أو اطعاما فعليه ما نوى وان لم يكن نوى شيئا فعليه كفارة يمين، وقال زيد بن علي (ع م) إذا حلف بشئ من صفات الله عزوجل ثم حنث فما كان من صفات الذات فعليه الكفارة وما كان من صفات الافعال فلا"
"zayd_0255","255","Musnad al-Imam Zayd ibn Ali","Zaydi","باب كفارة الايمان:","شئ عليه. وقال زيد بن علي (ع م) في الرجل لا يجد الا مسكينا واحدا فيردد عليه عشرة ايام، قال لا يجزيه الا عن مسكين واحد، وقال زيد ابن علي (ع م) في الرجل يحنث وهو معسر فيصوم ثم يجد ما يطعم في اليوم الثالث قبل ان تغيب الشمس، قال ينتقض صيامه وعليه الاطعام، وسألت زيدا بن علي (ع م) عن الرجل يطعم في كفارة اليمين أهل الذمة، فقال لا يجزيه ذلك ولا يجزيه ان يطعم اهل الذمة من شئ فرضه في القرآن ويجزيه ان يطعمهم من صدقة الفطر. سألت زيدا بن علي (ع م) عن رجل حلف لا يأكل هذا التمر فجعل منه ناطفا فأكل منه، فقال (ع م) لا يحنث، قلت فان حلف ان لا يأكل هذا الرطب فصار تمرا فأكل منه، قال (ع م) يحنث، قلت وما الفرق بين هذين والناطف من التمر والتمر من الرطب، قال (ع م) لان الناطف من التمر بانتقال وتغير أرأيت ان لو حلف ان لا يكلم هذا الرجل فكلم ابنا له ولد بعد ذلك انه لا يحنث وهو منه وكذلك لو حلف ان لا يأكل هذه الشاة فولدت جديا فأكل منه لم يحنث وهو منها فهذه تشبه الناطف ولو حلف ان لا يكلم هذا الصبي فصار رجلا فكلمه حنث ولو حلف ان لا يأكل هذا الحمل فصار كبشا فأكل منه حنث فهذا في الوجه يشبه الرطب لان هذا ليس بانتقال وقال سألت امرأة امير المؤمنين زيدا بن علي (ع م) فقالت يا ابن رسول الله حلفت ان لا آكل من لبن شاة لي فجعلت منه سمنا فأكلت منه، فقال (ع م) لا حنث عليك، قال فالزبد والشيراز قال (ع م) يحنث، وقال الزبد والشيراز ليس بانتقال والسمن انتقال . وسألت زيدا بن علي (ع م) عن رجل حلف ان لا يأكل تمرا فأكل رطبا أو حلف ان لا يأكل رطبا فأكل تمرا أو حلف ان لا يأكل لبنا فأكل شيرازا أو سمنا أو زبدا أو جبنا، قال (ع م) لا يحنث في شئ من ذلك فالحلف من الشئ من هذا بعينه والشئ بغير عينه يختلف قال وسألت زيدا بن علي (ع م) عن الصبي يحلف وهو صبي ثم يبلغ فيحنث، قال (ع م): لا شئ عليه وكذلك الكافر يحلف ثم يسلم فيحنث، قال (ع م) لا شئ عليه هدم الاسلام ما قبله. وقال زيد بن علي (ع م): وجه ايمان الناس على ما يريدون وينوون فان لم تكن لهم نية فاحمل ذلك على لغة بلدهم وما يتعارفون ولا تحملها على ما ينكرون."
"zayd_0256","256","Musnad al-Imam Zayd ibn Ali","Zaydi","باب كفارة الايمان:","= حدثني زيد بن علي عن أبيه عن جده عن علي (ع م) قال: كانت يمين رسول الله صلى الله عليه وآله التي يحلف بها والذي نفس محمد بيده وربما حلف، قال لا ومقلب القلوب ."
"zayd_0257","257","Musnad al-Imam Zayd ibn Ali","Zaydi","باب كفارة الايمان:","= حدثني زيد بن علي عن أبيه عن جده عن علي (ع م) انه كان إذا حلف قال والذي فلق الجنة وبرأ النسمة، قال أبو خالد الواسطي ما سمعت زيدا (ع م) حلف بيمين قط الا استثنى فيها فقال ان شاء الله كان ذلك في رضاء أو غضب، فسألته عن الاستثناء، فقال الاستثناء من كل شئ جائز."
"zayd_0258","258","Musnad al-Imam Zayd ibn Ali","Zaydi","باب فضل الحج وثوابه:","= حدثني زيد بن علي عن أبيه عن جده عن علي (ع م) قال: قال رسول الله صلى الله عليه وآله من أراد الدنيا والآخرة فليؤم هذا البيت فما أتاه عبد يسأل الله دنيا الا أعطاه الله منها ولا يسأله آخرة الا ادخر له منها ألا أيها الناس عليكم بالحج والعمرة فتابعوا بينهما فانهما يغسلان الذنوب كما يغسل الماء الدرن على الثوب وينفيان الفقر كما تنفي النار خبث الحديد."
"zayd_0259","259","Musnad al-Imam Zayd ibn Ali","Zaydi","باب فضل الحج وثوابه:","= حدثني زيد بن علي عن أبيه عن جده عن علي (ع م) قال: سمعت رسول الله صلى الله عليه وآله يقول تحت ظل العرش يوم لا ظل الا ظله رجل خرج من بيته حاجا أو معتمرا إلى بيت الله الحرام."
"zayd_0260","260","Musnad al-Imam Zayd ibn Ali","Zaydi","باب فضل الحج وثوابه:","= حدثني زيد بن علي عن أبيه عن جده عن علي (ع م) قال: لما كان عشية عرفة ورسول الله صلى الله عليه وآله واقف أقبل على الناس بوجهه، فقال مرحبا بوفد الله ثلاث مرات الذين إذا سألوا الله أعطاهم ويخلف عليهم نفقاتهم في الدنيا ويجعل لهم في الآخرة مكان كل درهم الفا الا ابشركم، قالوا بلا يارسول الله، قال فانه إذا كان في هذه العشية هبط الله سبحانه وتعالى إلى سماء الدنيا ثم أمر الله ملائكته فيهبطون إلى الارض فلو طرحت ابرة لم تسقط الا على رأس ملك، ثم يقول سبحانه وتعالى يا ملائكتي انظروا إلى عبادي شعثا غبرا قد جاؤوني من اطراف الارض هل تسمعون ما قالوا، قالوا يسألونك اي رب المغفرة، قال اشهدكم اني قد غفرت لهم ثلاث مرات فافيضوا من موقفكم مغفورا لكم ما قد سلف. قال زيد بن علي (ع م) ان الله عزوجل أعظم من ان يزول ولكن هبوطه نظره سبحانه وتعالى إلى الشئ."
"zayd_0261","261","Musnad al-Imam Zayd ibn Ali","Zaydi","باب فضل الحج وثوابه:","= حدثني زيد بن علي عن أبيه عن جده عن علي (ع م) قال: لما كان يوم النفر اصيب رجل من اصحاب رسول الله صلى الله عليه وآله فغسله وكفنه وصلى عليه ثم أقبل علينا بوجه الكريم، فقال هذا المطهر يلقى الله عز وجل بلا ذنب له يتبعه."
"zayd_0262","262","Musnad al-Imam Zayd ibn Ali","Zaydi","باب ما يوجب الحج:","= حدثني زيد بن علي عن أبيه عن جده عن علي عليهم السلام في قول الله عزوجل: ولله على الناس حج البيت من استطاع إليه سبيلا. قال عليه السلام: السبيل الزاد والراحلة، وقال عليه السلام: ولما نزلت هذه الآية قام رجل إلى النبي صلى الله عليه وآله فقال: يارسول الله الحج واجب علينا في كل سنة أو مرة واحدة في الدهر؟ فقال النبي صلى الله عليه وآله: بل مرة واحدة ولو قلت في كل سنة لوجب. قال يارسول الله فالعمرة واجبة مثل الحج؟ قال لا، ولكن ان اعتمرت خيرا لك ."
"zayd_0263","263","Musnad al-Imam Zayd ibn Ali","Zaydi","باب المواقيت:","= حدثني زيد بن علي عن أبيه عن جده عن علي عليهم السلام قال: ميقات من حج من المدينة أو اعتمر ذو الحليفة ، فمن شاء استمتع بثيابه واهله حتى يبلغ ذا الحليفة، وميقات من حج أو اعتمر من اهل العراق العقيق فمن شاء استمتع بثيابه واهله حتى يبلغ العقيق، وميقات. من حج أو اعتمر من اهل الشام الجحفة فمن شاء استمتع بثيابه واهله حتى يبلغ الجحفة، وميقات من حج من اهل اليمن أو اعتمر يلملم فمن شاء استمتع بثيابه واهله حتى يبلغ يلملم، وميقات من حج أو اعتمر من اهل نجد قرن المنازل فمن شاء استمتع بثيابه واهله حتى يبلغ قرن المنازل، وميقات من كان دون المواقيت من اهله داره."
"zayd_0264","264","Musnad al-Imam Zayd ibn Ali","Zaydi","باب المواقيت:","= حدثني زيد بن علي عن أبيه عن جده عن علي عليهم السلام قال: من تمام الحج والعمرة ان تهل بهما جميعا من دويرة اهلك."
"zayd_0265","265","Musnad al-Imam Zayd ibn Ali","Zaydi","باب الاهلال والتلبية:","= حدثني زيد بن علي عن أبيه عن جده عن علي (ع م) قال: من شاء ممن لم يحج تمتع بالعمرة إلى الحج ومن شاء قرنهما جميعا ومن شاء أفرد."
"zayd_0266","266","Musnad al-Imam Zayd ibn Ali","Zaydi","باب الاهلال والتلبية:","= حدثني زيد بن علي عن أبيه عن جده عن علي عليهم السلام ان تلبية النبي صلى الله عليه وآله لبيك اللهم لبيك لبيك لا شريك لك لبيك ان الحمد والنعمة لك والملك لا شريك لك. قال زيد بن علي (ع م): إن شئت اقتصرت على ذلك وان شئت زدت عليه كل ذلك حسن."
"zayd_0267","267","Musnad al-Imam Zayd ibn Ali","Zaydi","باب الطواف بالبيت:","= حدثني زيد بن علي عن أبيه عن جده عن علي عليهم السلام في القارن عليه طوافان وسعيان ."
"zayd_0268","268","Musnad al-Imam Zayd ibn Ali","Zaydi","باب الطواف بالبيت:","= حدثني زيد بن علي عن أبيه عن جده عن على عليهم السلام قال: اول مناسك الحج اول ما يدخل مكة يأتي الكعبة يتمسح بالحجر الاسود ويكبر ويذكر الله تعالى ويطوف، فإذا انتهى إلى الحجر الاسود فذلك شوط فليطف كذلك سبع مرات فان استطاع ان يتمسح بالحجر الاسود في كلهن فعل وان لم يجد إلى ذلك سبيلا مسح ذلك في اولهن وفي آخرهن، فإذا قضى طوافه فليأت مقام إبراهيم صلى الله على نبينا وعليه وعلى آلهما وسلم فليصل ركعتين واربع سجدات ثم ليسلم ثم ليتمسح بالحجر الاسود بعد التسليم حين يريد الخروج إلى الصفا والمروة."
"zayd_0269","269","Musnad al-Imam Zayd ibn Ali","Zaydi","باب الطواف بالبيت:","= حدثني زيد بن علي عن أبيه عن جده عن علي (ع م) في الرجل ينسى فيطوف ثمانية فليزد عليها ستة حتى تكون اربعة عشر ويصلي اربع ركعات."
"zayd_0270","270","Musnad al-Imam Zayd ibn Ali","Zaydi","باب السعي بين الصفا والمروة:","= حدثني زيد بن علي عن أبيه عن جده عن علي (ع م) في قول الله عز وجل: ان الصفا والمروة من شعائر الله فمن حج البيت أو اعتمر فلا جناح عليه ان يطوف بهما. قال عليه السلام: كان عليهما اصنام فتحرج المسلمون من الطواف بينهما لاجل الاصنام فأنزل الله عزوجل لئلا يكون عليهم حرج في الطواف من اجل الاصنام."
"zayd_0271","271","Musnad al-Imam Zayd ibn Ali","Zaydi","باب السعي بين الصفا والمروة:","= حدثني زيد بن علي عن أبيه عن جده عن علي عليهم السلام قال: يبدأ بالصفا ويختم بالمروة، فإذا انتهى إلى بطن الوادي سعى حتى يجاوزه فان كانت به علة لا يقدر ان يمشي ركب."
"zayd_0272","272","Musnad al-Imam Zayd ibn Ali","Zaydi","باب الوقوف بعرفات:","= حدثني زيد بن علي عن أبيه عن جده عن علي عليهم السلام قال: يوم عرفة يوم التاسع يخطب الإمام الناس يومئذ بعد الزوال ويصلي الظهر والعصر يومئذ بأذان واقامتين ويجمع بينهما بعد الزوال. قال ثم يعرف الناس بعد العصر حتى تغيب الشمس ثم يفيضون."
"zayd_0273","273","Musnad al-Imam Zayd ibn Ali","Zaydi","باب الوقوف بعرفات:","= حدثني زيد بن علي عن أبيه عن جده عن علي (ع م) قال: من فاته الموقف بعرفة مع الناس فأتاها ليلا ثم أدرك الناس في جمع قبل انصراف الناس فقد أدرك الحج."
"zayd_0274","274","Musnad al-Imam Zayd ibn Ali","Zaydi","باب الوقوف بعرفات:","= حدثني زيد بن علي عن أبيه عن جده عن علي عليهم السلام قال: الحج عرفات والعمرة والطواف بالبيت."
"zayd_0275","275","Musnad al-Imam Zayd ibn Ali","Zaydi","باب المزدلفة والبيوت بها:","= حدثني زيد بن علي عن أبيه عن جده عن علي عليهم السلام قال: لا يصلي الإمام المغرب والعشاء الا بجمع حيث يخطب الناس يصليهما بأذان واحد واقامة واحدة ثم يبيتون بها، فإذا صلى الفجر وقف بالناس عند المشعر الحرام حتى تكاد الشمس تطلع ثم يفيضون وعليهم السكينة والوقار."
"zayd_0276","276","Musnad al-Imam Zayd ibn Ali","Zaydi","باب المزدلفة والبيوت بها:","= حدثني زيد بن علي عن أبيه عن جده عن علي عليهم السلام أن النبي صلى الله عليه وآله قدم النساء والصبيان وضعفة اهله في السحر ثم أقام هو حتى وقف بعد الفجر."
"zayd_0277","277","Musnad al-Imam Zayd ibn Ali","Zaydi","باب رمي الجمار:","= حدثني زيد بن علي عن أبيه عن جده عن علي عليهم السلام قال: ايام الرمي يوم النحر وهو يوم العاشر يرمي فيه جمرة العقبة بعد طلوع الشمس بسبع حصيات يكبر مع كل حصاة ولا يرمي يومئذ من الجمار غيرها، وثلاثة ايام بعد يوم النحر يوم حادي عشر ويوم ثاني عشر ويوم ثالث عشر يرمي فيهن الجمار الثلاث بعد الزوال كل جمرة بسبع حصيات يكبر مع كل حصاة ويقف عند الجمرتين الاولتين ولا يقف عند جمرة العقبة."
"zayd_0278","278","Musnad al-Imam Zayd ibn Ali","Zaydi","باب طواف الزيارة:","= حدثني زيد بن علي عن أبيه عن جده عن علي عليهم السلام في قول الله عزوجل ثم ليقضوا تفثهم وليوفوا نذورهم وليطوفوا بالبيت العتيق قال: هو طواف الزيارة يوم النحر وهو الطواف الواجب، فإذا طاف الرجل طواف الزيارة حل له الطيب والنساء وان قصر وذبح ولم يطف حل له الطيب والصيد واللباس ولم يحل له النساء حتى يطوف بالبيت. وقال زيد بن علي (ع م): فروض الحج ثلاثة: الاحرام والوقوف بعرفة وطواف الزيارة يوم النحر."
"zayd_0279","279","Musnad al-Imam Zayd ibn Ali","Zaydi","باب طواف الصدر:","= حدثني زيد بن علي عن أبيه عن جده عن على عليهم السلام قال: من حج فليكن آخر عهده بالبيت الا النساء الحيض فان رسول الله (ص) رخص لهن في ذلك."
"zayd_0280","280","Musnad al-Imam Zayd ibn Ali","Zaydi","باب اللباس للمحرم:","= حدثني زيد بن علي عن أبيه عن جده عن علي (ع م) قال: لا يلبس المحرم قميصا ولا سراويل ولا خفين ولا عمامة ولا قلنسوة ولا ثوبا مصبوغا بورس ولا زعفران، قال وان لم يجد المحرم نعلين لبس خفين . مقطوعين اسفل من الكعبين، وان لم يجد ازارا لبس سراويل فان لم يجد رداء ووجد قميصا ارتداه ولم يتدرعه."
"zayd_0281","281","Musnad al-Imam Zayd ibn Ali","Zaydi","باب اللباس للمحرم:","= حدثني زيد بن علي عن أبيه عن جده عن علي عليهم السلام قال: تلبس المرأة المحرمة ما شاءت من الثياب غير ما صبغ بطيب وتلبس الخفين والسروايل والجبة."
"zayd_0282","282","Musnad al-Imam Zayd ibn Ali","Zaydi","باب اللباس للمحرم:","= حدثني زيد بن علي عن أبيه عن جده عن علي عليهم السلام قال: احرام الرجل في رأسه واحرام المرأة في وجهها."
"zayd_0283","283","Musnad al-Imam Zayd ibn Ali","Zaydi","باب جزاء الصيد:","= حدثني زيد بن علي عن أبيه عن جده عن علي (ع م) قال: لا يقتل المحرم الصيد ولا يشير إليه ولا يدل عليه ولا يتبعه."
"zayd_0284","284","Musnad al-Imam Zayd ibn Ali","Zaydi","باب جزاء الصيد:","= حدثني زيد بن علي عن أبيه عن جده عن علي عليهم السلام قال: في النعامة بدنة وفى البقرة الوحشية بدنة وفي حمار الوحش بدنة وفي الظبي شاة وفي الضبع شاة وفي الجرادة قبضة من طعام ."
"zayd_0285","285","Musnad al-Imam Zayd ibn Ali","Zaydi","باب جزاء الصيد:","= حدثني زيد بن علي عن أبيه عن جده عن علي (ع م) قال: لما كان في ولاية عمر أقبل قوم من اهل الشام محرمين فأصابوا بيض نعام فأوطأوا وكسروا وأخذوا، قال فأتوا عمر في ولايته فهم بهم وانتهرهم ثم قال: اتبعوني حتى آتي عليا قال فأتوا عليا وهو في ارض له وبيده مسحاة يقلع بها الارض فضرب عمر بيده عضده وقال: ما أخطأ من سماك أبا تراب! قال فقص القوم على علي بن أبي طالب القصة، قال فقال علي (ع م): انطلقوا إلى نوق أبكار فاطرقوها فحلها فما نتج فانحروه لله عزوجل. فقال عمر: يا أبا الحسن ان من البيض ما يمذق ، قال فقال عليه السلام: ومن النوق ما يزلق. وسألت زيدا بن علي (ع م) عن جزاء الصيد فقال (ع م): فيه الجزاء، قال وان لم تجد ما تنحره قومه طعاما ثم تصدق به على المساكين. قال عليه السلام: فان لم يجد ما يطعم صام مكان كل نصف صاع يوما. وسألت زيدا بن علي (ع م) عن القارن، قال عليه كفارتان، قال سألت زيدا بن علي (ع م) عن الحلال يقتل الصيد في الحرم، قال عليه الجزاء، قلت فان كان محرما قتل صيدا في الحرم، قال عليه كفارتان."
"zayd_0286","286","Musnad al-Imam Zayd ibn Ali","Zaydi","باب القارن والمتمتع لا يجدان الهدى:","= حدثني زيد بن علي عن أبيه عن جده عن علي (ع م) قال: على القارن والمتمتع هدى فان لم يجدا صاما ثلاثة ايام في الحج آخرهن يوم عرفة وسبعة ايام إذا رجع إلى اهله ذلك لمن لم يكن اهله حاضر المسجد الحرام."
"zayd_0287","287","Musnad al-Imam Zayd ibn Ali","Zaydi","باب الحلق والتقصير:","= حدثني زيد بن علي عن أبيه عن جده عن علي (ع م) قال: اول المناسك يوم النحر رمي الجمرة ثم الذبح ثم الحلق ثم طواف الزيارة."
"zayd_0288","288","Musnad al-Imam Zayd ibn Ali","Zaydi","باب الحلق والتقصير:","= حدثني زيد بن علي عن أبيه عن جده عن علي (ع م) قال: قال رسول الله صلى الله عليه وآله اللهم اغفر للمحلقين ثلاثا اللهم اغفر للمقصرين مرة واحدة."
"zayd_0289","289","Musnad al-Imam Zayd ibn Ali","Zaydi","باب الحلق والتقصير:","= حدثني زيد بن علي عن أبيه عن جده عن علي (ع م) فيمن اصابه أذى من رأسه فحلقه يصوم ثلاثة ايام وان شاء اطعم ستة مساكين لكل مسكين نصف صاع وان شاء نسكا ذبح شاة."
"zayd_0290","290","Musnad al-Imam Zayd ibn Ali","Zaydi","باب المحرم يجامع أو يقبل:","= حدثني زيد بن علي عن أبيه عن جده عن علي (ع م) قال: إذا واقع الرجل امرأته وهما محرمان تفرقا حتى يقضيا نسكهما وعليهما الحج من قابل فلا ينتهيان إلى ذلك المكان الذي أصابا فيه الحدث الا وهما محرمان فإذا انتهيا إليه تفرقا حتى يقضيا نسكهما وينحر كل واحد منهما هديا"
"zayd_0291","291","Musnad al-Imam Zayd ibn Ali","Zaydi","باب المحرم يجامع أو يقبل:","وقال زيد بن علي (ع م): من قضى المناسك كلها الا الطواف ثم واقع أهله فسد حجه وعليه الحج من قابل وعليه بدنة لما أفسد من حجته، وقال زيد بن علي (ع م) في المحرم يقبل امرأته ان عليه هديا شاة فان أمنى فعليه مثل ذلك وحجته تامة."
"zayd_0292","292","Musnad al-Imam Zayd ibn Ali","Zaydi","باب الدهن والطيب والحجامة للمحرم:","= حدثني زيد بن علي عن أبيه عن جده عن علي (ع م) قال: لا يدهن المحرم ولا يتطيب فان أصابه شقاق دهنه مما يأكل لايدهن المحرم ولا يتطيب فان أصابه شقاق دهنه مما يأكل."
"zayd_0293","293","Musnad al-Imam Zayd ibn Ali","Zaydi","باب الدهن والطيب والحجامة للمحرم:","= حدثني زيد بن علي عن أبيه عن جده عن علي (ع م) قال: لا ينزع المحرم ضرسه ولا ظفره الا ان يؤذياه وإذا اشتكا عينه اكتحل بالصبر ليس فيه زعفران."
"zayd_0294","294","Musnad al-Imam Zayd ibn Ali","Zaydi","باب الدهن والطيب والحجامة للمحرم:","= حدثني زيد بن علي عن أبيه عن جده عن علي (ع م) قال: يحتجم المحرم ان شاء."
"zayd_0295","295","Musnad al-Imam Zayd ibn Ali","Zaydi","باب ما يقتل المحرم من الهوام والدواب:","= حدثني زيد بن علي عن أبيه عن جده عن علي (ع م) قال: يقتل المحرم من الحيات الاسود والافعى والعقرب والكلب العقور ويرمي الغراب ويقتل من قاتله."
"zayd_0296","296","Musnad al-Imam Zayd ibn Ali","Zaydi","باب ما تقضي الحائض من المناسك:","= حدثني زيد بن علي عن أبيه عن جده عن علي (ع م) قال: في الحائض انها تعرف وتنسك مع الناس المناسك كلها وتأتي المشعر الحرام وترمي الجمار وتسعى بين الصفا والمروة ولا تطوف بالبيت حتى تطهر."
"zayd_0297","297","Musnad al-Imam Zayd ibn Ali","Zaydi","باب النذور في الحج:","= حدثني زيد بن علي عن أبيه عن جده عن علي (ع م) في امرأة نذرت ان تحج ماشية فلم تستطع ان تمشي قال: فلتركب وعليها شاة مكان المشي. قال زيد بن علي (ع م) في رجل قال ان كلمت فلانا فعلي حجة انه لا شئ عليه فان قال ان كلمته فلله علي حجة وجبت عليه."
"zayd_0298","298","Musnad al-Imam Zayd ibn Ali","Zaydi","باب المحصر:","قال وسألت زيدا بن علي (ع م) عن المحصر فقال: من كل عدو خالس أو مرض مانع يبعث هديا ويواعدهم يوما ينحرونه فإذا كان ذلك اليوم أحل فان كان محرما بعمرة فعليه عمرة مكانها وان كانت عليه حجة فعليه حجة مكانها."
"zayd_0299","299","Musnad al-Imam Zayd ibn Ali","Zaydi","باب في حج الصبي والاعرابي والعبد:","= حدثني زيد بن علي عن أبيه عن جده عن علي (ع م) قال: إذا حج الاعرابي أجزاه ما دام اعرابيا فإذا هاجر فعليه حجة الاسلام وإذا حج الصبي أجزاه مدام صبيا فإذا بلغ فعليه حجة الاسلام وإذا حج العبد أجزاه مادام عبدا فإذا عتق فعليه حجة الاسلام."
"zayd_0300","300","Musnad al-Imam Zayd ibn Ali","Zaydi","باب الرجل يحج عن الرجل:","= حدثني زيد بن علي عن أبيه عن جده عن علي (ع م) ان رسول الله صلى الله عليه وآله سمع رجل يلبي عن شبرمة، فقال له رسول الله صلى الله عليه وآله ومن شبرمة، فقال اخ لي، فقال له النبي صلى الله عليه وآله ان كنت حججت فلب عن شبرمة وان كنت لم تحج فلب عن نفسك."
"zayd_0301","301","Musnad al-Imam Zayd ibn Ali","Zaydi","باب الرجل يحج عن الرجل:","= حدثني زيد بن علي عن أبيه عن جده عن علي (ع م) قال: من أوصى بحجة كانت ثلاث حجج عن الموصي وعن الموصى إليه وعن الحاج."
"zayd_0302","302","Musnad al-Imam Zayd ibn Ali","Zaydi","باب البدنة والهدي:","= حدثني زيد بن علي عن أبيه عن جده عن علي (ع م) في قوله تعالى والبدن جعلناها لكم من شعائر الله لكم فيها خير فاذكروا اسم الله عليها صواف، قال معقولة على ثلاث فإذا وجبت جنوبها اي فإذا نحرت فكلوا منها واطعموا القانع والمعتر، قال القانع الذي يسأل والمعتر الذي يتعرض ولا يسأل."
"zayd_0303","303","Musnad al-Imam Zayd ibn Ali","Zaydi","باب البدنة والهدي:","= حدثني زيد بن علي عن أبيه عن جده عن علي (ع م) في رجل ضلت بدنته فأيس منها فاشترى مثلها مكانها أو خيرا منها ثم وجد الاولى قال (ع م) ينحرهما جميعا."
"zayd_0304","304","Musnad al-Imam Zayd ibn Ali","Zaydi","باب البدنة والهدي:","= حدثني زيد بن علي عن أبيه عن جده عن علي (ع م) في البدنة تنتج قال: لا يشرب من لبنها الا فضلا عن ولدها فإذا بلغت نحرهما جميعا فان لم يجد ما يحمل عليه ولها فليحمله على امه التي ولدته وعدله غير باغ ولاعادو لامتعد."
"zayd_0305","305","Musnad al-Imam Zayd ibn Ali","Zaydi","باب البدنة والهدي:","= حدثني زيد بن علي عن أبيه عن جده عن علي (ع م) من اعتل ظهر عليه فليركب بدنته بالمعروف، ورأى رسول الله صلى الله عليه وآله رجالا يمشون فأمرهم فركبوا هدية ولستم براكبي سنة أهدى من سنة نبيكم صلى الله عليه وآله."
"zayd_0306","306","Musnad al-Imam Zayd ibn Ali","Zaydi","باب الدعاء عند الذبح (3):","= حدثني زيد بن علي عن أبيه عن جده عن علي (ع م) انه كان إذا ذبح نسكه استقبل القبلة، ثم قال: وجهت وجهي للذي فطر السموات والارض حنيفا مسلما وما انا من المشركين ان صلاتي ونسكي ومحياي ومماتي لله رب العالمين لا شريك لك وبذلك أمرت وأنا من المسلمين بسم الله والله أكبر اللهم منك واليك اللهم تقبل من علي، وكان يكره ان ينخعها حتى تموت وكان عليه السلام يطعم ثلثا ويأكل ثلثا ويدخر ثلثا."
"zayd_0307","307","Musnad al-Imam Zayd ibn Ali","Zaydi","باب الاضحى وايام النحر والتشريق:","قال إبراهيم بن الزبرقان قال: حدثني أبو خالد رحمه الله قال:"
"zayd_0308","308","Musnad al-Imam Zayd ibn Ali","Zaydi","باب الاضحى وايام النحر والتشريق:","= حدثني زيد بن علي عن أبيه عن جده عن علي (ع م) قال: انه قال في الاضحية تكون سليمة العينين."
"zayd_0309","309","Musnad al-Imam Zayd ibn Ali","Zaydi","باب الاضحى وايام النحر والتشريق:","= حدثني زيد بن علي عن أبيه عن جده عن علي (ع م) قال: ايام النحر ثلاثة ايام، يوم العاشر من ذي الحجة ويومان بعده في ايها ذبحت أجزاك وأشهر الحج وهي قول الله عزوجل الحج أشهر معلومات شوال وذو القعدة وعشر من ذي الحجة والايام المعلومات ايام العشر والمعدودات هي ايام التشريق فمن تعجل في يومين فنفر بعد يوم النحر بيومين فلا إثم عليه ومن تأخر فلا إثم عليه. باب ما يجزي من الاضحية:"
"zayd_0310","310","Musnad al-Imam Zayd ibn Ali","Zaydi","باب الاضحى وايام النحر والتشريق:","= حدثني زيد بن علي عن أبيه عن جده عن علي (ع م) انه قال: في الاضحية سليمة العينين والاذنين والقوائم لا شرقا ولا خرقا ولا مقابلة ولا مدابرة، أمرنا رسول الله صلى الله عليه وآله ان نستشرف العين والاذن الثني من المعز والجذع من الضأن إذا كان سمينا لاخرقا ولا جدعا ولا هرمة ولا ذات عوار فإذا أصابها شئ بعدما تشتريها فبلغت المنحر فلا بأس. قال أبو خالد رحمه الله فسر لنا زيد بن علي (ع م) المقابلة ما قطع طرف من اذنها والمدابرة ما قطع من جانب الاذن والشرقا الموسومة والخرقا المثقوبة الاذن."
"zayd_0311","311","Musnad al-Imam Zayd ibn Ali","Zaydi","باب جلود الاضحية:","= حدثني زيد بن علي عن أبيه عن جده عن علي (ع م) قال: لا تبيعوا لحوم أضاحيكم ولا جلودها وكلوا منها واطعموا وتمتعوا، وقال علي عليه السلام أمرني رسول الله صلى الله عليه وآله حين بعث معي بالهدى ان أتصدق بجلودها وحليها وخطمها ولا اعطي الجازر من جلودها شيئا."
"zayd_0312","312","Musnad al-Imam Zayd ibn Ali","Zaydi","باب الاكل من لحوم الاضاحي:","= حدثني زيد بن علي عن أبيه عن جده عن علي (ع م) قال: نهى رسول الله صلى الله عليه وآله عن لحوم الاضاحي ان ندخرها فوق ثلاثة ايام ونهى ان ننبذ في الدبا والنقير والمزفت والحنتم ونهانا عن زيارة القبور، قال فلما كان من بعد ذلك، قال يا أيها الناس اني كنت نهيتكم عن لحوم الاضاحي ان تدخروها فوق ثلاثة ايام وذلك لفاقة المسلمين لتواسوا بينكم فقد وسع الله عليكم فكلوا واطعموا وادخروا، ونهيتكم ان تنبذوا في الدبا والنقير والمزفت والحنتم فان الانا لا يحل شيئا ولا يحرمه ولكن اياي وكل مسكر، ونهيتكم عن زيارة القبور وذلك ان المشركين كانوا يأتونها فيعكفون عندها وينحرون عندها ويقولون هجرا من القول فلا تفعلوا كفعلهم ولا بأس باتيانها فان في اتيانها عظة ما لم تقولوا هجرا. قال أبو خالد رحمه الله فسر لنا زيد بن علي (ع م) الدبا القرع والنقير هو نقير النخل والمزفت المقير والحنتم البراني ."
"zayd_0313","313","Musnad al-Imam Zayd ibn Ali","Zaydi","باب الذبائح:","= حدثني زيد بن علي عن أبيه عن جده عن علي (ع م) انه ذكر ذبيحة الظفر والسن والعظم وذبيحة القصبة الا ما ذكي بحديدة."
"zayd_0314","314","Musnad al-Imam Zayd ibn Ali","Zaydi","باب الذبائح:","= حدثني زيد بن علي عن أبيه عن جده عن على (ع م) قال: ذبيحة المسلمين لكم حلال إذا ذكروا اسم الله تعالى وذبائح اليهود والنصارى لكم حلال إذا ذكروا اسم الله تعالى ولا تأكلوا ذبائح المجوس ولا نصارى العرب فانهم ليسوا بأهل كتاب. وسألت زيدا بن علي (ع م) عن ذبيحة الغلام قال (ع م) إذا حفظ الصلاة وافرا فلا بأس، وسألته عليه السلام عن ذبيحة المرأة، قال عليه السلام إذا أفرت فلا بأس."
"zayd_0315","315","Musnad al-Imam Zayd ibn Ali","Zaydi","باب في الجنين:","= حدثني زيد بن علي عن أبيه عن جده عن علي (ع م) قال: في أجنة الانعام ذكاتهن ذكاة امهاتهن إذا اشعرن"
"zayd_0316","316","Musnad al-Imam Zayd ibn Ali","Zaydi","باب البقرة تند والبعير:","= حدثني زيد بن علي عن أبيه عن جده عن علي (ع م) في بقرة أو ناقة ندت فضربت بالسلاح، قال لا بأس بلحمها."
"zayd_0317","317","Musnad al-Imam Zayd ibn Ali","Zaydi","باب البقرة تند والبعير:","= حدثني زيد بن علي عن أبيه عن جده عن علي (ع م) قال: مابان من البهيمة يدا أو رجلا أو الية وهي حية لم تؤكل لان ذلك ميتة."
"zayd_0318","318","Musnad al-Imam Zayd ibn Ali","Zaydi","باب البقرة تند والبعير:","= حدثني زيد بن علي عن أبيه عن جده عن علي (ع م) قال: إذا أدركت ذكاتها وهي تطرف بعينها أو تركض برجلها أو تحرك ذنبها فقد أدركت. سألت زيدا بن علي (ع م) عن البعير يتردى في البئر فلا يقدر على منحره فيطعن في دبره أو في خاصرته، قال عليه السلام لا بأس بأكله."
"zayd_0319","319","Musnad al-Imam Zayd ibn Ali","Zaydi","باب في الذبيحة يبين رأسها:","= حدثني زيد بن علي عن أبيه عن جده عن علي (ع م) في رجل ذبح شاة أو طائرا أو نحو ذلك فأبان رأسه فلا بأس بذلك تلك ذكاة شرعية."
"zayd_0320","320","Musnad al-Imam Zayd ibn Ali","Zaydi","باب الصيد:","حدثنى زيد على عن أبيه عن جده عن علي (ع م) قال: أتى إلى رسول الله صلى الله عليه وآله راع بأرنب مشوية قال: فقال رسول الله صلى الله عليه وآله حيث أتاه أهدية ام صدقة، فقال يا رسول الله بل هدية فأدناها إلى رسول الله صلى الله عليه وآله فنظر رسول الله صلى الله عليه وآله إليها فرأى في حياها دما، قال عليه السلام فقال رسول الله صلى الله عليه وآله للقوم اما ترون ما أرى، قالوا بلى يارسول الله أثر الدم، فقال صلى الله عليه وآله دونكم، فقال القوم، أتأكل يا رسول الله، قال نعم وانما تركها رسول الله صلى الله عليه وآله اعافة، قال (ع م) فأكل القوم، قال: فقال الراعي يا رسول الله ما ترى في أكل الضب، قال: فقال صلى الله عليه وآله لا نأكل ولا نطعم ما لا نأكل قال يا رسول الله فاني أرعى غنم أهلي فتكون العارضة أخاف ان تفوتنى بنفسها وليست معي مدية أفأذبح بسني، قال لا، قال فبظفري قال لا، قال فبعظم قال لا قال فبعود قال لا، قال فيم يا رسول الله، قال بالمروة والحجرين تضرب أحدهما على الاخرى فان فرى فكل وان لم يفر فلا تأكل، فقال الراعي يا رسول الله اني ارمي بالسهم فاصمي وانمي، فقال ما اصميت فكل وما أنميت فلا تأكل. قال أبو خالد رحمه الله فسر لنا زيد بن علي (ع م) الاصما ما كان بعينك والانما ينأى عنك أي ما غاب عنك، قال فلعل عير سهمك أعان على قتله."
"zayd_0321","321","Musnad al-Imam Zayd ibn Ali","Zaydi","باب الرجل يضحي قبل ان يصلي الامام:","حدثنا زيد بن علي عن أبيه عن جده عن علي عليهم السلام قال: لما قضى رسول الله صلى الله عليه وآله صلاة يوم النحر تلقاه رجل من الانصار فقال يار سول الله اكرمني اليوم بنفسك، فقال وما ذاك؟ قال اني أمرت بنسكي قبل ان أخرج ان يذبح فأحببت ان أبدأ بك يارسول الله، فقال رسول الله صلى الله عليه وآله فشاتك شاة لحم، قال يارسول الله ان عندي عناقا لي جذعة قال اذبحها ولا رخصة فيها لاحد بعدك. قال وقال رسول الله الجذع من الضأن إذا كان سمينا سليما والثني من المعز ."
"zayd_0322","322","Musnad al-Imam Zayd ibn Ali","Zaydi","باب صيد الكلاب والجوارح:","= حدثني زيد بن علي عن أبيه عن جده عن علي (ع م) أن رجالا من طي سألوا النبي صلى الله عليه وآله عن صيد الكلاب والجوارح وما أحل لهم من ذلك وما حرم عليهم فأنزل الله عزوجل: يسألونك ماذا أحل لهم قل أحل لكم الطيبات وما علمتم من الجوارح مكلبين تعلمونهن مما علمكم الله فكلوا مما أمسكن عليكم واذكروا اسم الله عليه. وقال زيد بن علي عليهما السلام: لا يؤكل من صيد الكلب والفهد والبازي والصقر إذا كان غير معلم الا ما أدركت ذكاته ، لان الله عز وجل يقول: فكلوا مما أمسكن عليكم واذكروا اسم الله. فانما أحل الله لكم ما علمتم من الجوارح فتعليم الكلب والفهد لا يأكل وتعليم البازي والصقر ان يدعل فيجيب."
"zayd_0323","323","Musnad al-Imam Zayd ibn Ali","Zaydi","باب صيد الكلاب والجوارح:","= حدثني زيد بن علي عن أبيه عن جده عن علي (ع م) ان رسول الله صلى الله عليه وآله نهى عن الضب والضبع وعن كل ذي ناب من السباع وعن كل ذي مخلب من الطير وعن لحم الحمر الاهلية."
"zayd_0324","324","Musnad al-Imam Zayd ibn Ali","Zaydi","باب البيوع وفضل الكسب من الحلال:","= حدثني زيد بن علي عن أبيه عن جده عن علي عليهم السلام قال: الاكتساب من الحلال جهاد وانفاقك اياه على عيالك وأقاربك صدقة ولدرهم حلال من تجارة افضل من عشرة حلال من غيره."
"zayd_0325","325","Musnad al-Imam Zayd ibn Ali","Zaydi","باب البيوع وفضل الكسب من الحلال:","= حدثني زيد بن علي عن أبيه عن جده عن علي (ع م) قال: سمعت رسول الله صلى الله عليه وآله يقول: تحت ظل العرش يوم لا ظل الا ظله رجل خرج ضاربا في الارض يطلب من فضل الله يعود به على عياله."
"zayd_0326","326","Musnad al-Imam Zayd ibn Ali","Zaydi","باب البيوع وفضل الكسب من الحلال:","= حدثني زيد بن علي عن أبيه عن جده عن علي (ع م) قال: قال رسول الله صلى الله عليه وآله ان الله يحب العبد سهل البيع سهل الشراء سهل القضاء سهل الاقتضاء."
"zayd_0327","327","Musnad al-Imam Zayd ibn Ali","Zaydi","باب الفقه قبل التجارة:","= حدثني زيد بن علي عن أبيه عن جده عن علي عليهم السلام ان رجلا أتاه فقال يا امير المؤمنين اني أريد التجارة فادع الله لي فقال له (ع م): أو فقهت في دين الله عزوجل؟ قال أو يكون بعض ذلك، قال ويحك الفقه ثم المتجر، ان من باع واشترى ولم يسأل عن حلال ولا حرام ارتطم في الربا ثم ارتطم."
"zayd_0328","328","Musnad al-Imam Zayd ibn Ali","Zaydi","باب الإمام يتجر في رعيته:","= حدثني زيد بن علي عن أبيه عن جده عن علي (ع م) قال: قال رسول الله صلى الله عليه وآله اني لعنت ثلاثة فلعنهم الله تعالى: الإمام يتجر في رعيته وناكح البهيمة والذكرين ينكح احدهما الآخر."
"zayd_0329","329","Musnad al-Imam Zayd ibn Ali","Zaydi","باب الكسب من اليد يعني الصانع:","= حدثني زيد بن علي عن أبيه عن جده عن علي (ع م) قال: جاء رجل إلى النبي صلى الله عليه وآله فقال يارسول الله أي الكسب افضل؟ فقال صلى الله عليه وآله: عمل الرجل بيده وكل بيع مبرور فان الله يحب المؤمن المحترف ومن كد على عياله كان كالمجاهد في سبيل الله عزوجل."
"zayd_0330","330","Musnad al-Imam Zayd ibn Ali","Zaydi","باب الكسب من اليد يعني الصانع:","= حدثني زيد بن علي عن أبيه عن جده عن علي (ع م) قال: من طلب الدنيا حلالا تعطفا على والد أو ولد أو زوجة بعثه الله تعالى ووجهه على صورة القمر ليلة البدر."
"zayd_0331","331","Musnad al-Imam Zayd ibn Ali","Zaydi","باب أكل الربا وعظم اثمه والحلف على البيع:","= حدثني زيد بن علي عن أبيه عن جده عن علي (ع م) قال: لعن رسول الله صلى الله عليه وآله أكل الربا ومؤكله وبائعه ومشتريه كاتبه وشاهديه."
"zayd_0332","332","Musnad al-Imam Zayd ibn Ali","Zaydi","باب أكل الربا وعظم اثمه والحلف على البيع:","= حدثني زيد بن علي عن أبيه عن جده عن علي عليهم السلام قال: قال رسول الله صلى الله عليه وآله اني مخاصم من أمتى ثلاثة يوم القيامة ومن خاصمته خصمته: رجل باع حرا وأكل ثمنه ومن أخفر ذمتي ومن أكل الربا وأطعمه."
"zayd_0333","333","Musnad al-Imam Zayd ibn Ali","Zaydi","باب أكل الربا وعظم اثمه والحلف على البيع:","= حدثني زيد بن علي عن أبيه عن جده عن علي (ع م) قال: قال رسول الله صلى الله عليه وآله: اليمين تنفق السلعة وتمحق البركة، وان اليمين الفاجرة لتدع الديار من اهلها بلاقع ."
"zayd_0334","334","Musnad al-Imam Zayd ibn Ali","Zaydi","باب الصرف مع الكيل والوزن:","= حدثني زيد بن علي عن أبيه عن جده عن علي (ع م) قال: أهدي لرسول الله صلى الله عليه وآله تمر فلم يرد منه شيئا فقال لبلال دونك هذا التمر حتى أسألك عنه، قال فانطلق بلال فأعطى التمر مثلين وأخذ مثلا. فلما كان من الغد قال رسول الله صلى الله عليه وآله: إئتنا بخبيئتنا التي استخبأناك، فلما جاء بلال بالتمر قال له رسول الله صلى الله عليه وآله: ما هذا الذي استخبأناك؟! فأخبره بالذي صنع فقال له رسول الله صلى الله عليه وآله: هذا الحرام الذي لا يصلح أكله، انطلق فاردده على صاحبه ومره لايبع هكذا ولا يبتاع، ثم قال رسول الله صلى الله عليه وآله: الذهب بالذهب مثلا بمثل والفضة بالفضة مثلا بمثل والبر بالبر مثلا بمثل والذرة بالذرة مثلا بمثل والشعير بالشعير مثلا بمثل يدا بيد، فمن زاد أو ازداد فقد أربى. وقال زيد بن علي (ع م): إذا اختلف النوعان مما يكال فلا بأس به مثلان بمثل يدا بيد ويجوز فيه نسية. واذ اختلف النوعان مما يوزن فلا بأس به مثلان بمثل يدا بيد ولا يجوز نسبته، وإذا اختلف النوعان مما لا يكال ولا يوزن فلا بأس به مثلان بمثل يدا بيد ويجوز نسية."
"zayd_0335","335","Musnad al-Imam Zayd ibn Ali","Zaydi","باب أفضل التجارات:","= حدثني زيد بن علي عن أبيه عن جده عن علي عليهم السلام قال: قال رسول الله صلى الله عليه وآله: خير تجاراتكم البر وخير أعمالكم الخرز عالج الجلب لم يفتقر."
"zayd_0336","336","Musnad al-Imam Zayd ibn Ali","Zaydi","باب أفضل التجارات:","= حدثني زيد بن علي عن أبيه عن جده عن علي عليهم السلام قال: أتى رسول الله صلى الله عليه وآله رجل فقال يا رسول الله اني لست أتوجه في شئ الا حورفت فيه فقال رسول الله صلى الله عليه وآله: انظر شيئا قد أصبت فيه مرة فالزمه، قال القرظ ، قال صلى الله عليه وآله الزم القرظ."
"zayd_0337","337","Musnad al-Imam Zayd ibn Ali","Zaydi","باب بيع المرابحة:","= حدثني زيد بن علي عن أبيه عن جده عن علي عليهم السلام قال: من كذب في مرابحة فقد خان الله ورسوله والمؤمنين وبعثه الله عزوجل يوم القيامة في زمرة المنافقين . وقال زيد بن علي عليه السلام: لا بأس في بيع المرابحة إذا بينت رأس المال ولا بأس ببيع ده يازده وده بدا وزده انما هذه لغات فارسية فلا تبال بأي لسان كان. وسألت زيدا بن علي (ع م) عن رجل يشتري السلعة فتغير في يده فكره ان يبيعها مرابحة حتى يبين."
"zayd_0338","338","Musnad al-Imam Zayd ibn Ali","Zaydi","باب ما نهى عنه من البيوع:","= حدثني زيد بن علي عن أبيه عن جده عن علي (ع م) قال: نهى رسول الله صلى الله عليه وآله عن شرطين في بيع وعن سلف وبيع وعن بيع ما ليس عندك وعن ربح ما لم يضمن وبيع ما لم يقبض وعن بيع الملامسة وعن بيع المنابذة وطرح الحصاة وعن بيع الغرر وعن بيع الآبق حتى يقبض."
"zayd_0339","339","Musnad al-Imam Zayd ibn Ali","Zaydi","باب ما نهى عنه من البيوع:","= حدثني زيد بن علي عن أبيه عن جده عن علي (ع م) قال: نهى رسول الله صلى الله عليه وآله عن بيع الخمر والخنازير والعذرة، وقال صلى الله عليه وآله هي ميتة وعن أكل ثمن شئ من ذلك وعن بيع الصدقة حتى تقبض وعن بيع الخمس حتى يحاز. قال أبو خالد رحمه الله فسر لنا زيد بن علي (ع م) عن شرطين في بيع، ان تقول بعتك هذه السلعة على انها بالنقد بكذا أو بالنسيئة بكذا أو على انها إلى اجل كذا بكذا والى اجل كذا بكذا أو عن سلف وبيع ان تسلف في الشئ ثم تبيعه قبل ان تقبضه وعن بيع ما ليس ما عندك ان تبيع السلعة ثم تشتريها بعد ذلك فتدفعها إلى الذي بعتها اياه (وربح ما لم يضمن) ان يشتري الرجل السلعة ثم يبيعها قبل ان يقبضها ويجعل له الآخر بعض ربح وبيع ما لم يقبض ان يشتري الرجل السلعة ثم يبيعها قبل ان يقبضها (وبيع الملامسة) بيع كان في الجاهلية يتساوم الرجلان في السلعة فأيهما لمس صاحبه وجب البيع ولم يكن له ان يرجع (وبيع المنابذة) ان يتساوم الرجلان فأيهما نبذها إلى صاحبه فقد وجب البيع (وبيع الحصاة) ان يتساوم الرجلان فأيهما ألقى حصاة فقد وجب البيع (وبيع الغرر) بيع السمك في الماء واللبن في الضرع وهذه بيوع كانت في الجاهلية."
"zayd_0340","340","Musnad al-Imam Zayd ibn Ali","Zaydi","باب الخيار في البيع:","= حدثني زيد بن علي عن أبيه عن جده عن علي (ع م) قال: قال رسول الله صلى الله عليه وآله من اشترى مصراة فهو بالخيار فيها ثلاثا فان رضيها والا ردها ورد معها صاعا من تمر ومن اشترى مخفلة فهو بالخيار فيها ثلاثا فان رضيها والا ردها ورد معها صاعا من تمر. قال أبو خالد رحمه الله تعالى فسر لنا زيد بن علي (ع م) المصراة من الابل والمحفلة من الغنم وهي التي يترك لبنها اياما."
"zayd_0341","341","Musnad al-Imam Zayd ibn Ali","Zaydi","باب الخيار في البيع:","= حدثني زيد بن علي عن أبيه عن جده عن علي (ع م) ان رسول الله صلى الله عليه وآله جاءه رجل، فقال يا رسول الله اني أخدع في البيع، فجعل له رسول الله صلى الله عليه وآله فيما اشتراه وباع الخيار ثلاثا."
"zayd_0342","342","Musnad al-Imam Zayd ibn Ali","Zaydi","باب الخيار في البيع:","= حدثني زيد بن علي عن أبيه عن جده عن علي (ع م) ان رسول الله صلى الله عليه وآله جعل عهدة الرقيق ثلاثا. قال: وقال زيد بن علي (ع م) لا يجوز الخيار أكثر من ثلاث. وقال الإمام زيد بن علي (ع م) من اشترى شيئا ولم يره فهو بالخيار إذا رآه ان شاء أخذه وان شاء ترك، وقال زيد بن علي "" ع م "" لا يبطل الخيار الا ان يقول بلسانه رضيت أو يجامع "" فان قبل "" أو باشر أو استخدم أو ركب كان على الخيار."
"zayd_0343","343","Musnad al-Imam Zayd ibn Ali","Zaydi","باب الخيار في البيع:","= حدثني زيد بن علي عن أبيه عن جده عن علي "" ع م "" قال: قال رسول الله "" ص "" البيعان بالخيار فيما تبايعا حتى يفترقا عن رضا، فسألت زيدا بن علي "" ع م "" عن الفرقة بالابدان أو بالكلام، فقال "" ع م "" بل بالكلام وانما يقول الفرقة بالابدان من لا يعرف كلام العرب الا ترى إلى قوله تعالى ولا تكونوا كالذين تفرقوا واختلفوا من بعد ما جاءتهم البينات انما افترقوا بالكلام وقد كانت أبدانهم مجتمعة، وقال ان الذين فرقوا دينهم وكانوا شيعا لست منهم في شئ انما فارقوا دينهم بالكلام."
"zayd_0344","344","Musnad al-Imam Zayd ibn Ali","Zaydi","باب البيوع إلى اجل:","= حدثني زيد بن علي عن أبيه عن جده عن علي "" ع م "" قال: لا يجوز البيع إلى اجل لا يعرف، وقال زيد بن علي "" ع م "" لا يجوز البيع إلى النيروز والى المهرجان ولا إلى صوم النصارى ولا إلى افطارهم ولا يجوز البيع إلى العطاء ولا إلى الحصاد ولا إلى الدياس ولا إلى الجذاذ ولا إلى القطاف ولا إلى العصير ولا بأس بالبيع إلى الفطر والى الاضحى والى الموسم والى اجل معروف عند المسلمين فالبيع إلى هذا الاجل جائز."
"zayd_0345","345","Musnad al-Imam Zayd ibn Ali","Zaydi","باب الخيانة في البيع:","= حدثني زيد بن علي عن أبيه عن جده عن علي "" ع م "" في قوله تعالى لا تخونوا الله والرسول وتخونوا أماناتكم وانتم تعلمون، قال من الخيانة الكذب في البيع والشراء. سألت زيدا بن علي "" ع م "" عن رجل اشترى من رجل شيئا مرابحة ثم اطلع على ان البائع قد خانه، قال "" ع م "" يحط عن المشتري الخيانة ولا يحط عنه شيئا من الربح. وسألت زيدا بن علي "" ع م "" عن رجل اشترى متاعا فقصره أو صبغه أو فتله، فأراد ان يبيعه مرابحة ويضم إلى ثمنه ما أنفق عليه قال "" ع م "" لا يبع ذلك حتى يبين."
"zayd_0346","346","Musnad al-Imam Zayd ibn Ali","Zaydi","باب الخيانة في البيع:","وسألت زيدا بن علي "" ع م "" عن رجل اشترى سلعة إلى اجل ثم باعها مرابحة والمشتري لم يعلم انه اشتراها إلى اجل ثم علم بعد ذلك، قال "" ع م "" هو بالخيار ان شاء اخذ وان شاء ترك."
"zayd_0347","347","Musnad al-Imam Zayd ibn Ali","Zaydi","باب العيوب:","= حدثني زيد بن علي عن أبيه عن جده عن علي "" ع م "" في رجل اشترى من رجل جارية ثم وطئها ثم وجد فيها عيبا فألزمها المشتري وقضى على البائع بعشر الثمن قال وسألت زيدا بن علي "" ع م "" ما معنى هذا، فقال "" ع م "" كان نقصان العيب العشر، وسألت زيدا بن علي "" ع م "" عن رجل اشترى جارية فوجدها حبلى، فقال يردها، قلت فان لم يردها حتى ولدت ولدا حيا أو ميتا، فقال "" ع م "" ان كان حيا، فان كانت قيمته مثل نقصان الحبل أو أكثر لم يرجع بشئ وان كان أقل رجع بتمام نقصان الحبل وان كان الولد ميتا رجع بنقصان الحبل كله. سألت زيدا بن علي "" ع م "" عن الرجل يشتري الجارية فيجدها أبقة أو مجنونة أو تبول على الفراش، قال "" ع م "" هذا عيب فيردها، قلت فان عرضها على بيع، قال "" ع م "" لا يكون هذا رضى، قال وان كان وطئها كان رضى، أو يقول بلسانه قد رضيتها، قال "" ع م "" وان قبلها لشهوة لم يكن ذلك رضى. سألت زيدا بن علي "" ع م "" عن رجل اشترى ثوبا فقطعه قميصا وخاطه ثم وجد به عيبا، قال "" ع م "" ان كان فعل ذلك وهو يعلم كان ذلك رضى وان كان فعل ذلك وهو لا يعلم ثم على رجع بنقصان العيب. سألت زيدا بن علي "" ع م "" عن رجل اشترى سلعة فباعها ثم اطلع على عيب، قال "" ع م "" يرجع بنقصان العيب لان البائع لم يوفه شرطه."
"zayd_0348","348","Musnad al-Imam Zayd ibn Ali","Zaydi","باب بيع الثمار:","= حدثني زيد بن علي عن أبيه عن جده عن علي (ع م) قال: نهى رسول الله صلى الله عليه وآله عن بيع المحافلة والمزابنة وعن بيع الشجر حتى يعقد وعن بيع التمر حتى يزهو يعني يصفر أو يحمر، قال الإمام زيد بن علي (ع م) بيع المزابنة بيع التمر بالتمر المحاقلة بيع الزرع بالحنطة والازهى الاصفرار والاحمرار. سألت زيدا بن علي (ع م) عن الرجل يشتري الثمر قبل ان تبلغ على ان يقطعها، قال عليه السلام لا بأس بذلك، قال: قلت فان اشتراها قبل ان تبلغ على ان يتركها حتى تبلغ، قال عليه السلام هذا لا يحل ولايجوز."
"zayd_0349","349","Musnad al-Imam Zayd ibn Ali","Zaydi","باب بيع الثمار:","= حدثني زيد بن علي عن أبيه عن جده عن علي (ع م) قال: قال رسول الله صلى الله عليه وآله من باع نخلا فيه ثمرة فالثمرة للبائع الا ان يشترط المبتاع ومن اشترى عبدا له مال فالمال للبائع الا ان يشترط المبتاع ومن اشترى حقلا فيه زرع فالزرع للبائع الا ان يشترط المبتاع. سألت زيدا بن علي (ع م) عن بيع العنب لمن يعصره خمرا، قال عليه السلام أكره ذلك. وسألت زيدا بن علي (ع م) عن رجل اشترى ثمرة بستان واستثنى البائع على المشتري ثمرة نخلة غير معروفة، قال عليه السلام لا يجوز هذا البيع، وقال زيد بن علي (ع م) أخبرني أبي عن جدي عن علي (ع م) ان رجلين اختصما إليه فقال احدهما بعت هذا قواصر واستثنيت خمس قواصر لم اعلمهن ولي الخيار، فقال عليه السلام بيعكما فاسد."
"zayd_0350","350","Musnad al-Imam Zayd ibn Ali","Zaydi","باب بيع الغرر:","= حدثني زيد بن علي عن أبيه عن جده عن علي (ع م) قال: نهى رسول الله صلى الله عليه وآله عن بيع الغرر. قال زيد بن علي (ع م) بيع ما في بطن الامة غرر وبيع ما في بطون الانعام غرر وبيع ما تحمل الانعام غرر وبيع ما تحمل النخل هذا العام غرر وبيع ضربة الغائص غرر وبيع ما تخرج شبكة الصياد غرر. قال زيد بن علي (ع م) وان اشترى سمكة في ما كان يؤخذ بغير تصيد فالشراء جائز وان كان لا يؤخذ الا بتصيد فهو غرر."
"zayd_0351","351","Musnad al-Imam Zayd ibn Ali","Zaydi","باب بيع الطعام:","= حدثني زيد بن علي عن أبيه عن جده عن علي عليهم السلام قال: إذا اشتريت شيئا مما يكال أو يوزن فقبضته فلا تبعه حتى تكتاله أو تزنه"
"zayd_0352","352","Musnad al-Imam Zayd ibn Ali","Zaydi","باب بيع الطعام:","= حدثني زيد بن علي عن أبيه عن جده عن علي (ع م) قال: لا بأس ببيع المجازفة ما لم يسم كيلا. وقال زيد بن علي عليهما السلام إذا اشتريت شيئا مما يعد عددا مثل الجوز والبيض وقبضته على عدد فلا تبعه حتى تعده، قال عليه السلام وان اشتريت ارضا مذارعة فبعتها قبل ان تذرعها فذلك جائز. سألت زيدا بن علي (ع م) عن رجل اشترى طعاما على انه عشرة اصواع فوجده احد عشر صاعا، قال ليس له منه الا عشرة اصواع، قلت فان وجدها تسعة، قال يكون له ذلك تسعة اعشار الثمن ان شاء اخذ وان شاء رد لانه لم يوفه شرطه. وسألت زيدا بن علي (ع م) عن رجل اشترى من رجل قطيعا من غنم على انه عشرون شاة بعشرة دنانير فوجدها احدى وعشرين، قال عليه السلام البيع فاسد قلت فان وجدها تسعة عشر، قال عليه السلام البيع فاسد قلت فان كان سمى لكل شاة ثمنا، قال عليه السلام ان وجها زائدة فالبيع فاسد وان كانت ناقصة اخذها ان احب كل شاة بما سمى."
"zayd_0353","353","Musnad al-Imam Zayd ibn Ali","Zaydi","باب بيع الرطب بالتمر:","= حدثني زيد بن علي عن أبيه عن جده عن علي عليهم السلام انه كره بيع الرطب بالتمر، وقال انه ينقص إذا جف، وقال سألت زيدا بن علي (ع م) عن قفيز حنطة بقفيز دقيق، فقال عليه السلام لا يجوز. وسألت زيدا بن علي (ع م) عن قفيز حنطة بقفيز سويق، فقال عليه السلام لا يجوز. وسألت زيدا بن علي عليه السلام عن عشرة ارطال حلا أو اكثر بقفيز سمسم، فقال عليه السلام ان كان في القفيز عشرة ارطال حلا أو اكثر فالبيع فاسد وان كان ما فيه من الحل أقل من عشرة ارطال فالبيع جائز."
"zayd_0354","354","Musnad al-Imam Zayd ibn Ali","Zaydi","باب التفريق بين ذوي الارحام من الرقيق:","= حدثني زيد بن علي عن أبيه عن جده عن علي عليهم السلام قال: قدم زيد بن حارثة رضي الله عنه برقيق فتصفح رسول الله "" ص "" الرقيق فنظر إلى الرجل منهم وامرأة كئيبين حزينين من بين الرقيق، فقال رسول الله "" ص "" ما لي ارى هذين كئيبين حزينين من بين الرقيق، فقال زيد يارسول الله احتجنا إلى نفقة على الرقيق فبعنا ولدا لهما فأنفقنا ثمنه على الرقيق، فقال رسول الله "" ص "" ارجع حتى تسترده من حيث بعته فرده على ابويه، وأمر رسول الله "" ص "" مناديه ينادي ان رسول الله "" ص "" يأمركم الا تفرقوا بين ذوي الارحام من الرقيق."
"zayd_0355","355","Musnad al-Imam Zayd ibn Ali","Zaydi","باب الاستبراء في الرقيق:","= حدثني زيد بن علي عن أبيه عن جده عن علي عليهم السلام انه قال: من اشترى جارية فلا يقربها حتى يستبرئها بحيضة."
"zayd_0356","356","Musnad al-Imam Zayd ibn Ali","Zaydi","باب الاستبراء في الرقيق:","= حدثني زيد بن علي عن أبيه عن جده عن علي عليهم السلام انه سئل عن رجل له مملوكتان اختان فوطئ احدهما ثم اراد ان يطأ الاخرى، فقال عليه السلام ليس له ان يطأ الاخرى حتى يبيع التي وطئها أو يزوجها. سألت زيدا بن علي عليه السلام عن الامة إذا كانت لا تحيض بكم يستبرئها، فقال عليه السلام بشهر، قلت فان كان ملكها بهبة أو ميراث أو وقعت في سهمه من المغنم كله سواء، قال عليه السلام نعم."
"zayd_0357","357","Musnad al-Imam Zayd ibn Ali","Zaydi","باب الاستبراء في الرقيق:","= حدثني زيد بن علي عن أبيه عن جده عن علي عليهم السلام قال: نهى رسول الله "" ص "" عن الحبالى ان يوطأن حتى يضعن إذا كان الحبل من غيرك اصبتها شراء أو خمسا، وقال رسول الله "" ص "" الماء يسقي الماء ويشد العظم وينبت اللحم، ونهى رسول الله "" ص "" عن مهر البغي واجر ماء كل عسيب وهي الفحول."
"zayd_0358","358","Musnad al-Imam Zayd ibn Ali","Zaydi","باب الغش والاحتكار وتلقي الركبان:","= حدثني زيد بن علي عن أبيه عن جده عن علي عليهم السلام قال: قال رسول الله "" ص "" لايبع حاضر لباد دعوا الناس يرزق الله بعضهم من بعض ونهانا رسول الله صلى الله عليه وآله عن تلقي الركبان."
"zayd_0359","359","Musnad al-Imam Zayd ibn Ali","Zaydi","باب الغش والاحتكار وتلقي الركبان:","= حدثني زيد بن علي عن أبيه عن جده عن علي عليهم السلام قال: مر رسول الله "" ص "" على رجل يبيع طعاما فنظر رسول الله "" ص "" إلى خارجه فأعجبه فأدخل يده إلى داخله فأخرج منه قبضة فكان أردأ من الخارج، فقال رسول الله "" ص "" من غشنا فليس منا."
"zayd_0360","360","Musnad al-Imam Zayd ibn Ali","Zaydi","باب الغش والاحتكار وتلقي الركبان:","= حدثني زيد بن علي عن أبيه عن جده عن علي عليهم السلام قال: جالب الطعام مرزوق والمحتكر عاص ملعون وقال زيد بن علي (ع م) لااحتكار الا في الحنطة والشعير والتمر."
"zayd_0361","361","Musnad al-Imam Zayd ibn Ali","Zaydi","باب الغش والاحتكار وتلقي الركبان:","= حدثني زيد بن علي أبيه عن جده عن علي (ع م) قال: قال رسول الله صلى الله عليه وآله ثلاثة لا يكلمهم الله تعالى ولا ينظر إليهم يوم القيامة ولا يزكيهم ولهم عذاب اليم. رجل بايع اماما ان أعطاه شيئا من الدنيا وفى له وإن لم يعطه لم يف له ورجل له ماء على ظهر الطريق يمنعه سابلة الطريق ورجل حلف بعد العصر لقد اعطي في سلعته كذا وكذا فأخذها الآخر مصدقا للذي قال وهو كاذب."
"zayd_0362","362","Musnad al-Imam Zayd ibn Ali","Zaydi","باب من ملك ذا رحم محرم:","= حدثني زيد بن علي عن أبيه عن جده عن علي (ع م) قال: قال رسول الله صلى الله عليه وآله من ملك ذا رحم محرم فهو حر."
"zayd_0363","363","Musnad al-Imam Zayd ibn Ali","Zaydi","باب بيع المدبر وامهات الاولاد:","= حدثني زيد بن علي عن أبيه عن جده عن علي (ع م) انه كان يجيز بيع امهات الاولاد وكان يقول: إذا مات سيدها ولها منه ولد فهي حرة من نصيبه لان الولد قد ملك منها شقصا وان كان لا ولد لها بيعت."
"zayd_0364","364","Musnad al-Imam Zayd ibn Ali","Zaydi","باب بيع المدبر وامهات الاولاد:","= حدثني زيد بن علي عن أبيه عن جده علي (ع م) ان رجلا أتاه فقال: يا امير المؤمنين ان لي امة قد ولدت مني أفأهبها لاخي، قال عليه السلام نعم، فوهبها لاخيه فوطئها فولدها، ثم أتاه الآخر فقال يا امير المؤمنين أأهبها لاخ لي آخر، قال عليه السلام نعم، فوطأوها جميعا واولدوها وهم ثلاثة."
"zayd_0365","365","Musnad al-Imam Zayd ibn Ali","Zaydi","باب بيع المدبر وامهات الاولاد:","= حدثني زيد بن علي عن أبيه عن جده عن علي (ع م) ان رجلا أتاه فقال: اني جعلت عبدي حرا ان حدث بي حدث أفلي ان ابيعه، قال عليه السلام لا ، قال فانه قد أحدث (أي فسق)، قال حدثه على نفسه وليس لك ان تبيعه، وقال زيد بن علي (ع م) لو ان رجلا باع المدبر من نفسه جاز ذلك."
"zayd_0366","366","Musnad al-Imam Zayd ibn Ali","Zaydi","باب بيع المدبر وامهات الاولاد:","= حدثني زيد بن علي عن أبيه عن جده عن علي (ع م) قال: عدة ام الولد إذا أعتقها سيدها ثلاث حيض."
"zayd_0367","367","Musnad al-Imam Zayd ibn Ali","Zaydi","باب العبد المأذون له في التجارة:","= حدثني زيد بن علي عن أبيه عن جده عن علي (ع م) ان رجلا أتاه قد اشترى من عبد رجل قد ولاه ضيعته، فقال السيد لم آذن لعبدي في التجارة فلزمه دين، قال يخير سيده بين ان يفتديه بالدين أو يبيعه ويقضي الدين الذي عليه من الثمن فان كان الثمن لا يفي بالدين فليس على السيد غرم أكثر من رقبة عبده. سألت زيدا بن علي (ع م) عن رجل أذن لعبده في التجارة في نوع بعينه فباع واتجر في نوع آخر، فقال عليه السلام لا يجوز ذلك، وسألت زيدا بن علي (ع م) عن العبد المأذون له في البيع والشراء إذا أقر بدين، فقال عليه السلام يلزمه، قلت فان كان محجورا عليه فأقر بدين، قال عليه السلام لا يلزمه حتى يعتق فإذا اعتق اخذ به، وسألت زيدا بن علي (ع م) عن المدبر يلزمه دين وقد اذن له سيده في التجارة، قال عليه السلام دينه على نفسه ويسعى فيه."
"zayd_0368","368","Musnad al-Imam Zayd ibn Ali","Zaydi","باب السلم وهو السلف:","= حدثني زيد بن علي عن أبيه عن جده عن علي (ع م) قال: من اسلف في طعام إلى اجل فلم يجد عند صاحبه ذلك الطعام، فقال خذ مني غيره بسعر يومه لم يكن له ان يأخذ الا الطعام الذي اسلف فيه أو رأس ماله وليس له ان يأخذ نوعا من الطعام غير ذلك النوع."
"zayd_0369","369","Musnad al-Imam Zayd ibn Ali","Zaydi","باب السلم وهو السلف:","= حدثني زيد بن علي عن أبيه عن جده عن علي (ع م) قال: لا بأس ان تأخذ بعض رأس مالك وبعض رأس سلمك ولا تأخذ شيئا من غير سلمك."
"zayd_0370","370","Musnad al-Imam Zayd ibn Ali","Zaydi","باب السلم وهو السلف:","= حدثني زيد بن علي عن أبيه عن جده عن علي (ع م) انه كره الرهن والكفيل في السلم. وقال زيد بن علي (ع م) اسلم ما يوزن فيما يكال وما يكال فيما يوزن ولا تسلم ما يكال فيما يكال ولا ما يوزن فيما يوزن، قال عليه السلام وإذا اسلمت في طعام أو في غيره فسم أجلك وسم ما أسلمت فيه وفي أي موضع تقبضه ولا تفارقه حتى تقبضه الدراهم فان خالفت واحدة من هذه الابع فسد سلمك، وقال زيد بن علي (ع م) لا بأس بالسلم في الثياب والاكسية إذا سميت الطول والعرض والرقعة، وقال زيد بن علي (ع م) لا يجوز السلم في الحيوان ولا في الرؤوس ولا في جلود الحيوان ولا بأس بالسلم في الصوف والقطن والحرير وجميع ما يكال ويوزن مما يوجد عند الناس."
"zayd_0371","371","Musnad al-Imam Zayd ibn Ali","Zaydi","باب الاقالة والتولية:","= حدثني زيد بن علي عن أبيه عن جده عن علي (ع م) قال: قال رسول الله صلى الله عليه وآله من اقال نادما اقاله الله نفسه يوم القيامة ومن انظر معسرا أو وضع له اظله الله في ظل عرشه، وقال زيد بن علي (ع م) الاقالة بمنزلة البيع والتولية بمنزلة البيع يفسدهما ما يفسد البيع ويجيزهما ما يجيز البيع."
"zayd_0372","372","Musnad al-Imam Zayd ibn Ali","Zaydi","باب الشفعة:","= حدثني زيد بن علي عن أبيه عن جده عن علي (ع م) انه قضى للجار بالشفعة في دار من دور بني مرهبة بالكوفة وامر شريحا ان يقضي بذلك. سألت زيدا بن علي عليهما السلام عن الشفعة، فقال عليه السلام الشريك أحق من الجار والجار أحق من غيره ولا شفعة لجار غير لزيق،"
"zayd_0373","373","Musnad al-Imam Zayd ibn Ali","Zaydi","باب الشفعة:","وقال زيد بن علي (ع م) الشفيع على شفعته إذا علم ما بينه وبين ثلاثة ايام فان ترك المطالبة له ثلاثة ايام بطلت شفعته، وكان عليه السلام يقول لا شفعة الا في عقار أو ارض، وقال زيد بن علي (ع م) الشفعة على عدد الرؤوس لا على الانصباء، وقال زيد بن علي (ع م) لا شفعة لليهود ولا النصارى في مدائن العرب وخططهم ولهم الشفعة في القرى في البلدان التي لهم ان يسكنوها."
"zayd_0374","374","Musnad al-Imam Zayd ibn Ali","Zaydi","باب المضاربة:","= حدثني زيد بن علي عن أبيه عن جده عن علي (ع م) في المضارب يضيع منه المال، فقال عليه السلام لا ضمان عليه والربح على ما اصطلحا عليه والوضيعة على رأس المال، وقال زيد بن علي (ع م) في رجل يدفع إلى رجل مالا مضاربة بالثلث ومائة درهم أو بالثلث الا مائة درهم أو على انك ما ربحت من ربح فلك فيه مائة درهم، قال عليه السلام هذا كله فاسد والربح على المال والوضيعة على المال وللمضارب اجرة مثله وان قال بالثلث أو بالربع أو بالعشر فالمضاربة جائزة، وقال زيد بن علي (ع م) لا تجوز المضاربة الا بالدنانير والدراهم ولا تجوز بالعرض، وقال زيد بن علي (ع م) لا يبع المضارب ما اشترى من صاحب المال مرابحة ولا يبع صاحب المال ما اشترى ما المضارب مرابحة وكان عليه السلام يكره ان يدفع المرء المسلم المضاربة إلى اليهود لانهم يستحلون الربى."
"zayd_0375","375","Musnad al-Imam Zayd ibn Ali","Zaydi","باب المزارعة والمعاملة:","= حدثني زيد بن علي عن أبيه عن جده عن علي (ع م) ان رسول الله صلى الله عليه وآله نهى عن قبالة الارض بالثلث والربع، وقال صلى الله عليه وآله إذا كان لاحدكم ارض فليزرعها أو ليمنحها أخاه، فتعطلت كثير من الارضين، فسألوا رسول الله صلى الله عليه وآله ان يرخص لهم في ذلك فرخص لهم ودفع خيبر إلى أهلها على ان يقوموا على نخلها يسقونه ويلقحونه ويحفظونه بالنصف فكان إذا أينع وآن صرامه بعث عبد الله بن رواحة رضي الله عنه فخرص عليهم ورد إليهم بحصصهم من النصف، وقال زيد بن علي (ع م) المزارعة جائزة بالثلث والربع إذا دفعت الارض سنة أو أكثر من ذلك إذا كان العمل على المزارع وكان البذر على صاحب الارض أو على المزارع فذلك كله جائز وان كان صاحب الارض شرط في شئ من العمل فسد ذلك وبطل."
"zayd_0376","376","Musnad al-Imam Zayd ibn Ali","Zaydi","باب المزارعة والمعاملة:","= حدثني زيد بن علي عن أبيه عن جده عن علي (ع م) انه كان يكره ان تزرع الارض ببعرها وكان يرخص في السرجين ."
"zayd_0377","377","Musnad al-Imam Zayd ibn Ali","Zaydi","","= حدثني زيد بن علي عن أبيه عن جده عن علي (ع م) ان رجلين كانا شريكين على عهد رسول الله صلى الله عليه وآله فكان أحدهما مواظبا على السوق والتجارة وكان الآخر مواضبا على المسجد والصلاة خلف رسول الله صلى الله عليه وآله فلما كان عند قسمة الربح، قال المواضب على السوق فضلني فاني كنت مواضبا على التجارة وانت كنت مواضبا على المسجد فجاءا إلى رسول الله صلى الله عليه وآله فذكرا ذلك له، فقال النبي صلى الله عليه وآله الذي كان يواضب على السوق انما كنت ترزق بمواضبة صاحبك على المسجد."
"zayd_0378","378","Musnad al-Imam Zayd ibn Ali","Zaydi","","= حدثني زيد بن علي عن أبيه عن جده عن علي (ع م) قال: يد الله مع الشريكين ما لم يتخاونا فإذا تخاونا محقت تجارتهما فرفعت البركة منها ."
"zayd_0379","379","Musnad al-Imam Zayd ibn Ali","Zaydi","","= حدثني زيد بن علي عن أبيه عن جده عن علي (ع م) في الشريكين قال: الربح على ما اصطلحا عليه والوضيعة على قدر رؤوس أموالهما. وقال زيد بن علي (ع م): الشكرة شركتان شركة عنان وشركة مفاوضة، فالعنان الشريكان في نوع من التجارة خاصة والمفاوضة الشريكان في كل قليل وكثير."
"zayd_0380","380","Musnad al-Imam Zayd ibn Ali","Zaydi","","وقال زيد بن علي (ع م): ما لزم احد المفاوضين لزم الآخر وما لزم احد العنانين لم يلزم الآخر، ولكنه يرجع عليه بذلك إذا كان ذلك من تجارتهما."
"zayd_0381","381","Musnad al-Imam Zayd ibn Ali","Zaydi","باب الاجارة:","= حدثني زيد بن علي عن أبيه عن جده عن علي (ع م) قال: قال رسول الله صلى الله عليه وآله: من استأجر أجبرا فليعلمه بأجرة فان شاء رضي وان شاء ترك."
"zayd_0382","382","Musnad al-Imam Zayd ibn Ali","Zaydi","باب الاجارة:","= حدثني زيد بن علي عن أبيه عن جده عن علي (ع م) انه أتي بحمال كانت عليه قارورة عظيمة فيها دهن فكسرها فظنه اياها."
"zayd_0383","383","Musnad al-Imam Zayd ibn Ali","Zaydi","باب الاجارة:","= حدثني زيد بن علي عن أبيه عن جده عن علي عليهم السلام قال: كل عامل مشترك إذا أفسد فهو ضامن. وقال زيد بن علي (ع م): الضمان على الاجير المشترك الذي يعمل لي ولك ولهذا والاجير الخاص لا ضمان عليه الا فيما خالف."
"zayd_0384","384","Musnad al-Imam Zayd ibn Ali","Zaydi","باب الرهن:","= حدثني زيد بن علي عن أبيه عن جده عن علي عليهم السلام انه قال: الرهن بما فيه إذا كان قيمته والدين سواء وان كانت قيمته اكثر فهو بما فيه وهو في الفضل أمين، وان كانت قيمته أقل رجع بفضل الدين على القيمة."
"zayd_0385","385","Musnad al-Imam Zayd ibn Ali","Zaydi","باب العارية والوديعة:","= حدثني زيد بن علي عن أبيه عن جده عن علي عليهم السلام قال: لا ضمان على مستعير ولا مستودع الا ان يخالف ولا ضمان على من شارك في الربح، وللمستودع ان يودع الوديعة امرأته وولده وعبده وأجيره . قال أبو خالد: أظن هذا الكلام الاخير من كلام زيد بن علي (ع م) وليس هو عن علي عليه السلام. قال زيد بن علي (ع م): لا ينتفع المرتهن من الرهن بشئ فان ولد الرهن كان الولد مع الرهن رهنا مع المرهن وكذلك الثمرة هي رهن من النخل ولا يجوز الرهن الا مقبوضا لان الله عزوجل يقول: فرهان مقبوضة."
"zayd_0386","386","Musnad al-Imam Zayd ibn Ali","Zaydi","باب الهبة والصدقة:","= حدثني زيد بن علي عن أبيه عن جده عن علي (ع م) قال: لا تجوز هبة ولا صدقة الا معلومة مقسومة مقبوضة الا ان تكون صدقة أوجبها الرجل على نفسه فيجب عليه ان يؤديها خالصة لله تعالى كما أوجب على نفسه."
"zayd_0387","387","Musnad al-Imam Zayd ibn Ali","Zaydi","باب الهبة والصدقة:","= حدثني زيد بن علي عن أبيه عن جده عن علي عليهم السلام قال: من وهب هبة فله ان يرجع فيها ما لم يكافأ عليها وكل هبة لله تعالى وصدقة فليس لصاحبها ان يرجع فيها. وقال زيد بن علي (ع م): من الهبة لله عزوجل الهبة للاقارب المحارم."
"zayd_0388","388","Musnad al-Imam Zayd ibn Ali","Zaydi","باب اللقطة واللقيطة:","= حدثني زيد بن علي عن أبيه عن جده عن علي عليهم السلام قال: من وجد لقطة عرفها حولا فان جاء لها طالب والا تصدق بها بعد السنة فإذا جاء صاحبها خير بين الاجر والضمان وان اختار الاجر فله أجرها وثوابها وان اختار الضمان كان الاجر والثواب لملتقطها."
"zayd_0389","389","Musnad al-Imam Zayd ibn Ali","Zaydi","باب اللقطة واللقيطة:","= حدثني زيد بن علي عن أبيه عن جده عن علي (ع م) قال: اللقيط حر."
"zayd_0390","390","Musnad al-Imam Zayd ibn Ali","Zaydi","باب جعل الآبق:","= حدثني زيد بن علي عن أبيه عن جده عن علي عليهم السلام انه جعل جعل الآبق اربعين درهما إن كان جاء به من مسير ثلاثة ايام وان جاء من دون ذلك رضخ له."
"zayd_0391","391","Musnad al-Imam Zayd ibn Ali","Zaydi","باب الغصب والضمان:","= حدثني زيد بن علي عن أبيه عن جده عن علي (ع م) قال: من خرق ثوبا لغيره أو أكل طعاما لغيره أو كسر عودا لغيره ضمن، ومن استعان مملوكا لغيره ضمن ومن ركب دابة غيره ضمن."
"zayd_0392","392","Musnad al-Imam Zayd ibn Ali","Zaydi","باب الحوالة والكفالة والضمانة:","= حدثني زيد بن علي عن أبيه عن جده عن علي (ع م) ان رجلا كفل لرجل بنفس رجل فحبسه حتى جاء به."
"zayd_0393","393","Musnad al-Imam Zayd ibn Ali","Zaydi","باب الحوالة والكفالة والضمانة:","= حدثني زيد بن علي عن أبيه عن جده عن علي (ع م) انه قال: في الحوالة لاتواء على مسلم إذا أفلس المحتال رجع صاحب الحق على الذي أحاله."
"zayd_0394","394","Musnad al-Imam Zayd ibn Ali","Zaydi","باب الحوالة والكفالة والضمانة:","= حدثني زيد بن علي عن أبيه عن جده عن علي (ع م) في رجل له على رجل حق فكفل له رجل بالمال قال له ان يأخذهما بالمال."
"zayd_0395","395","Musnad al-Imam Zayd ibn Ali","Zaydi","باب الوكالة:","= حدثني زيد بن علي عن أبيه عن جده عن علي (ع م) انه وكل الخصومة إلى عبد الله بن جعفر عليه السلام وقال: ما قضي له فلي وما قضي عليه فعلي، وكان قبل ذلك وكل الخصومة إلى عقيل بن أبي طالب حتى توفي ."
"zayd_0396","396","Musnad al-Imam Zayd ibn Ali","Zaydi","","= حدثني زيد بن علي عن أبيه عن جده عن علي (ع م) قال: لا تجوز شهادة متهم ولاظنين ولا محدود في قذف ولا مجرب في كذب ولا جار إلى نفسه نفعا ولا دافع عنها ضررا."
"zayd_0397","397","Musnad al-Imam Zayd ibn Ali","Zaydi","","= حدثني زيد بن علي عن أبيه عن جده عن علي (ع م) قال: لا تجوز شهادة رجل واحد على شهادة رجل واحد حتى يكونا شاهدين على شهادة شاهدين."
"zayd_0398","398","Musnad al-Imam Zayd ibn Ali","Zaydi","","= حدثني زيد بن علي عن أبيه عن جده عن علي (ع م) قال: إذا رجع الشاهد ضمن."
"zayd_0399","399","Musnad al-Imam Zayd ibn Ali","Zaydi","","= حدثني زيد بن علي عن أبيه عن جده عن علي (ع م) لا تجوز شهادة ولد لوالده ولا والد لولده الا الحسن والحسين فان رسول الله صلى الله عليه وآله شهد لهما بالجنة."
"zayd_0400","400","Musnad al-Imam Zayd ibn Ali","Zaydi","باب اليمين والبينة:","= حدثني زيد بن علي عن أبيه عن جده عن علي (ع م) انه استحلف رجلا مع بينته ."
"zayd_0401","401","Musnad al-Imam Zayd ibn Ali","Zaydi","باب اليمين والبينة:","= حدثني زيد بن علي عن أبيه عن جده عن علي (ع م) قال: البينة على المدعي واليمين على المنكر. سألت زيدا بن علي (ع م) عن شاهد ويمين قال: لا الا بشاهدين كما قال الله تعالى فان لم يكونا رجلين فرجل وامرأتان."
"zayd_0402","402","Musnad al-Imam Zayd ibn Ali","Zaydi","باب القضاء:","= حدثني زيد بن علي عن أبيه عن جده عن علي (ع م) قال: اول القضاء ما في كتاب الله عزوجل ثم ما قاله رسول الله صلى الله عليه وآله ثم ما أجمع عليه الصالحون فان لم يوجد ذلك في كتاب الله تعالى ولا في السنة ولا فيما أجمع عليه الصالحون اجتهد الإمام في ذلك لا يألو احتياطا واعتبر وقاس الامور بعضها ببعض فإذا تبين له الحق أمضاه ولقاضي المسلمين من ذلك ما لامامهم."
"zayd_0403","403","Musnad al-Imam Zayd ibn Ali","Zaydi","باب القضاء:","= حدثني زيد بن علي عن أبيه عن جده عن علي (ع م) قال: بعثني رسول الله صلى الله عليه وآله إلى اليمن فقلت يارسول الله تبعثني وانا شاب لا علم لي بالقضاء، قال فضرب يده في صدري ودعا لي، فقال اللهم اهد قلبه وثبت لسانه ولقنه الصواب وثبته بالقول الثابت، ثم قال: يا علي إذا جلس بين يديك الخصمان فلا تعجل بالقضاء بينهما حتى تسمع ما يقول الآخر، يا علي لا تقض بين اثنين وانت غضبان ولا تقبل هدية مخاصم ولا تضيفه دون خصمه فان الله عزوجل سيهدي قلبك ويثبت لسانك، قال: فقال عليه السلام فوالذي فلق الحبة وبرأ النسمة ما شككت في قضاء بعد."
"zayd_0404","404","Musnad al-Imam Zayd ibn Ali","Zaydi","باب القضاء:","= حدثني زيد بن علي عن أبيه عن جده عن علي (ع م) قال: القضاء ثلاثة قاضيان في النار وقاض في الجنة، قاض قضى فترك الحق وهو يعلم، وقاض قضى بغير الحق وهو لا يعلم فهذان في النار، وقاض قضى بالحق وهو يعلمه فهو في الجنة."
"zayd_0405","405","Musnad al-Imam Zayd ibn Ali","Zaydi","باب القضاء:","= حدثني زيد بن علي عن أبيه عن جده عن علي (ع م) قال: إذا قضى القاضي وأخطأ ثم علم رد قضاؤه."
"zayd_0406","406","Musnad al-Imam Zayd ibn Ali","Zaydi","باب القضاء:","= حدثني زيد بن علي عن أبيه عن جده عن على (ع م) قال: إذا حبس القاضي رجلا في دين ثم تبين له افلاسه وحاجته اخرجه حتى يستفيد مالا ثم يقول إذا استفدت مالا فاقسمه بين غرمائك."
"zayd_0407","407","Musnad al-Imam Zayd ibn Ali","Zaydi","باب القضاء:","= حدثني زيد بن علي عن أبيه عن جده عن علي (ع م) قال: الصلح جائز بين المسلمين، الا صلحا أحل حراما أو حرم حلالا."
"zayd_0408","408","Musnad al-Imam Zayd ibn Ali","Zaydi","باب القضاء:","= حدثني زيد بن علي عن أبيه عن جده عن علي (ع م) انه قضى في رجل في يده دابة شهد له عليها شاهدان انها دابته نتجت عنده وأقام رجل شاهدين انها دابته ولم يشهد شاهداه انها نتجت عنده فقضى ان الناتج اولى من العارف."
"zayd_0409","409","Musnad al-Imam Zayd ibn Ali","Zaydi","باب القضاء:","= حدثني زيد بن علي عن أبيه عن جده عن علي (ع م) انه كان يأمر شريحا بالجلوس في المسجد الاعظم وكان يعطي شريحا على القضاء رزقا من بيت مال المسلمين."
"zayd_0410","410","Musnad al-Imam Zayd ibn Ali","Zaydi","باب القضاء:","= حدثني زيد بن علي عن أبيه عن جده عن علي (ع م) قال: البينة العادلة اولى من اليمين الفاجرة. سألت زيدا بن علي (ع م) عن تفسير ذلك قال: هو الرجل يحلف على حق الرجل ثم تقوم البينة لصاحب الحق على حقه فينبغي للامام ان يقضي له بذلك."
"zayd_0411","411","Musnad al-Imam Zayd ibn Ali","Zaydi","باب القضاء:","= حدثني زيد بن علي عن أبيه عن جده عن علي (ع م) قال: خمسة اشياء إلى الإمام صلاة الجمعة والعيدين وأخذ الصدقات والحدود والقضاء والقصاص."
"zayd_0412","412","Musnad al-Imam Zayd ibn Ali","Zaydi","باب القضاء:","= حدثني زيد بن علي عن أبيه عن جده عن علي (ع م) في دابة بيد رجل ادعاها رجل ولاحدهما شاهدان وللآخر ثلاثة شهود، قال هو بينها على خمسة لصاحب الشاهدين الخمسان ولصاحب الثلاثة الثلاثة الاخماس."
"zayd_0413","413","Musnad al-Imam Zayd ibn Ali","Zaydi","باب القضاء:","= حدثني زيد بن علي عن أبيه عن جده عن علي (ع م) في جارية بين رجلين وطئاها جميعا فولدت ابنا، قال: هو ابنهما جميعا يرثهما ويرثانه وهو للباقي منهما."
"zayd_0414","414","Musnad al-Imam Zayd ibn Ali","Zaydi","باب القضاء:","= حدثني زيد بن علي عن أبيه عن جده عن علي (ع م) في ستة غلمة سبحوا فغرق احدهم في الفرات فشهد اثنان على ثلاثة انهم اغرقوه وشهد الثلاثة على الاثنين انهما أغرقاه فقضى امير المؤمنين علي عليه السلام بخمسين الدية على الثلاثة وبثلاثة أخماس الدية على الاثنين."
"zayd_0415","415","Musnad al-Imam Zayd ibn Ali","Zaydi","باب القضاء:","= حدثني زيد بن علي عن أبيه عن جده عن علي (ع م) انه قضى بشهادة امرأة واحدة وكانت قابلة على الولادة وصلى عليه بشهادتها وورثه بشهادتها."
"zayd_0416","416","Musnad al-Imam Zayd ibn Ali","Zaydi","باب القضاء:","= حدثني زيد بن علي عن أبيه عن جده عن علي (ع م) انه قال: إذا باع الرجل متاعا من رجل وقبضه ثم افلس قال البائع اسوة الغرماء."
"zayd_0417","417","Musnad al-Imam Zayd ibn Ali","Zaydi","باب القضاء:","= حدثني زيد بن علي عن أبيه عن جده عن علي (ع م) انه كان يبيع متاع المفلس إذا التوى على غرمائه وإذا ابى ان يقضي ديونه."
"zayd_0418","418","Musnad al-Imam Zayd ibn Ali","Zaydi","باب القضاء:","= حدثني زيد بن علي عن أبيه عن جده عن علي (ع م) انه كان يحبس في النفقة وفي الدين وفي القصاص وفي الحدود وفي جميع الحقوق وكان يقيد الدعار بقيود لها أقفال ويوكل بهم من يحلها لهم في أوقات الصلاة من أحد الجانبين."
"zayd_0419","419","Musnad al-Imam Zayd ibn Ali","Zaydi","باب القضاء:","= حدثني زيد بن علي عن أبيه عن جده عن علي (ع م) انه بنى سجنا وسماه نافعا ثم بداله فنقضه وسماه مخيسا وجعل يرتجز ويقول: ألم تراني كيسا مكيسا * بنيت بعد نافع مخيسا"
"zayd_0420","420","Musnad al-Imam Zayd ibn Ali","Zaydi","باب القضاء:","= حدثني زيد بن علي عن أبيه عن جده عن علي (ع م) انه سأل عثمان ابن عفان ان يحجر على عبد الله بن جعفر رضي الله عنهما وذلك انه بلغه انه اشترى شيئا فغبن فيه بأمر مفرط."
"zayd_0421","421","Musnad al-Imam Zayd ibn Ali","Zaydi","باب القضاء:","= حدثني زيد بن علي عن أبيه عن جده عن علي (ع م) انه قضى في الشرب ان أهل السفل امراء على أهل العلو وجعله بينهم على الحصص."
"zayd_0422","422","Musnad al-Imam Zayd ibn Ali","Zaydi","باب القضاء:","= حدثني زيد بن علي عن أبيه عن جده عن علي (ع م) انه قضى في العبد يلزمه الدين ثم يعتقه سيده ان السيد ضامن لدينه ان كان يعلم بالدين وان كان أعتقه وهو لا يعلم بالدين ضمن قيمته للغرماء."
"zayd_0423","423","Musnad al-Imam Zayd ibn Ali","Zaydi","باب القضاء:","= حدثني زيد بن علي عن أبيه عن جده عن علي (ع م) قال: من استعان عبد غيره بغير اذن السيد فهو ضامن ومن ركب دابة بغير اذن صاحبها فهو ضامن."
"zayd_0424","424","Musnad al-Imam Zayd ibn Ali","Zaydi","باب القضاء:","= حدثني زيد بن علي عن أبيه عن جده عن علي (ع م) ان مسلما قتل خنزيرا لنصراني فضمنه علي (ع م) قيمته وقال: انما أعطيناهم الذمة على ان يتركوا يستحلون في دينهم ما كانوا يستحلون من قبل."
"zayd_0425","425","Musnad al-Imam Zayd ibn Ali","Zaydi","باب القضاء:","= حدثني زيد بن علي عن أبيه عن جده عن علي (ع م) انه قال. دباغ الاهاب طهوره وان كان ميتة."
"zayd_0426","426","Musnad al-Imam Zayd ibn Ali","Zaydi","باب القضاء:","= حدثني زيد بن علي عن أبيه عن جده عن علي (ع م) انه أخذ شاهد الزور فعزره وطاف به في حيه وشهره ونهى ان يستشهد."
"zayd_0427","427","Musnad al-Imam Zayd ibn Ali","Zaydi","باب القضاء:","= حدثني زيد بن علي عن أبيه عن جده عن علي (ع م) انه قال: لا تجوز شهادة النساء في نكاح ولا طلاق ولا حد ولا قصاص."
"zayd_0428","428","Musnad al-Imam Zayd ibn Ali","Zaydi","باب القضاء:","= حدثني زيد بن علي عن أبيه عن جده عن علي (ع م) في الرجل يطلق امرأته فيختلفان في متاع البيت، فقضى علي (ع م) في ذلك ان ما كان يكون للرجال فهو للرجل وما كان يكون للنساء فهو للنساء وما كان يكون للنساء والرجال فهو بينهما نصفان."
"zayd_0429","429","Musnad al-Imam Zayd ibn Ali","Zaydi","باب فضل النكاح وما جاء في ذلك:","حدثني أبو خالد الواسطي قال:"
"zayd_0430","430","Musnad al-Imam Zayd ibn Ali","Zaydi","باب فضل النكاح وما جاء في ذلك:","= حدثني زيد بن علي عن ابيه عن جده عن علي (ع م) قال: قال رسول الله صلى الله عليه وآله تزوجوا فاني مكاثر بكم الامم."
"zayd_0431","431","Musnad al-Imam Zayd ibn Ali","Zaydi","باب فضل النكاح وما جاء في ذلك:","= حدثني زيد بن علي عن أبيه عن جده عن علي (ع م) قال: قال رسول الله صلى الله عليه وآله إذا نظر العبد إلى وجه زوجه ونظرت إليه نظر الله اليهما نظر رحمة فإذا أخذ بكفها وأخذت بكفه تساقطت ذنوبهما من خلال اصابعهما فإذا تغشاها حفت بهما الملائكة من الارض إلى عنان السماء وكانت كل لذة وكل شهوة حسنات كأمثال الجبال فإذا حملت كان لها اجر المصلي الصائم القائم المجاهد في سبيل الله فإذا وضعت لم تعلم نفس ما اخفى لهم من قرة أعين."
"zayd_0432","432","Musnad al-Imam Zayd ibn Ali","Zaydi","باب فضل النكاح وما جاء في ذلك:","= حدثني زيد بن علي عن أبيه عن جده عن علي (ع م) قال: قال رسول الله صلى الله عليه وآله خير النساء الولود الودود التي إذا نظرت إليها سرتك وإذا غبت عنها حفظتك."
"zayd_0433","433","Musnad al-Imam Zayd ibn Ali","Zaydi","باب المهور:","= حدثني زيد بن علي عن أبيه عن جده عن علي (ع م) قال: قال رسول الله صلى الله عليه وآله لا يكون مهر أقل من عشرة دراهم، ليس نكاح الحلال مثل مهر البغي."
"zayd_0434","434","Musnad al-Imam Zayd ibn Ali","Zaydi","باب المهور:","= حدثني زيد بن علي عن أبيه عن جده عن علي (ع م) قال: لا يحل فرج بغير مهر."
"zayd_0435","435","Musnad al-Imam Zayd ibn Ali","Zaydi","باب المهور:","= حدثني زيد بن علي عن أبيه عن جده عن علي "" ع م "" قال: انكحني رسول الله "" ص "" ابنته فاطمة عليها السلام على اثني عشر اوقية ونصف من فضة."
"zayd_0436","436","Musnad al-Imam Zayd ibn Ali","Zaydi","باب المهور:","= حدثني زيد بن علي عن أبيه عن جده عن علي "" ع م "" قال: ما نكح رسول الله "" ص "" امرأة من نسائه الا على اثني عشر اوقية فضة."
"zayd_0437","437","Musnad al-Imam Zayd ibn Ali","Zaydi","باب المهور:","= حدثني زيد بن علي عن أبيه عن جده عن علي "" ع م "" قال: لا تغالوا في مهور النساء فتكون عداوة."
"zayd_0438","438","Musnad al-Imam Zayd ibn Ali","Zaydi","باب المهور:","= حدثني زيد بن علي عن أبيه عن جده عن علي "" ع م "" ان امرأة أتت عليا عليه السلام ورجل قد تزوجها ودخل بها وسمى لها مهرا وسمى لمهرها أجلا، فقال له علي "" ع م "" لا أجل لك في مهرها إذا دخلت بها فحقها حال فأد إليها حقها."
"zayd_0439","439","Musnad al-Imam Zayd ibn Ali","Zaydi","باب المهور:","= حدثني زيد بن علي عن أبيه عن جده عن علي "" ع م "" في رجل تزوج امرأة ولم يفرض لها صداقا ثم توفي قبل الفرض لها وقبل ان يدخل بها، قال لها الميراث وعليها العدة ولا صداق لها."
"zayd_0440","440","Musnad al-Imam Zayd ibn Ali","Zaydi","باب الولي والشهود في النكاح:","= حدثني زيد بن علي عن أبيه عن جده عن علي "" ع م "" قال: لا نكاح الا بولي وشاهدين ليس بالدرهم ولا بالدرهمين ولا اليوم ولا اليومين شبه السفاح ولا شرط في نكاح."
"zayd_0441","441","Musnad al-Imam Zayd ibn Ali","Zaydi","باب الولي والشهود في النكاح:","= حدثني زيد بن علي عن أبيه عن جده عن علي "" ع م "" قال: نهى رسول الله "" ص "" عن نكاح المتعة عام خيبر."
"zayd_0442","442","Musnad al-Imam Zayd ibn Ali","Zaydi","باب الولي والشهود في النكاح:","= حدثني زيد بن علي عن أبيه عن جده عن علي "" ع م "" قال: قال رسول الله "" ص "" تستأمر الايم في نفسها، قالوا فان البكر تستحي، قال اذنها صماتها ."
"zayd_0443","443","Musnad al-Imam Zayd ibn Ali","Zaydi","باب الولي والشهود في النكاح:","= حدثني زيد بن علي عن أبيه عن جده عن علي "" ع م "" قال: إذا زوج الرجل ابنته وهي صغيرة ثم بلغت تم ذلك عليها وليس لها ان تأبى وان كانت كبيرة فكرهت لم يلزمها النكاح."
"zayd_0444","444","Musnad al-Imam Zayd ibn Ali","Zaydi","باب الولي والشهود في النكاح:","= حدثني زيد بن علي عن أبيه عن جده عن علي "" ع م "" قال: لا يجوز النكاح على الصغار الا بالآباء."
"zayd_0445","445","Musnad al-Imam Zayd ibn Ali","Zaydi","باب من لا يحل نكاحه من قرابات الزوج والمرأة:","= حدثني زيد بن علي عن أبيه عن جده عن علي (ع م) قال. حرم الله من النسب سبعا ومن الصهر سبعا فأما السبع من النسب فهي الام والابنة والاخت وبنت الاخ وبنت الاخت والعمة والخالة والسبع من الصهر فامرأة الاب وامرأة الابن وام المرأة دخل بالابنة ام لم يدخل بها وابنة الزوجة ان كان دخل بامها وان لم يكن دخل بها فهي حلال والجمع بين الاختين والام من الرضاعة والاخت من الرضاعة."
"zayd_0446","446","Musnad al-Imam Zayd ibn Ali","Zaydi","باب من لا يحل نكاحه من قرابات الزوج والمرأة:","= حدثني زيد بن علي عن أبيه عن جده عن علي (ع م) قال: قال رسول الله صلى الله عليه وآله لا تتزوج المرأة على عمتها ولا على خالتها ولا على ابنة اخيها ولا على ابنة اختها لا الصغرى على الكبرى ولا الكبرى على الصغرى."
"zayd_0447","447","Musnad al-Imam Zayd ibn Ali","Zaydi","باب من لا يحل نكاحه من قرابات الزوج والمرأة:","= حدثني زيد بن علي عن أبيه عن جده عن علي (ع م) انه كره ان يجمع الرجل بين اختين من الاماء."
"zayd_0448","448","Musnad al-Imam Zayd ibn Ali","Zaydi","باب نكاح الاماء والعبيد:","= حدثني زيد بن علي عن أبيه عن جده عن علي (ع م) انه قال: لا تتزوج الامة على الحرة وتتزوج الحرة على الامة ولا يتزوج الرجل المسلم اليهودية ولا النصرانية على المسلمة ويتزوج المسلمة على اليهودية والنصرانية وللحرة يومان من القسم وللامة يوم."
"zayd_0449","449","Musnad al-Imam Zayd ibn Ali","Zaydi","باب نكاح الاماء والعبيد:","= حدثني زيد بن علي عن أبيه عن جده عن علي عليهم السلام قال: قال رسول الله صلى الله عليه وآله ايما عبد تزوج بغير اذن مواليه فهو زان."
"zayd_0450","450","Musnad al-Imam Zayd ibn Ali","Zaydi","باب نكاح الاماء والعبيد:","= حدثني زيد بن علي عن أبيه عن جده عن علي (ع م) قال: لا يتزوج العبد أكثر من امرأتين ولا الحر أكثر من اربع."
"zayd_0451","451","Musnad al-Imam Zayd ibn Ali","Zaydi","باب نكاح الاماء والعبيد:","= حدثني زيد بن علي عن أبيه عن جده عن علي (ع م) ان رجلا أتاه فقال ان عبدي تزوج بغير اذني، فقال له علي عليه السلام فرق بينهما، فقال السيد لعبده طلقها يا عدو الله، فقال علي عليه السلام للسيد قد أجزت النكاح فان شئت ايها العبد فطلق وان شئت فأمسك ."
"zayd_0452","452","Musnad al-Imam Zayd ibn Ali","Zaydi","باب نكاح الاماء والعبيد:","= حدثني زيد بن علي عن أبيه عن جده عن علي (ع م) ان رسول الله صلى الله عليه وآله تزوج صفية وجعل عتقها صداقها. قال أبو خالد رحمه الله تعالى سألت زيدا بن علي (ع م) عن العبد هل يجوز له ان يتسرى، قال لا، قال الله عزوجل، والذين هم لفروجهم حافظون الا على ازواجهم أو ما ملكت ايمانهم فانهم غير ملومين فلا يحل فرج الا بنكاح أو ملك يمين."
"zayd_0453","453","Musnad al-Imam Zayd ibn Ali","Zaydi","باب الاكفاء:","قال أبو خالد رحمه الله تعالى سألت زيد بن علي (ع م) عن نكاح الاكفاء فقال: الناس بعضهم أكفاء لبعض عربيهم وعجميهم وقرشيهم وهاشميهم إذا أسلموا وآمنوا فدينهم واحد لهم ما لنا وعليهم ما علينا دماؤهم واحدة ودياتهم واحدة وفرائضهم واحدة ليس لبعضهم على بعض في ذلك فضل وقد قال الله عزوجل ولا تنكحوا المشركين حتى يؤمنوا فاذن للمؤمنين جميعا العربي والعجمي ان ينكحوا بنات المشركين جميعا عربيهم وعجميهم إذا أسلموا وقد تزوج زيد بن حارثة وهو مولى زينب بنت جحش قرشية وتزوج بلال هالة بنت عوف اخت عبد الرحمن بن عوف وتزوج رزيق مولى رسول الله صلى الله عليه وآله عمرة بنت بشر بن أبي العاص بن امية وتزوج عبد الله بن رزاح مولى معاوية بنتا لعمرو بن حريث وتزوج عمار بن ياسر اختا لعمرو بن حريث وتزوج أبو مجذام ابن أبي فكيهة امرأة من بني زهرة. قال زيد بن علي (ع م) سألنا أهل النخوة والكبر من العرب فقلنا اخبرونا عن نكاح العجمي للعربية حرام هو ام حلال، فقال بعضهم حلال وقال بعضهم حرام فقلنا لهم أرأيتم ان ولدت ولدا هل يثبت نسبه، قالوا نعم، قلنا إذا حلال لانه لو كان حراما لم يثبت نسبه ارأيتم ان طلقها قبل ان يدخل بها لها عليه نصف الصداق ارأيتم ان دخل بها هل يكون لها المسمى أو مهر مثلها ارأيتم ان دخل بها هذا الاعجمي هل يحل لها ذلك الزوج الذي قد طلقها ثلاثا ارأيتم ان مات وله مال هل تؤرثونها منه ارأيتم ان رضي بهذا ابوها أو اخوها هل هو جائز وباطل هذا كله جائز وهو نكاح حلال."
"zayd_0454","454","Musnad al-Imam Zayd ibn Ali","Zaydi","باب نكاح اهل الكفر (1):","= حدثني زيد بن علي عن أبيه عن جده عن علي (ع م) انه قال: يتزوج المسلم اليهودية والنصرانية ولا يتزوج المجوسية ولا المشركة وكره عليه السلام نكاح اهل الحرب ونصارى العرب وقال ليسوا بأهل كتاب."
"zayd_0455","455","Musnad al-Imam Zayd ibn Ali","Zaydi","باب نكاح اهل الكفر (1):","= حدثني زيد بن علي عن أبيه عن جده عن علي (ع م) في اليهودي تسلم امرأته ان اسلما كانا على النكاح وان اسلم هو ولم تسلم امرأته كانا على النكاح."
"zayd_0456","456","Musnad al-Imam Zayd ibn Ali","Zaydi","باب نكاح اهل الكفر (1):","= حدثني زيد بن علي عن أبيه عن جده عن علي (ع م) في مجوسي له ابنة ابن وله ابن آخر فتزوج ابنة ابنه ثم اسلموا جميعا فخطبها ابن عمها فجاءوا إلى علي عليه السلام في ذلك، فقال ان كان الجد دخل بها لم تحل لابن عمها وان كان لم يدخل بها حلت له."
"zayd_0457","457","Musnad al-Imam Zayd ibn Ali","Zaydi","باب العدل بين النساء:","= حدثني زيد بن علي عن أبيه عن جده عن علي (ع م) في قول الله عزوجل ولن تستطيعوا ان تعدلوا بين النساء ولو حرصتم، قال هذا في الحب والجماع واما النفقة والكسوة والبيتوتة فلا بد من العدل في ذلك ولاحظ للسراري في ذلك."
"zayd_0458","458","Musnad al-Imam Zayd ibn Ali","Zaydi","باب العدل بين النساء:","= حدثني زيد بن علي عن أبيه عن جده عن علي (ع م) قال: كان رسول الله صلى الله عليه وآله إذا تزوج بكرا أقام عندها سبعا وإذا تزوج ثيبا أقام عندها ثلاثا."
"zayd_0459","459","Musnad al-Imam Zayd ibn Ali","Zaydi","باب النفقة على الزوجة:","= حدثني زيد بن علي عن أبيه عن جده عن علي (ع م) ان امرأة خاصمت زوجها في نفقتها فقضى لها بنصف صاع من بر في كل يوم."
"zayd_0460","460","Musnad al-Imam Zayd ibn Ali","Zaydi","باب الاحصان:","= حدثني زيد بن علي عن أبيه عن جده عن علي (ع م) قال: لا يحصن المسلم باليهودية ولا بالنصرانية ولا بالامة ولا بالصبية."
"zayd_0461","461","Musnad al-Imam Zayd ibn Ali","Zaydi","باب العيب يجده الرجل بامرأته:","= حدثني زيد بن علي عن أبيه عن جده عن علي (ع م) قال: يرد النكاح من اربع من الجذام والجنون والبرص والفتق ."
"zayd_0462","462","Musnad al-Imam Zayd ibn Ali","Zaydi","باب العيب يجده الرجل بامرأته:","= حدثني زيد بن علي عن أبيه عن جده عن علي عليهم السلام ان رجلا تزوج امرأة فوجدته عذيوطا فكرهته ففرق بينهما."
"zayd_0463","463","Musnad al-Imam Zayd ibn Ali","Zaydi","باب العيب يجده الرجل بامرأته:","= حدثني زيد بن علي عن أبيه عن جده عن علي (ع م) ان خصيا تزوج امرأة وهي لا تعلم ثم علمت فكرهته ففرق بينهما."
"zayd_0464","464","Musnad al-Imam Zayd ibn Ali","Zaydi","باب مسائل في النكاح:","= حدثني زيد بن علي عن أبيه عن جده عن علي (ع م) قال: نهى رسول الله صلى الله عليه وآله عن نكاح الشغار، قال فسألت زيدا (ع م) عن تفسير ذلك، قال: هو ان يتزوج الرجل بنت الرجل على انه يزوجه بنته ولا مهر لواحدة منهما."
"zayd_0465","465","Musnad al-Imam Zayd ibn Ali","Zaydi","باب مسائل في النكاح:","= حدثني زيد بن علي عن أبيه عن جده عن علي (ع م) قال: من وطئ جارية لاقل من تسع سنين فهو ضامن."
"zayd_0466","466","Musnad al-Imam Zayd ibn Ali","Zaydi","باب مسائل في النكاح:","= حدثني زيد بن علي عن أبيه عن جده عن علي (ع م) في رجل تزوج امرأة فزفت إليه اختها وهو لا يعلم، فقضى علي عليه السلام ان للثانية مهرها بالوطئ ولا يقرب الاولى حتى تنقضي عدة الاخرى."
"zayd_0467","467","Musnad al-Imam Zayd ibn Ali","Zaydi","باب الرضاع (1):","= حدثني زيد بن علي عن أبيه عن جده عن علي (ع م) قال: قلت يا رسول الله انك لتتوق إلى نساء قريش ولا تخطب بنات عمك، قال: وهل عندك شئ، قلت ابنة عمك حمزة قال: انها ابنة اخي من الرضاعة يا علي، أما علمت ان الله عزوجل. قد حرم من الرضاعة ما حرم من النسب في كتاب الله عزوجل."
"zayd_0468","468","Musnad al-Imam Zayd ibn Ali","Zaydi","باب الرضاع (1):","= حدثني زيد بن علي عن أبيه عن جده عن علي (ع م) في قول الله جل اسمه والوالدات يرضعن اولادهن حولين كاملين لمن أراد ان يتم الرضاعة، قال: الرضاع سنتان فما كان من رضاع في الحولين حرم وما كان بعد الحولين فلا يحرم، قال الله تعالى وحمله وفصاله ثلاثون شهرا فالحمل ستة اشهر والرضاع حولان كاملان. سألت زيدا بن علي (ع م) عن المصة والمصتين قال: تحرم، وسألته عليه السلام عن لبن الفحل، فقال يحرم، وسألته عليه السلام عن رجل تزوج صبية صغيرة فارضعتها امه، قال عليه السلام قد حرمت عليه وعليه نصف صداق الصبية ويرجع على امه ان كانت قد تعمدت الفساد، وسألته عليه السلام عن الرجل يزني بأم امرأته، قال قد حرمت عليه، ثم قال عليه السلام، قال رسول الله صلى الله عليه وآله من نظر إلى فرج امرأة وابنتها لم يجد ريح الجنة، قلت فان قبلها لشهوة أو لمسها لشهوة، قال لا يحرم الا الغشيان وسألته عليه السلام عن الرجل يزني بامرأة ثم يتزوجها"
"zayd_0469","469","Musnad al-Imam Zayd ibn Ali","Zaydi","باب الرضاع (1):","قال لا بأس به، وسألته عليه السلام عن الرجل يتزوج المرأة على خادم، قال لها خادم وسط، وسألته عليه السلام عن الرجلين يدعيان امرأة كل واحد منهما معه شاهدان يشهدان انها امرأته، قال الشهادة باطلة، قلت فان وقتت احدى الشهادتين وقتا قبل الشهادة الاخرى، قال هو أحق بها، وسألته عليه السلام عن الرجل وامرأته يختلفان في المهر، قال لها مهر مثلها من قومها ."
"zayd_0470","470","Musnad al-Imam Zayd ibn Ali","Zaydi","باب الرضاع (1):","= حدثني زيد بن علي عن أبيه عن جده عن علي (ع م) في الرجل يخلو بامرأته ثم يطلقها، قال لها المهر إذا اجاف الباب وأسبل الستر."
"zayd_0471","471","Musnad al-Imam Zayd ibn Ali","Zaydi","باب طلاق السنة:","سألت زيدا بن علي (ع م) عن طلاق السنة قال: هو طلاقان طلاق تحل له وان لم تنكح زوجا غيره وطلاق لا تحل له حتى تنكج زوجا غيره اما التي تحل له فهو ان يطلقها واحدة وهي طاهرة من الجماع والحيض ثم يمهلها حتى تحيض ثلاثا فإذا حاضت ثلاثا فقد حل أجلها وهو أحق برجعتها ما لم تحض حيضة فإذا اغتسلت كان خاطبا من الخطاب فان عاد فتزوجها كانت معه على تطليقتين مستقبلتين، واما الطلاق التي لا تحل له حتى تنكح زوجا غيره فهو ان يطلقها في كل طهر تطليقة وهو أحق برجعتها ما لم تقع التطليقة الثالثة فإذا طلقها التطليقة الثالثة لم تحل حتى تنكح زوجا غيره ويبقى عليها من عدتها حيضة ."
"zayd_0472","472","Musnad al-Imam Zayd ibn Ali","Zaydi","باب طلاق السنة:","= حدثني زيد بن علي عن أبيه عن جده عن علي (ع م) قال: طلاق الامة تطليقتان حرا كان زوجها أو عبدا وعدتها حيضتان حرا كان زوجها ام عبدا."
"zayd_0473","473","Musnad al-Imam Zayd ibn Ali","Zaydi","باب طلاق السنة:","قال أبو خالد رحمه الله تعالى وقال زيد بن علي (ع م) وتطلق الصغيرة التي لم تبلغ عند كل شهر وعدتها ثلاثة اشهر وتطليق المؤيسة للسنة عند كل شهر وعدتها ثلاثة أشهر. وسألته عليه السلام عن الاياس، قال إذا بلغت المرأة خمسين سنة فقد أيست. وسألته عليه السلام عن الحامل كيف تطلق للسنة، قال عند كل شهر وأجلها ان تضع حملها. باب العدة:"
"zayd_0474","474","Musnad al-Imam Zayd ibn Ali","Zaydi","باب طلاق السنة:","= حدثني زيد بن علي عن أبيه عن جده عن علي (ع م) قال: الرجل أحق برجعة امرأته ما لم تغتسل من آخر حيضة."
"zayd_0475","475","Musnad al-Imam Zayd ibn Ali","Zaydi","باب طلاق السنة:","= حدثني زيد بن علي عن أبيه عن جده عن علي (ع م) قال: أجل الحائل المتوفي عنها زوجها وهي حرة اربعة اشهر وعشر وان كانت حبلى فأجلها أخر الاجلين، وأجل الامة إذا توفي عنها زوجها نصف أجل الحرة شهران وخمسة ايام."
"zayd_0476","476","Musnad al-Imam Zayd ibn Ali","Zaydi","باب طلاق السنة:","= حدثني زيد بن علي عن أبيه عن جده عن علي (ع م) عن رجل طلق امرأته وهي حامل فتلد من تطليقتها تلك قال: قد حل أجلها وان كان في بطنها ولدان فولدت احدهما فهو أحق برجعتها ما لم تلد الثاني."
"zayd_0477","477","Musnad al-Imam Zayd ibn Ali","Zaydi","باب طلاق السنة:","= حدثني زيد بن علي عن أبيه عن جده عن علي (ع م) المطلقة واحدة وثنتين وثلاثا لا تخرج من بيتها ليلا ولا نهارا حتى يحل أجلها والمتوفي عنها زوجا تخرج بالنهار ولا تبيت في غير بيتها ليلا ولا تقرب كل واحدة منهما زينة ولا طيبا الا ان يكون طلقها تطليقة أو تطليقتين فلا بأس ان تطيب وتزين."
"zayd_0478","478","Musnad al-Imam Zayd ibn Ali","Zaydi","باب طلاق السنة:","= حدثني زيد بن علي عن أبيه عن جده عن علي (ع م) ان رجلا أتاه فقال: يا امير المؤمنين كان لي زوجة فطال صحبتها ولم تلد فطلقتها ولم تكن تحيض فاعتدت بالشهور وكانت ترى انها من القواعد فتزوجت زوجا فمكثت عنده ثلاثين شهرا فحاضت فأرسل إليها والى زوجها فسألهما عن ذلك فأخبرته انها اعتدت بالشهور من غير حيض، فقال للآخر لا شئ بينك وبينها ولها المهر بدخولك بها "" وقال للاول هي امرأتك ولا تقربها حتى تنقضي عدتها من هذا الاخير، قالت فبم أعتد يا أمير المؤمنين، قال بالحيض، قال فهلكت المرأة قبل ان تنقضي عدتها فورثها الزوج الاول ولم يرثها الاخير."
"zayd_0479","479","Musnad al-Imam Zayd ibn Ali","Zaydi","باب طلاق السنة:","= حدثني زيد بن علي عن أبيه عن جده عن علي (ع م) قال: الاقراء الحيض ."
"zayd_0480","480","Musnad al-Imam Zayd ibn Ali","Zaydi","باب طلاق السنة:","= حدثني زيد بن علي عن أبيه عن جده عن علي (ع م) ان رجلا تزوج امرأة في عدة من زوج كان لها ففرق بينها وبين زوجها الاخير وقضى عليه بمهرها للوطئ وجعل عليها عدة منهما جميعا ."
"zayd_0481","481","Musnad al-Imam Zayd ibn Ali","Zaydi","باب طلاق السنة:","= حدثني زيد بن علي عن أبيه عن جده عن علي (ع م) انه جعل للمطلقة ثلاثا السكنى والنفقة."
"zayd_0482","482","Musnad al-Imam Zayd ibn Ali","Zaydi","باب الطلاق البائن:","= حدثني زيد بن علي عن أبيه عن جده عن علي (ع م) ان رجلا من قريش طلق امرأته مائة تطليقة فأخبر بذلك النبي صلى الله عليه وآله فقال بانت منه بثلاث وسبع وتسعون معصية في عنقه."
"zayd_0483","483","Musnad al-Imam Zayd ibn Ali","Zaydi","باب الطلاق البائن:","= حدثني زيد بن علي عن أبيه عن جده عن علي (ع م) قال: لعن رسول الله صلى الله عليه وآله المحلل والمحلل له."
"zayd_0484","484","Musnad al-Imam Zayd ibn Ali","Zaydi","باب الطلاق البائن:","= حدثني زيد بن علي عن أبيه عن جده عن علي (ع م) في الخلية والبرية والبتلة والبتة والبائن والحرام نوقفه فنقول ما نويت فان قال نويت واحدة كانت واحدة بائنا وهي أملك بنفسها، وان قال نويت ثلاثا كانت حراما حتى تنكح زوجا غيره ولا تحل للاول حتى تدخل بالثاني ويذوق من عسيلتها وتذوق من عسيلته."
"zayd_0485","485","Musnad al-Imam Zayd ibn Ali","Zaydi","باب الطلاق البائن:","= حدثني زيد بن علي عن أبيه عن جده عن علي (ع م) في الرجل يقول لامرأته اعتدي، قال ان كان لم يدخل بها بانت لانها لا عدة عليها وان كان قد دخل بها فهي واحدة يملك بها الرجعة."
"zayd_0486","486","Musnad al-Imam Zayd ibn Ali","Zaydi","باب الطلاق البائن:","= حدثني زيد بن علي عن أبيه عن جده عن علي (ع م) قال: ثلاث لا لعب فيهن النكاح والطلاق والعتاق."
"zayd_0487","487","Musnad al-Imam Zayd ibn Ali","Zaydi","باب الطلاق البائن:","= حدثني زيد بن علي عن أبيه عن جده عن علي (ع م) قال: طلاق السكران جائز ."
"zayd_0488","488","Musnad al-Imam Zayd ibn Ali","Zaydi","باب الطلاق البائن:","= حدثني زيد بن علي عن أبيه عن جده عن علي (ع م) قال: قال رسول الله صلى الله عليه وآله رفع القلم عن ثلاثة النائم حتى يستيقظ وعن المجنون حتى يفيق وعن الصبي حتى يبلغ."
"zayd_0489","489","Musnad al-Imam Zayd ibn Ali","Zaydi","باب الطلاق البائن:","= حدثني زيد بن علي عن أبيه عن جده عن علي (ع م) قال: إذا بلغ الغلام اثنتي عشرة سنة جرى عليه وله فيما بينه وبين الله تعالى، فإذا طلعت العانة وجبت عليه الحدود."
"zayd_0490","490","Musnad al-Imam Zayd ibn Ali","Zaydi","باب الطلاق البائن:","= حدثني زيد بن علي عن أبيه عن جده عن علي (ع م) في الرجل يطلق امرأته تطليقة أو تطليقتين فيتزوج بها زوج غيره ويدخل بها ثم تعود إلى الاول، قال تكون معه على ما بقي من الطلاق لا يهدم النكاح الثاني الواحدة والثنتين ويهدم الثلاث."
"zayd_0491","491","Musnad al-Imam Zayd ibn Ali","Zaydi","باب الطلاق البائن:","= حدثني زيد بن علي عن أبيه عن جده عن علي (ع م) قال: قال رسول الله صلى الله عليه وآله لا طلاق ولا عتاق الا ما ملكت عقدته. سألت زيدا ابن علي (ع م) عن رجل قال: يوم أتزوج فلانة فهي طالق، قال اكرهه وليست بحرام. وسألته عليه السلام عن طلاق المكره قال: حدثني أبي عن أبيه عن علي (ع م) انه قال: ثلاث خطأهن وعمدهن وهزلهن وجدهن سواء الطلاق والعتاق والنكاح. وسألته عليه السلام عن الطلاق بالفارسية والقبطية قال: الطلاق بكل لسان. وسألته عن الرجل يطلق في نفسه ولا يتكلم بلسانه قال: لا تطلق وسألته عليه السلام عن الرجل ان قال لامرأته انت طالق ان شاء الله، أو قال لعبده انت حر ان شاء الله، قال لا تطلق امرأته ولا يعتق عبده، قال وسألته عليه السلام عن الرجل قال لامرأته انت طالق وطالق وطالق قال ان كان دخل بها فثلاث وان لم يدخل بها فواحدة وان قال انت طالق ثلاثا فهي ثلاث تطليقات دخل بها ام لم يدخل. باب الخلع:"
"zayd_0492","492","Musnad al-Imam Zayd ibn Ali","Zaydi","باب الطلاق البائن:","= حدثني زيد بن علي عن أبيه عن جده عن علي (ع م) إذا قبل الرجل من امرأته فدية فقد بانت منه بتطليقة. لان النبي صلى الله عليه وآله يقول: من قال ان شاء الله تعالى فقد استثنى. وقد تقدم في باب الايمان رواية أبي خالد عن أبي الحسين (ع م) انه ما حلف يمينا قط الا استثنى فيها فقال ان شاء الله تعالى كان ذلك في رضى أو غضب. وقال (ع م): الاستثناء من كل شئ جائز. يعني بائن لان من طلق التي لم يدخل بها مرة بانت منه اه ام. والفرق بين انت طالق وطالق وطالق وبين قوله طالق ثلاثا ان قوله انت طالق في التي لم يدخل بها تطليقة بائن فقوله وطالق وطالق إيقاع للطلاق على من لا يملك عقدة نكاحها لبينونتها منه بخلاف قوله انت طالق ثلاثا فانها لم تطلق الا بمجموع اللفظ والتقييد هنا معتبر فان كانت مدخولا بها طلقت ثلاثا وان لم تكن مدخولا بها فكذلك اه ام."
"zayd_0493","493","Musnad al-Imam Zayd ibn Ali","Zaydi","باب الطلاق البائن:","= حدثني زيد بن علي عن أبيه عن جده عن علي (ع م) المختلعة لها السكنى ولا نفقة لها ويلحقها الطلاق ما دامت في العدة ."
"zayd_0494","494","Musnad al-Imam Zayd ibn Ali","Zaydi","باب الطلاق البائن:","= حدثني زيد بن علي عن أبيه عن جده عن علي (ع م) في الرجل يطلق امرأته طلاقا بائنا قال: ليس له ان يتزوج اختها حتى ينقضي أجلها وفي الرجل يكون له اربع نسوة فيطلق احداهن طلاقا بائنا، قال ليس له ان يتزوج خامسة حتى تنقضي عدة المطلقة منهن. باب العنين والمفقود:"
"zayd_0495","495","Musnad al-Imam Zayd ibn Ali","Zaydi","باب الطلاق البائن:","= حدثني زيد بن علي عن أبيه عن جده عن علي (ع م) ان امرأة فقد زوجها وتزوجت زوجا غيره ثم جاء الاول، فقال علي عليه السلام نكاح الاخير فاسد ولها المهر بما استحل من فرجها وردها إلى الاول، وقال لاتقربها حتى تنقضي عدتها من الاخير."
"zayd_0496","496","Musnad al-Imam Zayd ibn Ali","Zaydi","باب الطلاق البائن:","= حدثني زيد بن علي عن أبيه عن جده عن علي (ع م) انه كان يؤجل العنين سنة فان وصل الا فرق بينهما. باب الامة يتزوجها الرجل على انها حرة:"
"zayd_0497","497","Musnad al-Imam Zayd ibn Ali","Zaydi","باب الطلاق البائن:","= حدثني زيد بن علي عن أبيه عن جده عن علي (ع م) ان امة ابقت إلى اليمن فتزوجها رجل فأولدها اولادا ثم ان سيدها اعترفها بالبينة العادلة، فقال يأخذها سيدها واولادها احرار وعلى ابيهم قيمتهم على قدر اسنانهم صغار فصغار وكبار فكبار ويرجع على الذي غره فيها."
"zayd_0498","498","Musnad al-Imam Zayd ibn Ali","Zaydi","باب الخيار:","= حدثني زيد بن علي عن أبيه عن جده عن علي (ع م) قال: إذا خيرها فاختارت زوجها فلا شئ وان اختارت نفسها فواحدة بائن وإذا قال لها امرك اليك فالقضاء ما قضت ما لم تتكلم وان قامت من مجلسها قبل ان تختار فلا خيار لها. باب الظهار:"
"zayd_0499","499","Musnad al-Imam Zayd ibn Ali","Zaydi","باب الخيار:","= حدثني زيد بن علي عن أبيه عن جده عن علي (ع م) في الرجل يظاهر من امرأته فعليه الكفارة كما قال الله تعالى عتق رقبة مؤمنة كانت أو كافرة وقال في القتل خطأ لا يجوز الا رقبة مؤمنة فان لم يجد فصيام شهرين متتابعين وان لم يستطع فاطعام ستين مسكينا في الظهار ولا يجزئه ذلك في القتل. سألت زيدا بن علي (ع م) عن الرجل يظاهر من امته فقال لا شئ عليه. وسألته عليه السلام عن المرأة تظاهر من زوجها فقال لا شئ عليها. وسألته عليه السلام عن الرجل يظاهر من اربع نسوة، فقال اربع كفارات في كلمة قال ذلك أو في اربع كلمات وان ظاهر من امرأته مرارا فان كان ذلك في مجلس واحد فكفارة واحدة وان كان ذلك في مجالس شتى ففي كل مجلس كفارة."
"zayd_0500","500","Musnad al-Imam Zayd ibn Ali","Zaydi","باب الايلاء:","= حدثني زيد بن علي عن أبيه عن جده عن علي (ع م) قال: الايلاء هو القسم وهو الحلف وإذا حلف الرجل لا يقرب امرأته اربعة أشهر أو اكثر من ذلك فهو مول وان كان دون الاربعة الاشهر فليس بمول."
"zayd_0501","501","Musnad al-Imam Zayd ibn Ali","Zaydi","باب الايلاء:","= حدثني زيد بن علي عن أبيه عن جده عن علي (ع م) انه كان يوقف المولى بعد الاربعة الاشهر فيقول اما ان تفي واما ان تعزم الطلاق فان عزم الطلاق كانت تطليقة بائنة. باب اللعان:"
"zayd_0502","502","Musnad al-Imam Zayd ibn Ali","Zaydi","باب الايلاء:","= حدثني زيد بن علي عن أبيه عن جده عن علي (ع م) في الرجل تأتي امرأته بولد فينفيه قال: يلاعن الإمام بينهما يبدأ بالرجل فيشهد اربع شهادات بالله انه لمن الصادقين والخامسة ان لعنة الله عليه ان كان من الكاذبين ثم تشهد المرأة اربع شهادات بالله انه لمن الكاذبين والخامسة ان غضب الله عليها ان كان من الصادقين فإذا فعلا ذلك فرق الإمام بينهما ولم يجتمعا أبدا وألحق الولد بامه فجعل امه عصبته وجعل عاقلته على قوم امه."
"zayd_0503","503","Musnad al-Imam Zayd ibn Ali","Zaydi","باب حد الزاني:","= حدثني زيد بن علي عن أبيه عن جده عن علي (ع م) ان رجلا من أسلم جاء إلى النبي صلى الله عليه وآله فشهد على نفسه الزنا فرده النبي صلى الله عليه وآله اربع مرات فلما جاءه الخامسة قال النبي صلى الله عليه وآله أتدري ما الزنا، قال نعم أتيتها حراما حتى غاب ذاك مني في ذاك منها كما يغيب المرود في المكحلة والرشاء في البئر فأمر النبي صلى الله عليه وآله برجمه فرجم فلما أذلقته الحجارة فر فلقيه رجل بلحي جمل فرجمه فقتله، فقال النبي صلى الله عليه وآله الا تركتموه، ثم صلى عليه، فقال له رجل يارسول الله رجمته ثم تصلي عليه، فقال له النبي صلى الله عليه وآله ان الرجم يطهر ذنوبه ويكفرها كما يطهر أحدكم ثوبه من دنسه والذي نفسي بيده انه الساعة لفي أنهار الجنة يتخضخض فيها."
"zayd_0504","504","Musnad al-Imam Zayd ibn Ali","Zaydi","باب حد الزاني:","= حدثني زيد بن علي عن أبيه عن جده عن علي (ع م) ان امرأة أتته فاعترفت بالزنا فردها حتى فعلت ذلك اربع مرات ثم حبسها حتى وضعت حملها فلما وضعت لم يرجمها حتى وجد من يكفل ولدها ثم أمر بها فجلدت ثم حفر لها بئرا إلى ثديها ثم رجم ثم أمر الناس ان يرجموا ثم قال ايما حد أقامه الإمام باقرار رجم الإمام ثم رجم الناس وايما حد أقامه الإمام بشهود رجم الشهود ثم يرجم الإمام ثم يرجم المسلمون ثم قال جلدتها بكتاب الله ورجمتها بسنة رسول الله صلى الله عليه وآله."
"zayd_0505","505","Musnad al-Imam Zayd ibn Ali","Zaydi","باب حد الزاني:","= حدثني زيد بن علي عن أبيه عن جده عن علي (ع م) قال: قال رسول الله صلى الله عليه وآله الثيب بالثيب جلد مائة والرجم والبكر بالبكر جلد مائة والحبس سنة ."
"zayd_0506","506","Musnad al-Imam Zayd ibn Ali","Zaydi","باب حد الزاني:","= حدثني زيد بن علي عن أبيه عن جده عن علي (ع م) قال: حد العبد نصف حد الحر."
"zayd_0507","507","Musnad al-Imam Zayd ibn Ali","Zaydi","باب حد الزاني:","= حدثني زيد بن علي عن أبيه عن جده عن علي (ع م) قال: لما كان في ولاية عمر أتي بامرأة حامل فسألها عمر فاعترفت بالفجور فأمر بها عمر ان ترجم فلقيها علي بن أبي طالب (ع م) فقال ما بال هذه، فقالوا أمر بها عمر ان ترجم فردها علي (ع م) فقال أمرت بها ان ترجم، فقال نعم اعترفت عندي بالفجور، فقال علي (ع م) هذا سلطانك عليها فما سلطانك على ما في بطنها، قال ما علمت انها حبلى، قال امير المؤمنين عليه السلام ان لم تعلم فاستبر رحمها، ثم قال عليه السلام فلعلك انتهرتها أو اخفتها، قال قد كان ذلك، فقال أو ما سمعت رسول الله صلى الله عليه وآله يقول لاحد على معترف بعد بلاء انه من قيدت أو حبست أو تهددت فلا اقرار له، قال فخلى عمر سبيلها ثم قال عجزت النساء ان تلد مثل علي بن أبي طالب، لولا علي لهلك عمر."
"zayd_0508","508","Musnad al-Imam Zayd ibn Ali","Zaydi","باب حد الزاني:","= حدثني زيد بن علي عن أبيه عن جده عن علي (ع م) ان رجلا زنى بجارية من الخمس فلم يحده علي (ع م) وقال له فيها نصيب."
"zayd_0509","509","Musnad al-Imam Zayd ibn Ali","Zaydi","باب حد الزاني:","= حدثني زيد بن علي عن أبيه عن جده عن علي (ع م) في عبد عتق نصفه زنى فجلده علي (ع م) خمسا وسبعين جلدة."
"zayd_0510","510","Musnad al-Imam Zayd ibn Ali","Zaydi","باب حد القاذف:","= حدثني زيد بن علي عن أبيه عن جده عن علي (ع م) قال: يجلد القاذف وعليه ثيابه وينتزع عنه الحشو والجلد."
"zayd_0511","511","Musnad al-Imam Zayd ibn Ali","Zaydi","باب حد القاذف:","= حدثني زيد بن علي عن أبيه عن جده عن علي (ع م) انه كان (يعزز) في التعريض."
"zayd_0512","512","Musnad al-Imam Zayd ibn Ali","Zaydi","باب حد القاذف:","= حدثني زيد بن علي عن أبيه عن جده عن علي (ع م) انه أتته امرأة فقالت يا امير المؤمنين ان زوجي وقع على وليدتي، فقال عليه السلام ان تكوني صادقة رجمناه وان تكوني كاذبة جلدناك، قال ثم اقيمت الصلاة فذهبت."
"zayd_0513","513","Musnad al-Imam Zayd ibn Ali","Zaydi","باب حد اللوطى:","= حدثني زيد بن علي عن أبيه عن جده عن علي (ع م) في الذكرين ينكح أحدهما الآخران حدهما حد الزاني ان كانا احصنا رجما وان كانا لم يحصنا جلدا."
"zayd_0514","514","Musnad al-Imam Zayd ibn Ali","Zaydi","باب الحد في شرب الخمر:","= حدثني زيد بن علي عن أبيه عن جده عن علي (ع م) انه قال من مات في حد الزنا والقذف فلا دية له كتاب الله قتله ومن مات في حد الخمر فديته من بيت مال المسلمين فانه شئ رأيناه ."
"zayd_0515","515","Musnad al-Imam Zayd ibn Ali","Zaydi","باب الحد في شرب الخمر:","= حدثني زيد بن علي عن أبيه عن جده عن علي (ع م) انه كان يجلد في شرب الخمر في المسكر من النبيذ اربعين جلدة."
"zayd_0516","516","Musnad al-Imam Zayd ibn Ali","Zaydi","باب الحد في شرب الخمر:","= حدثني زيد بن علي عن أبيه عن جده عن علي (ع م) قال: ما اسكر كثيره فقليله حرام ."
"zayd_0517","517","Musnad al-Imam Zayd ibn Ali","Zaydi","باب حد السارق:","= حدثني زيد بن علي عن أبيه عن جده عن علي (ع م) قال: لا تقبل شهادة النساء في الحدود والقصاص وكان لا يقبل شهادة على شهادة في حد ولا قصاص."
"zayd_0518","518","Musnad al-Imam Zayd ibn Ali","Zaydi","باب حد السارق:","= حدثني زيد بن علي عن أبيه عن جده عن علي (ع م) قال: لاقطع في أقل من عشرة دراهم."
"zayd_0519","519","Musnad al-Imam Zayd ibn Ali","Zaydi","باب حد السارق:","= حدثني زيد بن علي عن أبيه عن جده عن علي (ع م) قال: لا قطع على خائن ولا مختلس ولا في ثمر ولا كثر ولا قطع في صيد ولا ريش ولا قطع في عام سنة ولا قطع على سارق من بيت مال المسلمين فان له فيه نصيبا."
"zayd_0520","520","Musnad al-Imam Zayd ibn Ali","Zaydi","باب حد السارق:","= حدثني زيد بن علي عن أبيه عن جده عن علي (ع م) ان رجلا أتاه فقال يا امير المؤمنين ان عبدي سرق متاعي، فقال عليه السلام مالك سرق بعضه بعضا."
"zayd_0521","521","Musnad al-Imam Zayd ibn Ali","Zaydi","باب حد السارق:","= حدثني زيد بن علي عن أبيه عن جده عن علي (ع م) انه كان يقطع يمين السارق فان عاد فسرق قطع رجله اليسرى فان عاد فسرق استودعه السجن وقال اني لاستحي من الله تعالى ان اتركه ليس له شئ يأكل به ولا يشرب ولا يستنجي به إذا أراد ان يصلي."
"zayd_0522","522","Musnad al-Imam Zayd ibn Ali","Zaydi","باب حد السارق:","= حدثني زيد بن علي عن أبيه عن جده عن علي (ع م) ان شاهدين شهدا عند علي عليه السلام على رجل انه سرق سرقة فقطع يده، ثم جاء بآخر فقالا يا أمير المؤمنين غلطنا هذا الذي سرق والاول برئ، فقال عليه السلام عليكما دية الاول ولا اصدقكما على هذا الآخر ولو اعلم انكما تعمدتما في قطع يده لقطعت ايديكما."
"zayd_0523","523","Musnad al-Imam Zayd ibn Ali","Zaydi","باب حد الساحر والزنديق:","= حدثني زيد بن علي عن أبيه عن جده عن علي (ع م) قال. حد الساحر القتل."
"zayd_0524","524","Musnad al-Imam Zayd ibn Ali","Zaydi","باب حد الساحر والزنديق:","= حدثني زيد بن علي عن أبيه عن جده عن علي (ع م) انه حرق زنادقة من السواد بالنار."
"zayd_0525","525","Musnad al-Imam Zayd ibn Ali","Zaydi","باب حد الساحر والزنديق:","= حدثني زيد بن علي عن أبيه عن علي (ع م) انه قال: من شتم نبيا قتلناه ومن زنا من أهل الذمة بامرأة مسلمة قتلناه فانما اعطيناهم الذمة على ان لا يشتموا نبينا ولا ينكحوا نساءنا."
"zayd_0526","526","Musnad al-Imam Zayd ibn Ali","Zaydi","باب الديات:","= حدثني زيد بن علي عن أبيه عن جده عن علي (ع م) انه قال: في النفس في قتل الخطأ من الورق عشرة آلاف درهم ومن الذهب الف مثقال ومن الابل مائة بعير ربع جذاع وربع حقاق وربع بنات لبون وربع بنات مخاض ومن الغنم الفا شاة ومن البقر مائتا بقرة ومن الحلل مائتا حلة يمانية وفي شبه العمد من الورق اثنا عشر الف درهم ومن الذهب الف مثقال ومائتا مثقال ومن الابل مائة بعير ثلاثة وثلثون جذعة وثلاثة وثلاثون حقة واربع وثلثون ما بين ثنية إلى بازل عامها كلها خليفة ومن الغنم الفا شاة واربعمائة شاة ومن البقر مائتا بقرة واربعون بقرة ومن الحلل مائتا حلة واربعون حلة يمانية."
"zayd_0527","527","Musnad al-Imam Zayd ibn Ali","Zaydi","باب الديات:","= حدثني زيد بن علي عن أبيه عن جده عن علي (ع م) قال: العمد قتل السيف والحديد وشبه العمد قتل الحجر والعصا والخطأ ما اراد القاتل غيره فأخطأه فقتله."
"zayd_0528","528","Musnad al-Imam Zayd ibn Ali","Zaydi","باب الديات:","= حدثني زيد بن علي عن أبيه عن جده عن علي (ع م) قال: في النفس الدية ارباع ربع جذاع وربع حقاق وربع بنات لبون وربع بنات مخاض وفي اللسان إذا استؤصل مثل الدية ارباعا وفي الانف إذا استؤصل أو قطع مارنه الدية ارباعا ربع جذاع وربع حقاق وربع بنات لبون وربع بنات مخاض وفي الذكر إذا استؤصل الدية ارباعا وفي الحشفة الدية ارباعا وفي العين نصف الدية وفي الاذن نصف الدية وفي اليد نصف الدية وفي الرجل نصف الدية وفي احدى الانثيين نصف الدية وفي احد الشفتين نصف الدية وفي المأمومة ثلث الدية وفي الجائفة ثلث الدية وفي المنقلة خمس عشرة من الابل وفي الهاشمة عشر من الابل وفي الموضحة خمس من الابل وفي الاسنان في كل سن خمس من الابل وفي الاصابع في كل اصبع عشر من الابل كل ذلك على العاقلة وما كان دون السن في الموضحة فلا تعقله العاقلة."
"zayd_0529","529","Musnad al-Imam Zayd ibn Ali","Zaydi","باب الديات:","= حدثني زيد بن علي عن أبيه عن جده عن علي (ع م) قال: لاتعقل العاقلة عمدا ولا صلحا ولا اعترافا."
"zayd_0530","530","Musnad al-Imam Zayd ibn Ali","Zaydi","باب الديات:","= حدثني زيد بن علي عن أبيه عن جده عن علي (ع م) قال: عمد الصبي وخطأه سواء كل ذلك على العاقلة وما كان دون السن والموضحة فلا تعقله العاقلة."
"zayd_0531","531","Musnad al-Imam Zayd ibn Ali","Zaydi","باب الديات:","= حدثني زيد بن علي عن أبيه عن جده عن علي (ع م) قال: لا قصاص بين الرجال والنساء فيما دون النفس ولا قصاص فيما بين الاحرار والعبيد فيما دون النفس."
"zayd_0532","532","Musnad al-Imam Zayd ibn Ali","Zaydi","باب الديات:","= حدثني زيد بن علي عن أبيه عن جده عن علي (ع م) قال: جراحة المرأة على النصف من جراحة الرجل في كل شئ لا تساوي بينهما في سن ولا جراحة ولا موضحة ولا غيرها."
"zayd_0533","533","Musnad al-Imam Zayd ibn Ali","Zaydi","باب الديات:","= حدثني زيد بن علي عن أبيه عن جده عن علي (ع م) قال: تجري جراحات العبيد على مجرى جراحات الاحرار في عينه نصف ثمنه وفي يده نصف ثمنه وفي أنفه جميع ثمنه وفي موضحته نصف عشر ثمنه."
"zayd_0534","534","Musnad al-Imam Zayd ibn Ali","Zaydi","باب الديات:","= حدثني زيد بن علي عن أبيه عن جده عن علي (ع م) انه قضى في جنين الحرة بعبد أو امة."
"zayd_0535","535","Musnad al-Imam Zayd ibn Ali","Zaydi","باب الديات:","= حدثني زيد بن علي عن أبيه عن جده عن علي (ع م) انه قضى للاخوة من الام نصيبهم من الدم وورث الزوجة من الدم."
"zayd_0536","536","Musnad al-Imam Zayd ibn Ali","Zaydi","باب الديات:","= حدثني زيد بن علي عن أبيه عن جده عن علي (ع م) انه قال: لا يرث القاتل ."
"zayd_0537","537","Musnad al-Imam Zayd ibn Ali","Zaydi","باب الديات:","= حدثني زيد بن علي عن أبيه عن جده عن علي (ع م) انه قتل مسلما بذمي، ثم قال: أنا أحق من وفى بذمة محمد صلى الله عليه وآله."
"zayd_0538","538","Musnad al-Imam Zayd ibn Ali","Zaydi","باب الديات:","= حدثني زيد بن علي عن أبيه عن جده عن علي (ع م) قال: إذا اسودت السن أو شلت اليد أو ابيضت العين فقد تم عقلها."
"zayd_0539","539","Musnad al-Imam Zayd ibn Ali","Zaydi","باب الديات:","= حدثني زيد بن علي عن أبيه عن جده عن علي (ع م) قال: قال رسول الله صلى الله عليه وآله لايقتص ولد من والده ولا عبد من سيده ولا يقام حد في مسجد."
"zayd_0540","540","Musnad al-Imam Zayd ibn Ali","Zaydi","باب الديات:","= حدثني زيد بن علي عن أبيه عن جده عن علي (ع م) قال: قال رسول الله صلى الله عليه وآله المعدن جبار والبئر جبار والدابة المنفلتة جبار والرجل جبار."
"zayd_0541","541","Musnad al-Imam Zayd ibn Ali","Zaydi","باب الديات:","= حدثني زيد بن علي عن أبيه عن جده عن علي (ع م) ان رجلا عض يد رجل فانتزع يده من فيه فسقطت ثنيتاه فلم يجعل عليه شيئا وقال: ايترك يده في فيك تقضمها كما يقضم الفحل."
"zayd_0542","542","Musnad al-Imam Zayd ibn Ali","Zaydi","باب الديات:","= حدثني زيد بن علي عن أبيه عن جده عن علي (ع م) قال: في لسان الاخرس ورجل الاعرج وذكر الخصي والعنين حكومة الامام."
"zayd_0543","543","Musnad al-Imam Zayd ibn Ali","Zaydi","باب الديات:","= حدثني زيد بن علي عن أبيه عن جده عن علي (ع م) قال: في جناية العبد لا يغرم سيده اكثر من ثمنه ولا يبلغ بدية عبد دية حر."
"zayd_0544","544","Musnad al-Imam Zayd ibn Ali","Zaydi","باب الديات:","= حدثني زيد بن علي عن أبيه عن جده عن علي (ع م) في مكاتب قتل قال: يؤدى بحساب ما عتق منه دية حر وبحساب ما لم يؤد فيه كتابته دية عبد."
"zayd_0545","545","Musnad al-Imam Zayd ibn Ali","Zaydi","باب الديات:","= حدثني زيد بن علي عن أبيه عن جده عن علي (ع م) في قتيل وجد في محلة لا يدرى من قتله فقضى علي عليه السلام في ذلك ان على أهل المحلة ان يقسم منهم خمسون رجلا بالله ما قتلناه ولا علمنا له قاتلا ثم يغرمون الدية."
"zayd_0546","546","Musnad al-Imam Zayd ibn Ali","Zaydi","باب الديات:","= حدثني زيد بن علي عن أبيه عن جده عن علي (ع م) ان فارسين اصطدما فمات أحدهما فقضى علي عليه السلام على الحي بدية الميت."
"zayd_0547","547","Musnad al-Imam Zayd ibn Ali","Zaydi","باب الديات:","= حدثني زيد بن علي عن أبيه عن جده عن علي (ع م) قال: من اوقف دابة في طريق من طريق المسلمين أو في سوق من أسواقهم فهو ضامن لما اصابت بيدها أو برجلها."
"zayd_0548","548","Musnad al-Imam Zayd ibn Ali","Zaydi","باب الديات:","= حدثني زيد بن علي عن أبيه عن جده عن علي (ع م) ان رجلا ضرب لسان رجل فصار بعض كلامه يبين وبعضه لا يبين فقضى عليه من الدية بحساب ما استعجم من حروف الهجاء."
"zayd_0549","549","Musnad al-Imam Zayd ibn Ali","Zaydi","باب الديات:","= حدثني زيد بن علي عن أبيه عن جده عن علي (ع م) انه قضى على اربعة اطلعوا على اسد في زبية فسقط رجل منهم فتعلق بآخر وتعلق الثاني بالثالث وتعلق الثالث بالرابع فقتلهم الاسد جميعا فقضى للرابع بدية وللثالث بنصف دية وللثاني بثلث دية وللاول بربع دية ."
"zayd_0550","550","Musnad al-Imam Zayd ibn Ali","Zaydi","باب الغزو والسير:","= حدثني زيد بن علي عن أبيه عن جده عن علي (ع م) قال: كان رسول الله صلى الله عليه وآله إذا بعث جيشا من المسلمين بعث عليهم اميرا، ثم قال انطلقوا بسم الله وبالله وفي سبيل الله وعلى ملة رسول الله انتم جند الله تقاتلون من كفر بالله ادعوا إلى شهادة ان لا إله إلا الله وان محمدا رسول الله صلى الله عليه وآله والاقرار بما جاء به محمد من عند الله فان آمنوا فاخوانكم في الدين لهم مالكم وعليهم ما عليكم وان هم ابوا فناصبوهم حربا واستعينوا عليهم بالله فان أظهركم الله عليهم فلا تقتلوا وليدا لا امرأة ولا شيخا كبيرا لا يطيق قتالكم ولا تغوروا عينا ولا تقطعوا شجرا الا شجر يضركم ولا تمثلوا بآدمي ولا بهيمة ولا تظلموا ولا تعتدوا وايما رجلا من اقصاكم أو ادناكم من احراركم أو عبيدكم اعطا رجلا منهم امانا أو أشار إليه بيده فأقبل إليه باشارته فله الامان حتى يسمع كلام الله اي كتاب الله فان قبل فأخوكم في دينكم وان ابى فردوه إلى مأمنه واستعينوا بالله عليه، لا تعطوا القوم ذمتي ولا ذمة الله فالمخفر ذمة الله لاق الله وهو عليه ساخط، أعطوهم ذمتكم وذمم ابائكم وفوا لهم فان احدكم لان يخفر ذمته وذمة ابيه خير له من ان يخفر ذمة الله وذمة رسوله."
"zayd_0551","551","Musnad al-Imam Zayd ibn Ali","Zaydi","باب فضل الجهاد:","= حدثني زيد بن علي عن أبيه عن جده عن علي (ع م) قال: قال رسول الله صلى الله عليه وآله أفضل الاعمال بعد الصلاة المفروضة والزكاة الواجبة وحجة الاسلام وصوم شهر رمضان، الجهاد في سبيل الله والدعاء إلى دين الله والامر بالمعروف والنهي عن المنكر عدل الامر بالمعروف الدعاء إلى الله في سلطان الكافرين وعدل النهي عن المنكر الجهاد في سبيل الله والله لروحة في سبيل الله أو غدوة خير من الدنيا وما فيها."
"zayd_0552","552","Musnad al-Imam Zayd ibn Ali","Zaydi","باب فضل الجهاد:","= حدثني زيد بن علي عن أبيه عن جده عن علي (ع م) قال: غزوة إفضل من خمسسين حجة ورباط يوم في سبيل الله أفضل من صوم شهر وقيامه ومن مات مرابطا جرى له عمله إلى يوم القيامة واجير من عذاب القبر."
"zayd_0553","553","Musnad al-Imam Zayd ibn Ali","Zaydi","باب فضل الجهاد:","= حدثني زيد بن علي عن أبيه عن جده عن علي (ع م) قال: لا يفسد الجهاد والحج جور جائز كما لا يفسد الامر بالمعروف والنهي عن المنكر غلبة أهل الفسق."
"zayd_0554","554","Musnad al-Imam Zayd ibn Ali","Zaydi","باب فضل الجهاد:","= حدثني زيد بن علي عن أبيه عن جده عن علي (ع م) قال: من اغبرت قدماه في سبيل الله حرم الله وجهه على النار ومن رمى بسهم في سبيل الله فبلغ أو قصر كان كعتق رقبة ومن ضرب بسيف في سبيل الله فكأنه حج عشر حجج حجة في أثر حجة."
"zayd_0555","555","Musnad al-Imam Zayd ibn Ali","Zaydi","باب فضل الشهادة:","= حدثني زيد بن علي عن أبيه عن جده عن علي (ع م) قال: قال رسول الله "" ص "" للشهيد سبع درجات: "" فأول درجاته ان يرى منزله من الجنة قبل خروج روحه فيهون عليه ما به. "" والثانية "" ان تبرز له زوجة من حور الجنة فتقول له ابشر ياولي الله فوالله ما عند الله خير لك مما عند اهلك *. "" والثالثة "" إذا خرجت نفسه جاءه خدمه من الجنة فولوا غسله وكفنه وطيبوه من طيب الجنة. "" والرابعة "" ان لا يهون على مسلم خروج نفسه مثل ما يهون على الشهيد. "" والخامسة "" ان يبعث يوم القيامة وجروحه تنبعث مسكا فيعرف الشهداء برائحتهم يوم القيامة. "" والسادسة "" انه ليس احد أقرب منزلا من عرش الرحمن من الشهداء. "" والسابعة "" ان لهم كل جمعة زورة يزورون الله عزوجل فيحيون بتحية الكرامة ويتحفون بتحف الجنة ثم ينصرفون فيقال هؤلاء زوار الرحمن ."
"zayd_0556","556","Musnad al-Imam Zayd ibn Ali","Zaydi","باب فضل الشهادة:","= حدثني زيد بن علي عن أبيه عن جده عن علي (ع م) قال: قال رسول الله "" ص "" المبطون شهيد والنفساء شهيد والغريق شهيد والذي يقع عليه الهدم شهيد والآمر بالمعروف والناهي عن المنكر شهيد."
"zayd_0557","557","Musnad al-Imam Zayd ibn Ali","Zaydi","باب قسمة الغنائم:","= حدثني زيد بن علي عن أبيه عن جده عن علي (ع م) قال: أسهم رسول الله "" ص "" للفارس ثلاثة أسهم سهم له وسهمان للفرس وللراجل سهم. قال: وسمعت زيدا بن علي عليهما السلام يقول: إذا غلب الإمام على أرض فرأى ان يمن على اهلها جعل الخراج على رؤوسهم فان رأى ان يقسمها جعلها ارض عشر. قال وسألت زيدا بن علي عليهما السلام عن متاع لرجل غلب عليه المشركون ثم غلب عليه المسلمون بعد ذلك، قال: فان جاء صاحبه فاعترفه قبل قسمة الغنائم أخذه بغير شئ وان جاء بعد القسمة أخذه بثمنه، فان اسلم اهل الحرب وهو في أيديهم فهو لهم وليس له عليهم سبيل. باب العهد والذمة:"
"zayd_0558","558","Musnad al-Imam Zayd ibn Ali","Zaydi","باب قسمة الغنائم:","= حدثني زيد بن علي عن أبيه عن جده عن علي (ع م) قال: لا يقبل من مشركي العرب الا الاسلام أو السيف، واما مشركو العجم فتؤخذ منهم الجزية، واما اهل الكتاب من العرب والعجم فان ابوا ان يسلموا أو سألونا ان يكونوا من اهل الذمة قبلنا منهم الجزية."
"zayd_0559","559","Musnad al-Imam Zayd ibn Ali","Zaydi","باب الالوية (1) والرايات:","= حدثني زيد بن علي عن أبيه عن جده عن علي (ع م) ان النبي صلى الله عليه وآله دخل مكة يوم الفتح وعلى رأسه عمامة سوداء."
"zayd_0560","560","Musnad al-Imam Zayd ibn Ali","Zaydi","باب الالوية (1) والرايات:","= حدثني زيد بن علي عن أبيه عن جده عن علي (ع م) قال: كانت رايات النبي صلى الله عليه وآله سودا والويته بيضا."
"zayd_0561","561","Musnad al-Imam Zayd ibn Ali","Zaydi","باب الخمس والانفال:","= حدثني زيد بن علي عن أبيه عن جده عن علي (ع م) ان النبي صلى الله عليه وآله كان ينفل بالربع والخمس والثلث. قال علي عليه السلام انما النفل قبل القمسة ولا نفل بعد القسمة. سألت زيدا بن علي (ع م) عن الخمس قال: هو لنا ما احتجنا إليه فإذا استغنينا فلا حق لنا فيه، ألم تر ان الله قرننا مع اليتامى والمساكين وابن السبيل فإذا بلغ اليتيم استغنى المسكين وامن ابن السبيل فلا حق لهم وكذلك نحن إذا استغنينا فلا حق لنا."
"zayd_0562","562","Musnad al-Imam Zayd ibn Ali","Zaydi","باب المرتد:","= حدثني زيد بن علي عن أبيه عن جده عن علي (ع م) انه كان يستتيب المرتد ثلاثا فان تاب والا قتله وقسم ميراثه بين ورثته المسلمين."
"zayd_0563","563","Musnad al-Imam Zayd ibn Ali","Zaydi","باب المرتد:","= حدثني زيد بن علي عن أبيه عن جده عن علي (ع م) قال: إذا اسلم احد الابوين والولد صغار فالولد مسلمون باسلام من اسلم من الابوين فان كبر الولد وابوا الاسلام قتلوا وان كان الولد كبارا بالغين لم يكونوا مسلمين باسلام الابوين."
"zayd_0564","564","Musnad al-Imam Zayd ibn Ali","Zaydi","باب الغلول:","= حدثني زيد بن علي عن أبيه عن جده عن علي (ع م) قال: قال رسول الله صلى الله عليه وآله لو لم تغل امتي ما قوي عليهم عدو لهم. سألت زيدا ابن علي (ع م) عن الرجل من المسلمين يأكل من الطعام قبل ان يقسم ويعلف دابته من العلف قبل ان يقسم، قال: ليس ذلك بغلول. وسألته عليه السلام عن السلاح فقال يقاتل به فإذا وضعت الحرب اوزارها رد في الغنائم."
"zayd_0565","565","Musnad al-Imam Zayd ibn Ali","Zaydi","باب قتال اهل البغي من اهل القبلة:","= حدثني زيد بن علي عن أبيه عن جده عن علي (ع م) قال: لا يسبى اهل القبلة ولا ينصب لهم منجنيق ولا يمنعون من الميرة ولا طعام ولا شراب وان كانت لهم فئة اجهز على جريحهم واتبع مدبرهم وان لم تكن لهم فئة لم يجهز على جريحهم ولم يتبع مدبرهم ولا يحل من ملكهم شئ الا ما كان في معسكرهم."
"zayd_0566","566","Musnad al-Imam Zayd ibn Ali","Zaydi","باب قتال اهل البغي من اهل القبلة:","= حدثني زيد بن علي عن أبيه عن جده عن علي (ع م) انه لم يتعرض لما في دور اهل البصرة الا ما كان من خراج بيت مال المسلمين."
"zayd_0567","567","Musnad al-Imam Zayd ibn Ali","Zaydi","باب قتال اهل البغي من اهل القبلة:","= حدثني زيد بن علي عن أبيه عن جده عن علي (ع م) انه خمس ما حواه عسكر اهل النهروان واهل البصرة ولم يعترض ما سوى ذلك."
"zayd_0568","568","Musnad al-Imam Zayd ibn Ali","Zaydi","باب متى يجب على اهل العدل قتال الفئة الباغية:","قال زيد بن علي (ع م) إذا كان الإمام في قلة من العدد لم يجب عليه قتال اهل البغي فإذا كان اصحابه ثلثمائة وبضع عشرة عدة اهل بدر وجب عليه وعليهم القتال ولم يعذروا بترك القتال فانه ليس من الاعمال شئ افضل من جهادهم."
"zayd_0569","569","Musnad al-Imam Zayd ibn Ali","Zaydi","باب طاعة الامام:","= حدثني زيد بن علي عن أبيه عن جده عن علي (ع م) قال: من مات وليس له امام مات ميتة جاهليه إذا كان الإمام عدلا برا تقيا ."
"zayd_0570","570","Musnad al-Imam Zayd ibn Ali","Zaydi","باب طاعة الامام:","= حدثني زيد بن علي عن أبيه عن جده عن علي (ع م) قال: حق على الإمام ان يحكم بما انزل الله وان يعدل في الرعية فإذا فعل ذلك فحق عليهم ان يسمعوا وان يطيعوا وان يجيبوا إذا دعوا وايما امام لم يحكم بما انزل الله فلا طاعة له."
"zayd_0571","571","Musnad al-Imam Zayd ibn Ali","Zaydi","باب طاعة الامام:","= حدثني زيد بن علي عن أبيه عن جده عن علي (ع م) قال: قال رسول الله صلى الله عليه وآله ايما وال احتجب من حوائج الناس احتجب الله منه يوم القيامة."
"zayd_0572","572","Musnad al-Imam Zayd ibn Ali","Zaydi","باب قطاع الطريق:","= حدثني زيد بن علي عن أبيه عن جده عن علي (ع م) قال: إذا قطع الطريق اللصوص واشهروا السلاح ولم يأخذوا مالا ولم يقتلوا مسلما ثم اخذوا حبسوا حتى يموتوا وذلك نفيهم من الارض فإذا اخذوا المال ولم يقتلوا قطعت أيديهم وأرجلهم من خلاف، وإذا قتلوا وأخذوا المال قطعت أيديهم وأرجلهم من خلاف وصلبوا حتى يموتوا فان تابوا قبل ان يؤخذوا ضمنوا المال واقتص منهم ولم يحدوا."
"zayd_0573","573","Musnad al-Imam Zayd ibn Ali","Zaydi","باب الفرائض والمواريث:","= حدثني زيد بن علي عن أبيه عن جده عن علي (ع م) قال: الابن * ادنى العصبة ثم ابن الابن وان نزل ثم الاب ثم الجد وان ارتفع ثم الاخ من الاب والام ثم الاخ من الاب ثم ابن الاخ من الاب والام ثم ابن الاخ من الاب ثم العم للاب والام ثم العم للاب ثم ابن العم للاب والام ثم ابن العم للاب فذلك اثني عشر رجلا"
"zayd_0574","574","Musnad al-Imam Zayd ibn Ali","Zaydi","باب الفرائض والمواريث:","= حدثني زيد بن علي عن أبيه عن جده عن علي (ع م) قال: للبنت الواحدة النصف وللابنتين وأكثر من ذلك الثلثان ولبنات الابن مع ابنة الصلب السدس تكملة الثلثين ولا شئ لبنات الابن مع الصلب الا ان يكون معهن اخ لهن يعصبهن وللاخت من الاب والام النصف وللاثنتين وأكثر من ذلك الثلثان والاخوات من الاب مع الاخوات من الاب والام بمنزلة بنات الابن مع بنات الصلب."
"zayd_0575","575","Musnad al-Imam Zayd ibn Ali","Zaydi","باب الفرائض والمواريث:","= حدثني زيد بن علي عن أبيه عن جده عن علي (ع م) قال: الاخوات مع البنات عصبة."
"zayd_0576","576","Musnad al-Imam Zayd ibn Ali","Zaydi","باب الفرائض والمواريث:","= حدثني زيد بن علي عن أبيه عن جده عن علي (ع م) في زوج وابوين للزوج النصف وللام ثلث ما بقي وما بقي فللاب."
"zayd_0577","577","Musnad al-Imam Zayd ibn Ali","Zaydi","باب الفرائض والمواريث:","= حدثني زيد بن علي عن أبيه عن جده عن علي (ع م) وفي امرأة وابوين للمرأة الربع وللام ثلث ما بقي وما بقي فللاب."
"zayd_0578","578","Musnad al-Imam Zayd ibn Ali","Zaydi","باب الفرائض والمواريث:","= حدثني زيد بن علي عن أبيه عن جده عن علي (ع م) قال: لا يرث اخ لام مع ولد ولا والد."
"zayd_0579","579","Musnad al-Imam Zayd ibn Ali","Zaydi","باب الفرائض والمواريث:","= حدثني زيد بن علي عن أبيه عن جده عن على (ع م) انه كان لا يشرك وكان يعيل الفرائض وكان يحجب الام بالاخوين ولا يحجبها بالاختين وكان لا يحجبها بأخ واخت وكان لا يحجب بالاخوات الا ان يكون معهن اخ لهن."
"zayd_0580","580","Musnad al-Imam Zayd ibn Ali","Zaydi","باب الفرائض والمواريث:","= حدثني زيد بن علي عن أبيه عن جده عن علي (ع م) انه كان لا يزيد الام على السدس مع الولد."
"zayd_0581","581","Musnad al-Imam Zayd ibn Ali","Zaydi","باب الفرائض والمواريث:","= حدثني زيد بن علي عن أبيه عن جده عن علي (ع م) في ابن عم احدهما اخ لام، قال: للاخ من الام السدس وما بقي بينهما نصفان."
"zayd_0582","582","Musnad al-Imam Zayd ibn Ali","Zaydi","باب الفرائض والمواريث:","= حدثني زيد بن علي عن أبيه عن جده عن علي (ع م) انه كان يعيل الفرائض، وسأله ابن الكوى وهو يخطب على المنبر عن ابنتين وابوين وامرأة فقال صار ثمنها تسعا."
"zayd_0583","583","Musnad al-Imam Zayd ibn Ali","Zaydi","باب الجدات:","= حدثني زيد بن علي عن أبيه عن جده عن علي (ع م) قال: لا ترث جدة مع ام وللجدات السدس لا يزدن عليه ولا ترث الجدة مع الام شيئا."
"zayd_0584","584","Musnad al-Imam Zayd ibn Ali","Zaydi","باب الجدات:","= حدثني زيد بن علي عن أبيه عن جده عن علي (ع م) في رجل هلك وترك جدتي ابيه وجدتي امه فورث علي عليه السلام جدتي الاب واحدى جدتي الام التي من قبل ابيها فلم يؤرثها شيئا."
"zayd_0585","585","Musnad al-Imam Zayd ibn Ali","Zaydi","باب الجدات:","= حدثني زيد بن علي عن أبيه عن جده عن علي (ع م) انه كان لا يؤرث الجدة مع ابنها ولا مع ابنتها شيئا."
"zayd_0586","586","Musnad al-Imam Zayd ibn Ali","Zaydi","باب الجد:","= حدثني زيد بن علي عن أبيه عن جده عن علي (ع م) انه كان يجعل الجد بمنزلة اخ إلى السدس وكان يعطي الاخت النصف وما بقي فللجد وكان يعطي الاختين وأكثر من ذلك الثلثين وما بقي فللجد وكان لا يزيد الجد مع الولد على السدس الا ان يفضل من المال شئ فيكون له ."
"zayd_0587","587","Musnad al-Imam Zayd ibn Ali","Zaydi","باب الجد:","= حدثني زيد بن علي عن أبيه عن جده عن علي (ع م) انه كان يقول في اخت لاب وام واخت لاب وجد للاخت من الاب والام النصف وللاخت من الاب السدس تكملة الثلثين وما بقي فللجد وكان يقول في ام وامرأة واخوات واخوة وجد للمرأة الربع وللام السدس ويجعل ما بقي بين الاخوات والاخوة والجد للذكر مثل حظ الانثيين وهو بمنزلة اخ الا ان يكون سدس جميع المال خيرا له فيعطيه سدس جميع المال وكان لا يؤرث ابن اخ مع جد ولا اخا لام مع جد وكان يقول في ام وزوج واخت وجد للزوج النصف ثلاثة وللاخت ثلاثة وللام الثلث سهمان وللجد السدس فصارت تسعة وكذلك كان يعيل الفرائض."
"zayd_0588","588","Musnad al-Imam Zayd ibn Ali","Zaydi","باب الرد وذوي الارحام:","= حدثني زيد بن علي عن أبيه عن جده عن علي (ع م) انه كان يرد ما أبقت السهام على كل وارث بقدر سهمه الا الزوج والمرأة. حدثنى زيد بن علي عن أبيه عن جده عن علي (ع م) انه كان يجعل الخالة بمنزلة الام والعمة بمنزلة العم وبنت الاخ بمنزلة الاخ وبنت الاخت بمنزلة الاخت."
"zayd_0589","589","Musnad al-Imam Zayd ibn Ali","Zaydi","باب الولاء:","= حدثني زيد بن علي عن أبيه عن جده عن علي (ع م) في بنت ومولاء عتاقة، قال: للبنت النصف وما بقي فرد عليها وكان لا يؤرث المولاء مع ذوي السهام الا مع الزوج والمرأة."
"zayd_0590","590","Musnad al-Imam Zayd ibn Ali","Zaydi","باب الولاء:","= حدثني زيد بن علي عن أبيه عن جده عن علي (ع م) انه كان يؤرث مولاء العتاقة دون الخالة والعمة وغيرهما من ذوي الارحام."
"zayd_0591","591","Musnad al-Imam Zayd ibn Ali","Zaydi","باب الولاء:","= حدثني زيد بن علي عن أبيه عن جده عن علي (ع م) قال: لا ولاء الا لذي نعمة ولا ترث النساء من الولاء شيئا الا ما اعتقن وكان يقضي بالولاء للكبر ."
"zayd_0592","592","Musnad al-Imam Zayd ibn Ali","Zaydi","باب فرائض اهل الكتاب والمجوس:","حدثني زيد علي عن أبيه عن جده عن علي (ع م) انه كان يؤرث المجوس بالقرابة من وجهين ولا يؤرثهم بنكاح لا يحل في الاسلام."
"zayd_0593","593","Musnad al-Imam Zayd ibn Ali","Zaydi","باب فرائض اهل الكتاب والمجوس:","= حدثني زيد بن علي عن أبيه عن جده عن علي عليهم السلام قال: قال رسول الله صلى الله عليه وآله لا يتوارث اهل ملتين."
"zayd_0594","594","Musnad al-Imam Zayd ibn Ali","Zaydi","باب الغرقى والهدمي:","= حدثني زيد بن علي عن أبيه عن جده عن علي عليهم السلام انه كان يؤرث الغرقى والهدمي والقتلى الذين لا يعلم أيهم مات اولا بعضهم من بعض ولا يؤرث أحدا منهم ما ورث منه صاحبه شيئا."
"zayd_0595","595","Musnad al-Imam Zayd ibn Ali","Zaydi","باب الخنثى:","= حدثني زيد بن علي عن أبيه عن جده عن علي (ع م) قال: أوتي معاوية وهو بالشام بمولود له فرج كفرج الرجل وفرج كفرج المرأة فلم يدر ما يقضي فيه فبعث قوما يسألون عنه عليا عليه السلام فقال لهم علي عليه السلام ما هذا بالعراق فاصدقوني فاخبروه الخبر، فقال لعن الله قوما يرضون بحكمنا ويستحلون قتالنا، ثم قال: انظروا إلى مباله فان كان يبول من حيث يبول الرجل فهو رجل وان كان يبول من حيث تبول المرأة فهو امرأة، فقالوا يا امير المؤمنين انه يبول من الموضعين جميعا، قال فله نصف نصيب الرجل ونصف نصيب المرأة."
"zayd_0596","596","Musnad al-Imam Zayd ibn Ali","Zaydi","باب العتاقة:","= حدثني زيد بن علي عن أبيه عن جده عن علي (ع م) قال: يعتق الرجل من عبيده ما شاء ويسترق منهم ما شاء."
"zayd_0597","597","Musnad al-Imam Zayd ibn Ali","Zaydi","باب العتاقة:","= حدثني زيد بن علي عن أبيه عن جده عن علي (ع م) في عبد بين رجلين أعتقه أحدهما قال: يقوم بالعدل فيضمن لشريكه حصته."
"zayd_0598","598","Musnad al-Imam Zayd ibn Ali","Zaydi","باب العتاقة:","= حدثني زيد بن علي عن أبيه عن جده عن علي (ع م) انه كان يستحب ان يحط من المكاتب ربع الكتابة ويتلو وأتوهم من مال الله الذي أتاكم."
"zayd_0599","599","Musnad al-Imam Zayd ibn Ali","Zaydi","باب العتاقة:","= حدثني زيد بن علي عن أبيه عن جده عن علي (ع م) انه كان لا يقضي بعجز المكاتب حتى يتوالى عليه نجمان."
"zayd_0600","600","Musnad al-Imam Zayd ibn Ali","Zaydi","باب المكاتب يعتق بعضه كيف يرث:","= حدثني زيد بن علي عن أبيه عن جده عن علي (ع م) في رجل مات وخلف ابنين احدهما حر والآخر عتق نصفه، قال: المال بينهما أثلاثا للذي عتق كله ثلثا المال وللذي عتق نصفه ثلث المال."
"zayd_0601","601","Musnad al-Imam Zayd ibn Ali","Zaydi","باب المكاتب يعتق بعضه كيف يرث:","= حدثني زيد بن علي عن أبيه عن جده عن علي (ع م) في أب حر وابن نصفه حر، قال: للاب النصف وللابن النصف."
"zayd_0602","602","Musnad al-Imam Zayd ibn Ali","Zaydi","باب المكاتب يعتق بعضه كيف يرث:","= حدثني زيد بن علي عن أبيه عن جده عن علي (ع م) في ام حرة وثلاث اخوات نصف كل واحدة منهن حر وعم حر، قال: للام تسعة من ستة وثلاثين وهو ربع المال ولكل واحدة من الاخوات ستة وللعم تسعة."
"zayd_0603","603","Musnad al-Imam Zayd ibn Ali","Zaydi","باب الاقرار بالوارث وبالدين:","= حدثني زيد بن علي عن أبيه عن جده عن علي (ع م) في رجل يموت ويخلف ابنين فيقر أحدهما بأخ له، قال يستوفي الذي أقر حقه ويدفع الفضل ."
"zayd_0604","604","Musnad al-Imam Zayd ibn Ali","Zaydi","باب الاقرار بالوارث وبالدين:","= حدثني زيد بن علي عن أبيه عن جده عن علي (ع م) في الورثة يقر بعضهم بدين، قال: يدفع الذي أقر حصته من الدين."
"zayd_0605","605","Musnad al-Imam Zayd ibn Ali","Zaydi","باب قسمة المواريث:","= حدثني زيد بن علي عن أبيه عن جده عن علي (ع م) قال: اجر القاسم سحت."
"zayd_0606","606","Musnad al-Imam Zayd ibn Ali","Zaydi","باب قسمة المواريث:","= حدثني زيد بن علي عن أبيه عن جده عن علي (ع م) قال: كل رباع أو ارضين قسمت في الجاهلية فهي على قسمتها وكل رباع أو ارضين أدركهما الاسلام فهي على قسمة الاسلام."
"zayd_0607","607","Musnad al-Imam Zayd ibn Ali","Zaydi","باب الوصايا:","= حدثني زيد بن علي عن أبيه عن جده عن علي (ع م) قال: لا وصية لقاتل ولا لوارث ولا لحزبي. حدثنى زيد بن علي عن أبيه عن جده عن علي (ع م) قال: لا وصية ولا ميراث حتى يقضى الدين ولان اوصي بالخمس أحب الي من ان اوصي بالربع ولان اوصي بالربع أحب الي من ان اوصي بالثلث ومن اوصى بالثلث فلم يترك شيئا. سألت زيدا بن علي (ع م) عن رجل اوصى لرجل ثلث ماله ولآخر بربعه، فقال: خذ مالا له ثلث وربع وهو اثنا عشر فالثلث أربعة والربع ثلاثة فيكون الثلث بينهما على سبعة ."
"zayd_0608","608","Musnad al-Imam Zayd ibn Ali","Zaydi","باب الصدقة الموقوفة:","= حدثني زيد بن علي عن أبيه عن جده عن علي (ع م) قال: لا يتبع الميت بعد موته شئ من عمله الا الصدقة الجارية فانها تكتب له بعد وفاته."
"zayd_0609","609","Musnad al-Imam Zayd ibn Ali","Zaydi","باب الصدقة الموقوفة:","= حدثني زيد بن علي عن أبيه عن جده عن علي (ع م) انه كتب في صدقته هذا ما أوصى به علي بن أبي طالب (ع م) وقضى به في ماله اني تصدقت بينبع ووادي القرى والاذينة وراعة في سبيل الله ووجهه أبتغي بها مرضاة الله ينفق منها في كل نفقة في سبيل الله ووجهه في الحرب والسلم والجنود وذوي الرحم والقريب والبعيد لا تباع ولا توهب ولا تورث حيا أنا أو ميتا أبتغي بذلك وجه الله والدار الآخرة لا أبتغي الا الله تعالى فان يقبلها وهو يرثها وهو خير الوارثين فذلك الذي قضيت فيها فيما بيني وبين الله عزوجل الغد منذ قدمت مسكن واجبة بتلة حيا أنا أو ميتا ليولجني الله عزوجل بذلك الجنة ويصرفني عن النار ويصرف النار عن وجهي يوم تبيض وجوه وتسود وجوه وقضيت ان رباحا وأبا نيزر وجبيرا ان حدث بي حدث محررون لوجه الله عزوجل ولا سبيل عليهم وقضيت ان ذلك إلى الاكبر فالاكبر من ولد علي عليه السلام المرضيين هديهم وأمانتهم وصلاحهم والحمد لله رب العالمين. قال عبد العزيز بن اسحق رحمه الله تعالى هذا آخر الابواب في الفقه من أصل القاضي أبي القسم علي بن محمد النخعي وثلاثة أبواب فيها أحاديث حسان في كل فن فأحببت ان أكتب هذه الالفاظ تلي كتاب الفقه إذا كانت فيه ومن أصله ثم أعود إلى باب الحديث فأكتبه. حدثني عبد العزيز بن اسحاق بن جعفر البغدادي قال حدثني أبو القسم علي بن محمد النخعي قال حدثني سليمان بن إبراهيم المحاربي جدي أبو امي قال حدثني نصر بن مزاحم المنقري قال سمعت هذا الكتاب من أبي خالد الواسطي على غير هذا التأليف انما كان يملي علينا ما كتبناه املاء فأما هذا الكتاب الذي على التمام فلم يروه عن أبي خالد عن زيد بن علي عن أبيه عن جده عن علي (ع م) غير إبراهيم بن الزبرقان قال: حدثني بجميع ما في هذا الكتاب أبو خالد عن زيد بن علي عن أبيه عن جده عن علي (ع م) وكان إبراهيم بن الزبرقان من خيار المسلمين وكان خاصا بأبي خالد، قال إبراهيم سألت أبا خالد كيف سمعت هذا الكتاب من زيد بن علي عليهما السلام قال: سمعناه من كتاب معه قد وطأه وجمعه فما بقي من أصحاب زيد بن علي عليهما السلام ممن سمعه الا قتل غيري، قال إبراهيم بن"
"zayd_0610","610","Musnad al-Imam Zayd ibn Ali","Zaydi","باب الصدقة الموقوفة:","الزبرقان سألت يحيى بن مساور، قال الذهبي روي عن جعفر الصادق: العائلة عن أوثق من روى عن زيد بن علي عليهما السلام فقال أبو خالد الواسطي فقلت له فقد رأيت بعض من يطعن فيه، فقال لا يطعن في أبي خالد زيدي قط انما يطعن فيه رافضي أو مناصب قال إبراهيم بن الزبرقان سمعت يحيى بن مساور يقول حدثني أبو خالد انه صحب زيد ابن علي عليهما السلام بالمدينة قبل قدومه إلى الكوفة خمس سنين اقيم عنده كل سنة اشهرا كلما حججت لم أفارقه وحين قدم إلى الكوفة حتى قتل رحمة الله عليه وعلى شيعته فما أخذت عنه حديثا الا وقد سمعته منه مرة أو مرتين وثلاثا واربعا وخمسا وأكثر من ذلك، فقال أبو خالد ما رأيت هاشميا قط مثل زيد بن علي عليهما السلام ولا أفصح منه ولا أزهد ولا أعلم ولا أورع ولا أبلغ في قول ولا أعرف باختلاف الناس ولا أشد حالا ولا أقوم بحجة فلذلك اخترت صحبته على جميع الناس رحمة الله وصلواته عليه وبلغ روحه منا السلام وأرواح آبائه الطاهرين. تم الكتاب بحمد الله."
"zayd_0611","611","Musnad al-Imam Zayd ibn Ali","Zaydi","باب فضل العلماء:","= حدثني زيد بن علي عن أبيه عن جده عن علي (ع م) قال: عالم أفضل من الف عابد، العالم يستنقذ عباد الله من الضلال إلى الهدى والعابد"
"zayd_0612","612","Musnad al-Imam Zayd ibn Ali","Zaydi","باب فضل العلماء:","= حدثني زيد بن علي عن أبيه عن جده عن علي (ع م) قال: العلماء ورثة الانبياء فان الانبياء لم يخلفوا دينارا ولا درهما انما تركوا العلم ميراثا بين العلماء."
"zayd_0613","613","Musnad al-Imam Zayd ibn Ali","Zaydi","باب فضل العلماء:","= حدثني زيد بن علي عن أبيه عن جده عن علي (ع م) قال: قال رسول الله صلى الله عليه وآله يحمل هذا العلم من كل خلف عدو له ينفون عنه تحريف الغالين وانتحال المبطلين وتأويل الجاهلين."
"zayd_0614","614","Musnad al-Imam Zayd ibn Ali","Zaydi","باب فضل العلماء:","= حدثني زيد بن علي عن أبيه عن جده عن علي (ع م) قال: قال رسول الله صلى الله عليه وآله من سلك طريقا يطلب فيه علما سلك الله به طريقا إلى الجنة وان الملائكة لتضع أجنحتها لطالب العلم وانه يستغفر لطالب العلم من في السموات ومن في الارض حتى حيتان البحر وهوام البر وان فضل العالم على العابد كفضل القمر ليلة البدر على سائر الكواكب."
"zayd_0615","615","Musnad al-Imam Zayd ibn Ali","Zaydi","باب الاخلاص:","= حدثني زيد بن علي عن أبيه عن جده عن علي (ع م) قال. من أخلص لله اربعين صباحا يأكل الحلال صائما نهاره قائما ليله اجرى الله سبحانه ينابيع الحكمة من قلبه على لسانه."
"zayd_0616","616","Musnad al-Imam Zayd ibn Ali","Zaydi","باب الاخلاص:","= حدثني زيد بن علي عن أبيه عن جده عن علي (ع م) قال: تعلموا العلم قبل ان يرفع، اما اني لا اقول لكم هكذا وأرانا بيده ولكن يكون العالم في القبيلة فيموت فيذهب بعلمه فيتخذ الناس رؤساء جهالا فيسألون فيقولون بالرأي ويتركون الآثار والسنن فيضللون ويضلون وعند ذلك هلكت هذه الامة."
"zayd_0617","617","Musnad al-Imam Zayd ibn Ali","Zaydi","باب الاخلاص:","= حدثني زيد بن علي عن أبيه عن جده عن علي (ع م) قال: قال رسول الله صلى الله عليه وآله ان الله تعالى لا يرفع العلم بقبض يقبضه ولكن يقبض العلماء بعلمهم فيبقى الناس حيارى في الارض فعند ذلك لا يعبأ الله بهم شيئا"
"zayd_0618","618","Musnad al-Imam Zayd ibn Ali","Zaydi","باب الاخلاص:","= حدثني زيد بن علي عن أبيه عن جده عن علي (ع م) قال: ما دخل نوم عيني ولا غمض رأسي على عهد رسول الله صلى الله عليه وآله حتى علمت ذلك اليوم ما نزل به جبريل عليه السلام من حلال أو حرام أو سنة أو كتاب أو أمر أو نهي وفيمن نزل."
"zayd_0619","619","Musnad al-Imam Zayd ibn Ali","Zaydi","باب الاخلاص:","= حدثني زيد بن علي عن أبيه عن جده عن علي (ع م) قال: لا يفتي الناس الا من قرأ القرآن وعلم الناسخ والمنسوخ وفقه السنة وعلم الفرائض والمواريث."
"zayd_0620","620","Musnad al-Imam Zayd ibn Ali","Zaydi","باب الاخلاص:","= حدثني زيد بن علي عن أبيه عن جده عن علي (ع م) قال: نزل القرآن على اربعة ارباع ربع حلال وربع حرام وربع مواعظ وأمثال وربع قصص وأخبار."
"zayd_0621","621","Musnad al-Imam Zayd ibn Ali","Zaydi","باب:","= حدثني زيد بن علي عن أبيه عن جده عن علي (ع م) قال: قال رسول الله صلى الله عليه وآله يوما لاصحابه من أكيس الناس، قالوا الله ورسوله أعلم، قال أكثرهم ذكرا للموت وأشدهم له استعدادا."
"zayd_0622","622","Musnad al-Imam Zayd ibn Ali","Zaydi","باب:","= حدثني زيد بن علي عن أبيه عن جده عن علي (ع م) قال: قال رسول الله صلى الله عليه وآله اديموا ذكر هاذم اللذات قالوا يارسول الله وما هاذم اللذات، قال الموت فانه من أكثر ذكر الموت سلى عن الشهوات ومن سلى عن الشهوات هانت عليه المصيبات ومن هانت عليه المصيبات سارع في الخيرات."
"zayd_0623","623","Musnad al-Imam Zayd ibn Ali","Zaydi","باب:","= حدثني زيد بن علي عن أبيه عن جده عن علي (ع م) قال: قال رسول الله صلى الله عليه وآله الاجر على قدر المصيبة ومن اصيب بمصيبة فليذكر مصيبته بي فانكم لن تصابوا بمثلي."
"zayd_0624","624","Musnad al-Imam Zayd ibn Ali","Zaydi","باب:","= حدثني زيد بن علي عن أبيه عن جده عن علي (ع م) قال: ان صاحب القرآن يسأل عما يسأل عنه النبيون الا انه لا يسأل عن الرسالة."
"zayd_0625","625","Musnad al-Imam Zayd ibn Ali","Zaydi","باب:","= حدثني زيد بن علي عن أبيه عن جده عن علي (ع م) قال. قال رسول الله صلى الله عليه وآله تعلموا القرآن وتفقهوا به وعلموه الناس ولا تستأكلوهم به فانه سيأتي قوم من بعدي يقرأونه ويتفقهون به يسألون الناس لا خلاق لهم عند الله عزوجل."
"zayd_0626","626","Musnad al-Imam Zayd ibn Ali","Zaydi","باب:","= حدثني زيد بن علي عن أبيه عن جده عن علي (ع م) انه قال: من قرأ القرآن وحفظ فظن ان احدا أوتي مثل ما أوتي فقد عظم ما حقر الله وحقر ما عظم الله تعالى."
"zayd_0627","627","Musnad al-Imam Zayd ibn Ali","Zaydi","باب:","= حدثني زيد بن علي عن أبيه عن جده عن علي (ع م) قال: قال رسول الله صلى الله عليه وآله ان الله يحب الحيي الحليم العفيف المتعفف ويبغض البذي الفاحش الملح الملحف الحمد لله رب العالمين حمدا كثيرا بسم الله الرحمن الرحيم."
"zayd_0628","628","Musnad al-Imam Zayd ibn Ali","Zaydi","باب:","= حدثني زيد بن علي عن أبيه عن جده عن علي (ع م) قال: قال رسول الله صلى الله عليه وآله كفى بالمرء اثما ان يكون كلا وعيا لا على المسلمين."
"zayd_0629","629","Musnad al-Imam Zayd ibn Ali","Zaydi","باب:","= حدثني زيد بن علي عن أبيه عن جده عن علي (ع م) قال: من قرأ فاتحة الكتاب فقال الحمد لله رب العالمين حمدا كثيرا طيبا مباركا فيه صرف الله عنه سبعين نوعا من البلاء أهونها الهم."
"zayd_0630","630","Musnad al-Imam Zayd ibn Ali","Zaydi","باب:","= حدثني زيد بن علي عن أبيه عن جده عن علي (ع م) قال: خرجت انا ورسول الله صلى الله عليه وآله من منزل رجل من الانصار عدناه فإذا رجل يضرب غلاما له والغلام يقول أعوذ بالله أعوذ بالله كل ذلك لا يكف عنه سيده، قال فلما نظر إلى رسول الله صلى الله عليه وآله قال أعوذ برسول الله فكف عنه الرجل، فقال رسول الله صلى الله عليه وآله ألم تعلم ان عائذ الله أحق ان يجار ثم قال رسول الله صلى الله عليه وآله أرقاكم أرقاكم فانهم لم ينجروا من شجرة ولم ينحتوا من جبل أطعموهم مما تأكلون واسقوهم مما تشربون واكسوهم مما تلبسون."
"zayd_0631","631","Musnad al-Imam Zayd ibn Ali","Zaydi","باب:","= حدثني زيد بن علي عن أبيه عن جده عن علي (ع م) قال: قال رسول الله صلى الله عليه وآله لا تدخلوا الجنة حتى تؤمنوا ولا تؤمنوا حتى تحابوا الا أدلكم على شئ إذا فعلتموه تحاببتم، قالوا بلى يا رسول الله، قال افشوا السلام بينكم وتواصلوا وتباذلوا."
"zayd_0632","632","Musnad al-Imam Zayd ibn Ali","Zaydi","باب:","= حدثني زيد بن علي عن أبيه عن جده عن علي (ع م) قال: قال رسول الله صلى الله عليه وآله ان اقربكم مني غدا واوجبكم علي شفاعة اصدقكم لسانا وآداكم لامانته وأحسنكم خلقا وأقربكم من الناس."
"zayd_0633","633","Musnad al-Imam Zayd ibn Ali","Zaydi","باب:","= حدثني زيد بن علي عن أبيه عن جده عن علي (ع م) قال: قال رسول الله صلى الله عليه وآله من دعا عبدا من شرك إلى الاسلام كان له من الاجر كعتق رقبة من ولد اسماعيل، قال: وقال الحسين بن علي بن أبي طالب عليه السلام من دعا عبدا من ضلالة إلى معرفة حق فأجابه كان له من الاجر كعتق نسمة، قال: وقال زيد بن علي عليهما السلام من أمر بمعروف أو نهى عن منكر اطيع ام عصي كان بمنزلة المجاهد في سبيل الله."
"zayd_0634","634","Musnad al-Imam Zayd ibn Ali","Zaydi","باب:","= حدثني زيد بن علي عن أبيه عن جده عن علي (ع م) قال: قال رسول الله صلى الله عليه وآله ان افضلكم ايمانا أحسنكم أخلاقا الموطئون أكتافا المواصلون لارحامهم الباذلون لمعروفهم الكافون لاذاهم العافون بعد قدرة."
"zayd_0635","635","Musnad al-Imam Zayd ibn Ali","Zaydi","باب:","= حدثني زيد بن علي عن أبيه عن جده عن علي (ع م) قال: قال رسول الله صلى الله عليه وآله لو دعيت إلى كراع لاجبت ولو اهدي الي ذراع لقبلت."
"zayd_0636","636","Musnad al-Imam Zayd ibn Ali","Zaydi","باب:","= حدثني زيد بن علي عن أبيه عن جده عن علي (ع م) قال: يكاد الناس ان ينقصوا حتى لا يكون شئ أحب إلى امرء مسلم من اخ مؤمن أو درهم من حلال وانى له به."
"zayd_0637","637","Musnad al-Imam Zayd ibn Ali","Zaydi","باب:","= حدثني زيد بن علي عن أبيه عن جده عن علي (ع م) قال: من تكرمة الرجل لاخيه ان يقبل بره وتحفته وان يتحفه بما عنده ولا يتكلف له، قال: وقال علي عليه السلام سمعت رسول الله صلى الله عليه وآله يقول لا احب المتكلفين."
"zayd_0638","638","Musnad al-Imam Zayd ibn Ali","Zaydi","باب:","= حدثني زيد بن علي عن أبيه عن جده عن علي (ع م) قال: لان اخرج إلى سوقكم فأشتري صاعا من طعام وذراعا من لحم ثم ادعوا نفرا من اخواني أحب الي من ان أعتق رقبة."
"zayd_0639","639","Musnad al-Imam Zayd ibn Ali","Zaydi","باب:","= حدثني زيد بن علي عن أبيه عن جده عن علي (ع م) قال: قال رسول الله صلى الله عليه وآله لا وليمة الا في ثلاث خرس أو عرس أو اعذار ."
"zayd_0640","640","Musnad al-Imam Zayd ibn Ali","Zaydi","باب:","= حدثني زيد بن علي عن أبيه عن جده عن علي (ع م) قال: إذا دعا احدكم اخوه فليأكل من طعامه وليشرب من شرابه ولا يسأل عن شئ."
"zayd_0641","641","Musnad al-Imam Zayd ibn Ali","Zaydi","باب:","= حدثني زيد بن علي عن أبيه عن جده عن علي (ع م) قال: الوليمة اول يوم سنة والثانية رياء والثالثة سمعة."
"zayd_0642","642","Musnad al-Imam Zayd ibn Ali","Zaydi","باب:","= حدثني زيد بن علي عن أبيه عن جده عن علي (ع م) قال: للمسلم على اخيه ست خصال يعرف اسمه واسم ابيه ومنزله ويسأل عنه إذا غاب ويعوده إذا مرض ويجيبه إذا دعاه ويشمته إذا عطس ."
"zayd_0643","643","Musnad al-Imam Zayd ibn Ali","Zaydi","باب:","= حدثني زيد بن علي عن أبيه عن جده عن علي (ع م) قال: قال رسول الله صلى الله عليه وآله اربعة لهم اجران رجل كانت له امة فأدبها وأحسن ادبها ثم اعتقها فنكحها فله اجران ورجل ادخل الله عزوجل عليه الرزق في الدنيا فأدى حق الله تعالى وحق مواليه فله اجران ورجل شفع شفاعة خير اجراه الله تعالى على يديه كان له اجران ورجل من اهل الكتاب آمن بنبيه وآمن بي فله اجران."
"zayd_0644","644","Musnad al-Imam Zayd ibn Ali","Zaydi","باب:","= حدثني زيد بن علي عن أبيه عن جده عن علي (ع م) قال: إذا دخلت السوق فقل بسم الله وتوكلت على الله ولا حول ولا قوة إلا بالله اللهم اني اعوذ بك من يمين فاجرة وصفقة خاسرة ومن شرما احاطت به أو جاءت به السوق."
"zayd_0645","645","Musnad al-Imam Zayd ibn Ali","Zaydi","باب:","= حدثني زيد بن علي عن أبيه عن جده عن علي (ع م) انه كان إذا رأى كوكبا منقضا يقول: اللهم صوبه واصب به وقناشر ما تريد به."
"zayd_0646","646","Musnad al-Imam Zayd ibn Ali","Zaydi","باب:","= حدثني زيد بن علي عن أبيه عن جده عن علي (ع م) انه كان إذا نظر في المرآة قال: الحمد لله الذي أحسن خلقي وحسن خلقي وصورني فأحسن صورتي وعافاني في جسدي."
"zayd_0647","647","Musnad al-Imam Zayd ibn Ali","Zaydi","باب:","= حدثني زيد بن علي عن أبيه عن جده عن علي (ع م) انه كان يقول إذا دخل المقبرة: السلام على اهل الديار من المسلمين والمؤمنين انتم لنا فرط وإنا لكم لاحقون إنا إلى الله راغبون وإنا إلى ربنا لمنقلبون."
"zayd_0648","648","Musnad al-Imam Zayd ibn Ali","Zaydi","باب:","= حدثني زيد بن علي عن أبيه عن جده عن علي (ع م) قال: شكوت إلى رسول الله صلى الله عليه وآله تفلت القرآن من صدري فأدناني منه ثم وضع يده على صدري ثم قال: اللهم اذهب الشيطان من صدره ثلاث مرات قال: ثم قال إذا خفت من ذلك فقل أعوذ بالله السميع العليم من الشيطان الرجيم ومن همزات الشياطين وأعوذ بك رب ان يحضرون ان الله هو السميع العليم اللهم نور بكتابك بصري واطلق به لساني واشرح به صدري ويسر به امري وافرج به عن قلبي واستعمل به جسدي وقوني لذلك فانه لا حول ولا قوة إلا بالله العلي العظيم تعيد ذلك ثلاث مرات فانه يزجر عنك."
"zayd_0649","649","Musnad al-Imam Zayd ibn Ali","Zaydi","باب:","= حدثني زيد بن علي عن أبيه عن جده عن علي (ع م) قال: قال رسول الله صلى الله عليه وآله الموت فزع فإذا بلغ أحدكم موت اخيه فليقل كما أمر الله عزوجل إنا لله وإنا إليه راجعون وإنا إلى ربنا لمنقلبون اللهم اكتبه عندك من المحسنين واجعل كتابه في عليين واخلف على عقبه في الآخرين اللهم لا تحرمنا اجره ولا تفتنا بعده."
"zayd_0650","650","Musnad al-Imam Zayd ibn Ali","Zaydi","باب:","= حدثني زيد بن علي عن أبيه عن جده عن علي (ع م) قال: كان رسول الله صلى الله عليه وآله إذا آوى إلى فراشه عند منامه اتكأ على جانبه الايمن ثم وضع يمينه تحت خده مستقبل القبلة ثم قال: باسمك اللهم وضعت جنبي وبك ارفعه اللهم ان امسكت نفسي فارحمها وان اخرتها فاحفظها بما تحفظ به الصالحين."
"zayd_0651","651","Musnad al-Imam Zayd ibn Ali","Zaydi","باب:","= حدثني زيد بن علي عن أبيه عن جده عن علي (ع م) قال له رجل يا امير المؤمنين ما ترى في سور الابل ومشي الرجل في النعل الواحد وشرب الرجل وهو قائم قال فدخل الرحبة وأنا معه والحسن، قال ودعا بناقة له فسقاها من ذلك الماء ثم تناول ركوة فغرف من فضلها وشرب وهو قائم ثم انتعل باحدى نعليه حتى خرج من الرحبة ثم قال للرجل قد رأيت فان كنت بنا تقتدي فقد رأيت ما فعلنا."
"zayd_0652","652","Musnad al-Imam Zayd ibn Ali","Zaydi","باب:","= حدثني زيد بن علي عن أبيه عن جده عن علي (ع م) قال: خرجت أنا ورسول الله صلى الله عليه وآله نطوف في نخل وصاحب النخل معنا فإذا هو بمطهرة معلقة على نخلة، قال فتناول رسول الله صلى الله عليه وآله المطهرة وهو قائم فجعل يشنها في فيه شنا وهو قائم ."
"zayd_0653","653","Musnad al-Imam Zayd ibn Ali","Zaydi","باب:","= حدثني زيد بن علي عن أبيه عن جده عن علي (ع م) قال: قال رسول الله صلى الله عليه وآله لا ينبغي لوال من الولاة ولا لملك ان تبلغ عقوبته حدا من حدود الله عزوجل وايما وال من الولاة أو ملك بلغت عقوبته حدا من حدود الله لقي الله وهو ساخط عليه، قال وكان علي عليه السلام يقول حد المملوك في ادنى الحدود اربعون ولا ينبغي لاحد ان تبلغ عقوبته حد المملوك."
"zayd_0654","654","Musnad al-Imam Zayd ibn Ali","Zaydi","باب:","= حدثني زيد بن علي عن أبيه عن جده عن علي (ع م) قال: بايعنا رسول الله صلى الله عليه وآله وكنا نبايعه على السمع والطاعة في المكره والمنشط وفي اليسر والعسر وفي الاثرة علينا وان نقيم ألسنتنا بالعدل ولا تأخذنا في الله لومة لائم، فلما كثر الاسلام قال رسول الله صلى الله عليه وآله لعلي عليه السلام الحق فيها وان تمنعوا رسول الله وذريته مما تمنعون منه أنفسكم وذراريكم، قال فوضعتها والله على رقاب القوم فوفا بها من وفا وهلك بها من هلك."
"zayd_0655","655","Musnad al-Imam Zayd ibn Ali","Zaydi","باب:","= حدثني زيد بن علي عن أبيه عن جده عن علي (ع م) قال: قال رسول الله صلى الله عليه وآله لعنت سبعة فلعنهم الله تعالى وكل نبي مجاب الدعوة الزائد في كتاب الله تعالى والمكذب بقدر الله تعالى والمخالف لسنني والمستحل من عترتي ما حرم الله والمتسلط بالجبروت ليعز ما أذل الله ويذل ما اعز الله والمستحل ما حرم الله والمستأثر على المسلمين بفيئهم مستحلا له."
"zayd_0656","656","Musnad al-Imam Zayd ibn Ali","Zaydi","باب:","= حدثني زيد بن علي عن أبيه عن جده عن علي (ع م) قال: قال رسول الله صلى الله عليه وآله يا على لعنتك من لعنتي ولعنتي من لعنة الله ومن يلعن الله فلن تجد له نصيرا."
"zayd_0657","657","Musnad al-Imam Zayd ibn Ali","Zaydi","باب:","= حدثني زيد بن علي عن أبيه عن جده عن علي (ع م) قال: لما ثقل رسول الله صلى الله عليه وآله في مرضه والبيت غاص بمن فيه قال ادعوا لي الحسن والحسين فدعوتهما فجعل يلثمهما حتى أغمي عليه، قال فجعل علي عليه السلام يرفعهما عن وجه رسول الله صلى الله عليه وآله قال ففتح عينيه فقال دعهما يتمتعان مني واتمتع منهما فانه سيصيبهما بعدى أثرة ثم قال: يا ايها الناس اني خلفت فيكم كتاب الله وسنتي وعترتي أهل بيتي فالمضيع لكتاب الله كالمضيع لسنتي والمضيع لسنتي كالمضيع لعترتي، اما ان ذلك لن يفترقا حتى ألقاه على الحوض."
"zayd_0658","658","Musnad al-Imam Zayd ibn Ali","Zaydi","باب:","= حدثني زيد بن علي عن أبيه عن جده عن علي (ع م) قال: من قال في موطن قبل وفاته رضيت بالله ربا وبالاسلام دينا وبمحمد صلى الله عليه وآله نبيا وبعلي وأهل بيته اولياء كان له سترا من النار وكان معنا غدا هكذا وجمع بين اصبعيه."
"zayd_0659","659","Musnad al-Imam Zayd ibn Ali","Zaydi","باب:","= حدثني زيد بن علي عن أبيه عن جده عن علي (ع م) قال: كنت أنا ورسول الله صلى الله عليه وآله نرعى غنما ببطن نخلة قبل ان يظهر الاسلام فأتى ابو طالب ونحن نصلي فقال يا ابن اخي ما تصنعان فدعاه رسول الله صلى الله عليه وآله إلى الاسلام وان يشهد أن لا إله إلا الله وان محمدا رسول الله صلى الله عليه وآله فقال ما ارى مما تقولان بأسا ولكن والله لا تعلوني استي ابدا، قال ثم ضحك علي عليه السلام حتى بدت ضواحكه ثم قال: اللهم اني لا اعترف بعبد من هذه الامة عبدك قبلي غير نبيها صلى الله عليه وآله يردد ذلك ثلاث مرات ثم قال والله لقد صليت مع رسول الله صلى الله عليه وآله قبل ان يصلي بشر سبع سنين."
"zayd_0660","660","Musnad al-Imam Zayd ibn Ali","Zaydi","باب:","= حدثني زيد بن علي عن أبيه عن جده عن علي (ع م) قال: قال لي رسول الله صلى الله عليه وآله انت اخي ووزيري وخير من أخلفه بعدي، بحبك يعرف المؤمنون وببغضك يعرف المنافقون من أحبك من أمتي فقد برئ من النفاق ومن أبغضك لقي الله عزوجل منافقا."
"zayd_0661","661","Musnad al-Imam Zayd ibn Ali","Zaydi","باب:","= حدثني زيد بن علي عن أبيه عن جده عن علي (ع م) قال: قال رسول الله صلى الله عليه وآله قال لي ربي ليلة اسرى بي من خلفت على امتك يا محمد قال: قلت انت أعلم يا رب، قال: يا محمد اني انتجبتك برسالتي واصطفيتك لنفسي فأنت نبي وخيرتي من خلقي ثم الصديق الاكبر الطاهر المطهر الذي خلقته من طينتك وجعلته وزيرك وأبا سبطيك السيدين الشهيدين الطاهرين المطهرين سيدي شباب أهل الجنة وزوجته خير نساء العالمين انت شجرة وعلي أغصانها وفاطمة ورقها والحسن والحسين ثمارها خلقتكم من طينة عليين وخلقت شيعتكم منكم انهم لو ضربوا على أعناقهم بالسيوف لم يزدادوا لكم الا حبا، قلت يا رب ومن الصديق الاكبر، قال: أخوك علي بن أبي طالب، قال: بشرني بها رسول الله صلى الله عليه وآله وأبنائي الحسن والحسين منها وذلك قبل الهجرة بثلاثة أحوال ."
"zayd_0662","662","Musnad al-Imam Zayd ibn Ali","Zaydi","باب:","= حدثني زيد بن علي عن أبيه عن جده عن علي (ع م) قال: لما حضرت غزوة دعاني رسول الله صلى الله عليه وآله ودعا زيدا وجعفرا فعرض على جعفر ان يستخلفه على المدينة وأهله فأبى وحلف ان لا يتخلف عنه فتركه رسول الله صلى الله عليه وآله ثم عرض ذلك على زيد فاستعاذه من ذلك فأعاذه رسول الله صلى الله عليه وآله ثم دعاني فذهبت لاتكلم فقال لي لا تتكم حتى أكون أنا الذي آذن لك، فاغرورقت عيناي فلما رأى ما بى أذن لي، فقلت يارسول الله خلال ثلاث ما لي منهن غنا، قال وما ذاك، قلت يا نبي الله، والله ما أملك شيئا وما عندي شئ وما بي غنا عن سهم اصيبه مع المسلمين فأعود به علي وعلى أهل بيتك واما الاخرى فما بي غنا عن ان أطأ موطئا يغيظ الكفار ولا أقطع واديا ولا يصيبني ظمأ ولا نصب ولا مخمصة في سبيل الله ليكتب الله لي به اجرا حسنا، وأما الثالثة فاني أخاف ان تقول قريش ما أسرع ما خذل ابن عمه ورغب بنفسه عن نفسه، فقال صلى الله عليه وآله اني مجيب في جميع ما قلت، أما ما ترجو من السهم فانه قد أتانا بهار من فلفل فبعه واستنفع به حتى يرزقك الله عزوجل من فضله وأما رغبتك في المخمصة والنصب في سبيل الله افما ترضى أن تكون مني بمنزلة هرون من موسى الا انه لا نبى بعدي واما قولك ان قريشا ستقول ما أسرع ما خذل ابن عمه فقد قالوا لي أشد من هذا، قالوا ان ساحر وكذاب فما ضرني ذلك شيئا."
"zayd_0663","663","Musnad al-Imam Zayd ibn Ali","Zaydi","باب:","= حدثني زيد بن علي عن أبيه عن جده عن علي (ع م) انه قال وهو على المنبر: أنا عبد الله واخو رسول الله صلى الله عليه وآله لا يقولها بعدي الا مفتر كذاب، فقالها رجل فأصابته جنة فجعل يضرب رأسه في الجدرات حتى مات."
"zayd_0664","664","Musnad al-Imam Zayd ibn Ali","Zaydi","باب:","= حدثني زيد بن علي عن أبيه عن جده عن علي (ع م) قال: والله ما كذبت ولا كذبت ولا ابتدعت ما نزلت هذه الآية الا في القدرية خاصة ان المجرمين في ضلال وسعر يوم يسحبون في النار على وجوههم ذوقوا مس سقر انا كل شئ خلقناه بقدر الا انهم مجوس هذه الامة فان مرضوا فلا تعودوهم وان ماتوا فلا تشهدوا جنائزهم سبحان الله عما يقولون علوا كبيرا."
"zayd_0665","665","Musnad al-Imam Zayd ibn Ali","Zaydi","باب:","= حدثني زيد بن علي عن أبيه عن جده عن علي "" ع م "" قال: قال رسول الله "" ص "" اول ما خلق الله القلم ثم خلق الدواة وهو قوله تعالى ن والقلم وما يسطرون، ثم قال له لتخط كل شئ هو كائن إلى يوم القيامة من خلق أو أجل أو رزق أو عمل إلى ما هو صائر إليه من جنة أو نار ثم خلق العقل فاستنطقه فأجابه، فقال وعزتي وجلالي ما خلقت خلقا هو أحب الي منك اخذ وبك اعطي اما وعزتي لاكملنك فيمن أحببت ولانقصنك فيمن أبغضت فأكمل الناس عقلا أخوفهم لله عزوجل وأطوعهم له وانقص الناس عقلا اخوفهم للشيطان واطوعهم له."
"zayd_0666","666","Musnad al-Imam Zayd ibn Ali","Zaydi","باب:","= حدثني زيد بن علي عن أبيه عن جده عن علي عليهم السلام قال: أمرني رسول الله صلى الله عليه وآله بقتال الناكثين والقاسطين والمارقين فما كنت لاترك شيئا مما أمرني به حبيبي رسول الله صلى الله عليه وآله."
"zayd_0667","667","Musnad al-Imam Zayd ibn Ali","Zaydi","باب:","= حدثني زيد بن علي عن أبيه عن جده عن علي عليهم السلام انه أتاه رجل فقال يا امير المؤمنين أكفر اهل الجمل وصفين واهل النهروان؟ قال لا، هم اخواننا بغوا علينا فقاتلناهم حتى يفيئوا إلى امر الله عزوجل."
"zayd_0668","668","Musnad al-Imam Zayd ibn Ali","Zaydi","باب:","= حدثني زيد بن علي عن أبيه عن جده عن علي (ع م) قال: قال رسول الله صلى الله عليه وآله ان الرجل لتكون له درجة رفيعة من الجنة لا ينالها الا بشئ من البلايا تصيبه حتى ينزل به الموت وما بلغ تلك الدرجة فيشدد عليها حتى يبلغها."
"zayd_0669","669","Musnad al-Imam Zayd ibn Ali","Zaydi","باب:","= حدثني زيد بن علي عن أبيه عن جده عن علي (ع م) قال: بر الوالدين وصلة الرحم واصطناع المعروف زيادة في الرزق وعمارة في الديار واهل المعروف في الدنيا هم اهل المعروف في الآخرة."
"zayd_0670","670","Musnad al-Imam Zayd ibn Ali","Zaydi","باب:","= حدثني زيد بن علي عن أبيه عن جده عن علي (ع م) قال: سمعت رسول الله صلى الله عليه وآله يقول: سبعة تحت ظل العرش يوم لا ظل الا ظله: شاب نشأ في عبادة الله عزوجل، "" ورجل "" دعته امرأة ذات حسب وجمال إلى نفسها فقال اني أخاف الله رب العالمين، "" ورجل "" خرج من بيته فأسبغ الطهور ثم مشى إلى بيت من بيوت الله عزوجل ليقضي فريضة من فرائض الله تعالى فهلك فيما بينه وبين ذلك، "" ورجل "" خرج حاجا أو معتمرا إلى بيت الله تعالى، "" ورجل "" خرج مجاهدا في سبيل الله عزوجل، "" ورجل "" خرج ضاربا في الارض يطلب من فضل الله عزوجل يكف به نفسه ويعود به على عياله، "" ورجل "" قام في جوف الليل بعدما هدأت العيون فأسبغ الطهور ثم قام إلى بيت من بيوت الله عزوجل فهلك فيما بينه وبين ذلك."
"zayd_0671","671","Musnad al-Imam Zayd ibn Ali","Zaydi","باب:","= حدثني زيد بن علي عن أبيه عن جده عن علي عليهم السلام قال: كانت جارية خلاسية تلقط الاذى من مسجد رسول الله صلى الله عليه وآله فسأل عنها رسول الله صلى الله عليه وآله فقالوا توفيت، ثم قال لذلك: رأيت لها الذي رأيت رأيت كأنها في الجنة تلقط من ثمرها، ثم قال رسول الله صلى الله عليه وآله: من اخرج أذى من المسجد كانت له حسنة والحسنة بعشر أمثالها ومن أدخل أذى في مسجد كان ذلك عليه سيئة والسيئة بواحدة."
"zayd_0672","672","Musnad al-Imam Zayd ibn Ali","Zaydi","باب:","= حدثني زيد بن علي عن أبيه عن جده عن علي عليهم السلام قال: قال رسول الله صلى الله عليه وآله: من تناول من وجه أخ له أذى فأراه اياه كانت له حسنتان وان لم يره اياه كانت له حسنة."
"zayd_0673","673","Musnad al-Imam Zayd ibn Ali","Zaydi","باب:","= حدثني زيد بن علي عن أبيه عن جده عن علي "" ع م "" قال: رأيت رسول الله "" ص "" يقرد بعيره فقلت ألا أكفيك؟ فأبى علي وقال يا علي ألا أخبرك ان لك بكل قراد تنزعه حسنة والحسنة بعشر أمثالها!"
"zayd_0674","674","Musnad al-Imam Zayd ibn Ali","Zaydi","باب:","= حدثني زيد بن علي عن أبيه عن جده عن علي عليهم السلام قال: أتى رسول الله "" ص "" ثلاثة نفر فسأل أكبرهم ما اسمك فقال اسمي وائل أو قال آفل فقال بل اسمك مقبل، فقال يا رسول الله إنا اهل بيت نعالج بأرضنا هذا الطب وقد جاء الله تعالى بالاسلم فنحن نكره ان نعالج شيئا الا باذنك، فقال "" ص "": ان الله تبارك وتعالى لم ينزل داء الا وقد انزل له دواء الا السأم والهرم فلا بأس ان تسقوا دواءكم ما لم تسقوا معنتا، فقلت يارسول الله وما المعنت؟ فقال "" ص "": الشئ الذي إذا استمسك في البطن قتل فليس ينبغي لاحدكم ان يشربه ولا ان يسقيه."
"zayd_0675","675","Musnad al-Imam Zayd ibn Ali","Zaydi","باب:","= حدثني زيد بن علي عن أبيه عن جده عن علي "" ع م "" قال: قال رسول الله "" ص "": اقتلوا من الحيات ما ظهر فانه لا يظهر الا شرارها، ونهانا عن قتل الحيات التي تكون في البيوت."
"zayd_0676","676","Musnad al-Imam Zayd ibn Ali","Zaydi","باب:","= حدثني زيد بن علي عن أبيه عن جده عن علي "" ع م "" قال: أتى رسول الله "" ص "" رجل فقال يا رسول الله من أحق الناس مني بحسن الصحبة وبالبر؟ قال امك، قال ثم من؟ قال امك، قال ثم من؟ قال امك، قال ثم من؟ قال ابوك، قال ثم من؟ قال أقاربك أدناك أدناك"
"zayd_0677","677","Musnad al-Imam Zayd ibn Ali","Zaydi","باب:","= حدثني زيد بن علي عن أبيه عن جده عن علي "" ع م "" قال: ناركم هذه جزء من سبعين جزء من نار جهنم ولولا انها غسلت بسبعين ماء ما أطاق آدمي ان يسعرها، وان لها يوم القيامة لصرخة لا يبقى ملك مقرب ولا نبي مرسل الا جثا على ركبتيه من صرختها، ولو ان رجلا من اهل النار علق بالمشرق لاحترق اهل المغرب من حره."
"zayd_0678","678","Musnad al-Imam Zayd ibn Ali","Zaydi","باب:","= حدثني زيد بن علي عن أبيه عن جده عن علي (ع م) قال: قال رسول الله صلى الله عليه وآله الجنة لبنة من ذهب ولبنة من فضة حصباؤها الياقوت والزمرد ملاطها المسك الاذفر ترابها الزعفران أنهارها جارية ثمارها متدلية وأطيارها مرنة ليس فيها شمس ولا زمهرير لكل رجل من أهله ألف حور يمكث مع الحورا من حورها ألف عام لا تمله ولا يملها وان أدنى أهل الجنة منزلة لمن يغدا عليه ويراح بعشرة آلاف صفحة في كل صفحة لون من الطعام له رائحة وطعم ليس للآخر وان الرجل من أهل الجنة ليمر به الطائر افيشتهيه فيخر بين يديه اما طبيخا واما مشويا ما خطر بباله من الشهوة وان الرجل من أهل الجنة ليكون في جنة من جنانه بين أنواع الشجر إذ يشتهي ثمرة من تلك الثمار فتدلى إليه فيأكل منها ما أراد ولو ان حورى من حورهم برزت لاهل الارض لاعشت ضوء الشمس ولافتتن بها أهل الارض."
"zayd_0679","679","Musnad al-Imam Zayd ibn Ali","Zaydi","باب:","= حدثني زيد بن علي عن أبيه عن جده عن علي (ع م) قال: سمعت رسول الله صلى الله عليه وآله يقول من قال استغفر الله العظيم الذي لا إله الا هو وأتوب إليه ثم مات غفر الله ذنوبه ولو كانت مثل زبد البحر ورمل عالج ."
"zayd_0680","680","Musnad al-Imam Zayd ibn Ali","Zaydi","باب:","= حدثني زيد بن علي عن أبيه عن جده عن علي (ع م) قال ما من يوم يمر على ابن آدم الا ينادي يا ابن آدم اعمل في اليوم أشهد لك يوم القيامة واصحب الناس بأي خلق شئت يصحبوك بمثله."
"zayd_0681","681","Musnad al-Imam Zayd ibn Ali","Zaydi","باب:","= حدثني زيد بن علي عن أبيه عن جده عن علي (ع م) قال: اول ما تغلبون عليه الامر بالمعروف والنهي عن المنكر بأيديكم ثم بألسنتكم ثم بقلوبكم فإذا لم ينكر القلب المنكر ويعرف المعروف نكس فجعل أعلاه أسفله."
"zayd_0682","682","Musnad al-Imam Zayd ibn Ali","Zaydi","باب:","= حدثني زيد بن علي عن أبيه عن جده عن علي (ع م) قال: لتأمرن بالمعروف ولتنهون عن المنكر أو ليسلطن الله عليكم شراركم ثم يدعو خياركم فلا يستجاب لهم."
"zayd_0683","683","Musnad al-Imam Zayd ibn Ali","Zaydi","باب:","= حدثني زيد بن علي عن أبيه عن جده عن علي (ع م) قال: قال رسول الله صلى الله عليه وآله لا قدست امة لا تأمر بمعروف ولا تنهي عن منكر ولا تأخذ على يد الظالم ولا تعين المحسن ولا ترد المسئ عن اساءته."
"zayd_0684","684","Musnad al-Imam Zayd ibn Ali","Zaydi","باب:","= حدثني زيد بن علي عن أبيه عن جده عن علي (ع م) قال: قال رسول الله "" ص "" إذا أراد الله ان يصافي عبدا من عبيده صب عليه البلاء صبا وثج عليه البلاء ثجا فإذا دعا قالت الملائكة صوت معروف، وقال جبريل يا رب هذا عبدك فلان يدعوك فاستجب له فيقول الله تبارك وتعالى اني احب ان أسمع صوته فإذا قال يا رب، قال لبيك عبدي لا تدعوني بشئ الا استجبت لك على احدى ثلاث خصال اما ان أعجل لك ما تسألني واما ان أدخر لك في الآخرة ما هو أفضل منه واما ان أدفع عنك من البلاء مثل ذلك، ثم قال رسول الله "" ص "" يؤتى بالمجاهدين يوم القيامة فيجلسون للحساب ويؤتى بالمصلي فيجلس للحساب ويؤتى بالمتصدق فيجلس للحساب ويؤتى بأهل البلاء فلا ينصب لهم ميزان ولا ينشر لهم ديوان ثم يساقون إلى الجنة بغير حساب حتى يتمنى أهل العافية ان أجسادهم قرضت بالمقاريض في الدنيا."
"zayd_0685","685","Musnad al-Imam Zayd ibn Ali","Zaydi","باب:","= حدثني زيد بن علي عن أبيه عن جده عن علي "" ع م "" قال: أهدي لرسول الله "" ص "" دجاج فطبخ بعضهن وشوى بعضهن ثم أتى بهن فأكل منهن فأكلت معه وما رأيت رسول الله "" ص "" جمع بين ادامين حتى لحق بالله تبارك وتعالى."
"zayd_0686","686","Musnad al-Imam Zayd ibn Ali","Zaydi","باب:","= حدثني زيد بن علي عن أبيه عن جده عن علي "" ع م "" قال: قال رسول الله "" ص "" ان المتحابين في الله تعالى لعلى عمود من ياقوتة حمراء على رأس العمود سبعون غرفة يضئ حسنهن لاهل الجنة كما تضئ الشمس لاهل الدنيا، فيقول أهل الجنة انطلقوا بنا ننظر إلى المتحابين في الله فإذا أشرفوا عليها أضاء حسنهم لاهل الجنة كما تضئ الشمس لاهل الدنيا عليهم ثياب خضر من سندس بين أعينهم مكتوب على جباههم هؤلاء المتحابون في الله عزوجل."
"zayd_0687","687","Musnad al-Imam Zayd ibn Ali","Zaydi","باب:","= حدثني زيد بن علي عن أبيه عن جده عن علي "" ع م "" انه مر بقوم يلعبون بالنرد فضربهم بدرته حتى فرق بينهم ثم قال الا وان الملاعبة بهذه قمارا كأكل لحم الخنزير والملاعبة بها غير قمار كالمتلطخ بشحم الخنزير وبدهنه، ثم قال عليه السلام هذه كانت ميسر العجم والقداح كانت ميسر العرب والشطرنج مثل النرد."
"zayd_0688","688","Musnad al-Imam Zayd ibn Ali","Zaydi","باب:","= حدثني زيد بن علي عن أبيه عن جده عن علي (ع م) قال: قال رسول الله صلى الله عليه وآله من تغنى أو غني له أو ناح أو نيح له أو أنشد شعرا أو قرضه وهو فيه كاذب أتاه شيطانان فيجلسان على منكبيه يضربان صدره باعقابهما حتى يكون هو الساكت."
"zayd_0689","689","Musnad al-Imam Zayd ibn Ali","Zaydi","باب:","= حدثني زيد بن علي عن أبيه عن جده عن علي (ع م) انه قال: بئس البيت بيت لايعرف الا بالغناء وبئس البيت بيت لا يعرف الا بالفسوق والنياحة."
"zayd_0690","690","Musnad al-Imam Zayd ibn Ali","Zaydi","باب:","= حدثني زيد بن علي عن أبيه عن جده عن علي (ع م) قال: قال رسول الله صلى الله عليه وآله اول من تغنى ابليس لعنه الله ثم زمر ثم حدا ثم ناح."
"zayd_0691","691","Musnad al-Imam Zayd ibn Ali","Zaydi","باب:","= حدثني زيد بن علي عن أبيه عن جده عن علي (ع م) قال: قال رسول الله صلى الله عليه وآله اياكم والغناء فانه ينبت النفاق في القلب كما ينبت الماء الشجر."
"zayd_0692","692","Musnad al-Imam Zayd ibn Ali","Zaydi","باب:","= حدثني زيد بن علي عن أبيه عن جده عن علي (ع م) قال: قال رسول الله صلى الله عليه وآله كسب البغي والمغنية حرام."
"zayd_0693","693","Musnad al-Imam Zayd ibn Ali","Zaydi","باب:","= حدثني زيد بن علي عن أبيه عن جده عن علي (ع م) قال: سمعت رسول الله صلى الله عليه وآله يقول عشر من عمل قوم لوط فاحذروهن: اسبال الشارب، وتصفيف الشعر، ومضغ العلك ، وتحليل الازرار، واسبال الازار، واطارة الحمام، والرمي بالجلاهق ، والصفير، واجتماعهم على الشرب، ولعب بعضهم ببعض."
"zayd_0694","694","Musnad al-Imam Zayd ibn Ali","Zaydi","باب:","= حدثني زيد بن علي عن أبيه عن جده عن علي (ع م) قال: عشر من السنة المضمضة والاستنشاق واحفاء الشارب وفرق الرأس والسواك وتقليم الاظفار ونتف الابط وحلق العانة والختان والاستجداد وهو الاستنجاء."
"zayd_0695","695","Musnad al-Imam Zayd ibn Ali","Zaydi","باب:","= حدثني زيد بن علي عن أبيه عن جده عن علي (ع م) قال: الختان سنة للرجال تكرمة للنساء."
"zayd_0696","696","Musnad al-Imam Zayd ibn Ali","Zaydi","باب:","= حدثني زيد بن علي عن أبيه عن جده عن علي (ع م) قال: من أكل على الريق احدى وعشرين عجوة لم يضره ذلك اليوم سم ومن أدام الغسل بالماء السخن لم يضره داء."
"zayd_0697","697","Musnad al-Imam Zayd ibn Ali","Zaydi","باب:","= حدثني زيد بن علي عن أبيه عن جده عن علي (ع م) قال: كان رسول الله صلى الله عليه وآله يعجبه من الحلو التمر والرطب ومن الاطعمة الثريد ومن البقول الهندبا ورأيت رسول الله صلى الله عليه وآله يلتقط الدباء من الصحفة ورأيت رسول الله صلى الله عليه وآله يأكل الرطب بالخربز."
"zayd_0698","698","Musnad al-Imam Zayd ibn Ali","Zaydi","باب:","= حدثني زيد بن علي عن أبيه عن جده عن علي (ع م) قال: قال رسول الله صلى الله عليه وآله الوضوء قبل الطعام بركة وبعده بركة ولا يفتقر أهل بيت يأتدمون الخل والزيت."
"zayd_0699","699","Musnad al-Imam Zayd ibn Ali","Zaydi","باب:","= حدثني زيد بن علي عن أبيه عن جده الحسين عليه السلام قال: بينما علي عليه السلام بين أظهركم بالكوفة وهو يحارب معاوية بن أبي سفيان في صحن مسجدكم هذا محتبيا بحمائل سيفه وحوله الناس محدقون به وأقرب الناس منه اصحاب رسول الله صلى الله عليه وآله والتابعون يلونهم إذ قال له رجل من اصحابه يا أمير المؤمنين صف لنا رسول الله صلى الله عليه وآله كأنا ننظر إليه فانك أحفظ لذلك منا، قال: فصوب رأسه ورق لذكر رسول الله صلى الله عليه وآله واغرورقت عيناه، قال ثم رفع رأسه ثم قال نعم كان رسول الله صلى الله عليه وآله ابيض اللون مشربا بحمرة أدعج العينين سبط الشعر دقيق العرنين اسهل الخدين دقيق المسربة كث اللحية كان شعره مع شحمة اذنيه إذا طال كأنما عنقه ابريق فضة له شعر من لبته إلى سرته يجري كالقضيب لم يكن في صدره ولا بطنه شعر غيره الانبذات في صدره شثن الكف والقدم إذا مشى كأنما يقلع من صخر أو ينحدر في صبب إذا التفت التفت جميعا لم يكن بالطويل ولا بالعاجز اللئيم كأنما عرقه اللؤلؤ ريح عرقه أطيب من المسك لم أر قبله ولا بعده مثله صلى الله عليه وآله. حدثني أبو القاسم علي بن محمد النخعي قال حدثني سليمان بن إبراهيم المحاربي جدي أبو امي قال عدهن في يدي نصر بن مزاحم وقال نصر بن مزاحم عدهن في يدي إبراهيم بن الزبرقان قال عدهن في يدي أبو خالد وقال أبو خالد عدهن في يدي زيد بن علي عليه السلام وقال زيد بن علي عليه السلام عدهن في يدي علي بن الحسين عليه السلام وقال علي بن الحسين عدهن في يدي الحسين بن علي عليه السلام وقال الحسين بن علي عدهن في يدي امير المؤمنين علي بن أبي طالب عليه السلام وقال علي بن أبي طالب عدهن في يدي رسول الله صلى الله عليه وآله وقال رسول الله صلى الله عليه وآله وسلم عدهن في يدي جبريل عليه السلام وقال جبريل عليه السلام هكذا نزلت بهن من عند رب العزة عزوجل، اللهم صل على محمد وعلى آل محمد كما صليت على إبراهيم وعلى آل إبراهيم انك حميد مجيد، وبارك على محمد وعلى آل محمد كما باركت على إبراهيم وعلى آل إبراهيم انك حميد مجيد، وترحم على محمد وعلى آل محمد كما ترحمت على إبراهيم وعلى آل إبراهيم انك حميد مجيد، وتحنن على محمد وعلى آل محمد كما تحننت على إبراهيم وعلى آل إبراهيم انك حميد مجيد، وسلم على محمد وعلى آل محمد كما سلمت على إبراهيم وعلى آل إبراهيم انك حميد مجيد، قال أبو خالد رحمه الله تعالى عدهن باصابع الكف مضمومة واحدة واحدة مع الابهام. تم المجموع بعون الله تعالى وحسن رعايته وله الحمد كثيرا وصلى الله وسلم على محمد وآله وصحبه إلى يوم الدين."
