"id","hadith_id","source","tradition","volume","chapter_no","hadith_no","chapter","category","chain_indx","text_ar","text_en","sanad","matn_en","grade_tradition","grade_source","grade_value","gradings_full","url","page_ref"
"rabi_0001","1","al-Jami al-Sahih (Musnad al-Rabi ibn Habib)","Ibadi","1","1","1","في النية","في النية","","قال أبو عمرو الربيع بن حبيب بن عمرو البصري: حدثني أبو عبيدة مسلم بن أبي كريمة التميمي عن جابر بن زيد الأزدي عن عبد الله بن عباس عن النبيء صلى الله عليه وسلم قال: «نية المؤمن خير من عمله».","","","","Ibadi","","","","",""
"rabi_0001b","1","al-Jami al-Sahih (Musnad al-Rabi ibn Habib)","Ibadi","1","1","1","في النية","في النية","","وبهذا السند في رواية أخرى عنه عليه السلام قال: «الأعمال بالنيات ولكل امرئ ما نوى».","","","","Ibadi","","","","",""
"rabi_0002","2","al-Jami al-Sahih (Musnad al-Rabi ibn Habib)","Ibadi","1","2","2","في ابتداء الوحي","في ابتداء الوحي","","قال الربيع بن حبيب: أبو عبيدة عن جابر بن زيد عن عائشة أم المؤمنين رضي الله عنها أنها قالت: سأل الحارث بن هشام رسول الله صلى الله عليه وسلم كيف يأتيك الوحي يا رسول الله؟ قال: «أحيانا يأتيني مثل صلصلة الجرس وهو أشده علي، فيفصم عني وقد وعيت فأعي ما يقول». قالت عائشة رضي الله عنها: ولقد رأيته ينزل عليه الوحي في اليوم الشديد البرد فيفصم عنه وإن جبينه ليتفصد عرقا.","","","","Ibadi","","","","","V01P006"
"rabi_0003","3","al-Jami al-Sahih (Musnad al-Rabi ibn Habib)","Ibadi","1","3","3","في ذكر القرآن","في ذكر القرآن","","قال الربيع بن حبيب: حدثني أبو عبيدة عن جابر بن زيد قال: بلغني عن رسول الله صلى الله عليه وسلم أنه قال: «علموا أولادكم القرآن فإنه أول ما ينبغي أن يتعلم من علم الله هو».","","","","Ibadi","","","","","V01P006"
"rabi_0004","4","al-Jami al-Sahih (Musnad al-Rabi ibn Habib)","Ibadi","1","3","4","في ذكر القرآن","في ذكر القرآن","","أبو عبيدة عن جابر بن زيد عن أبي هريرة عن رسول الله صلى الله عليه وسلم قال: «إذا قرأت القرآن فرتله ترتيلا ولا تغنوا به فإن الله يحب أن تسمع الملائكة لذكره».","","","","Ibadi","","","","","V01P006"
"rabi_0005","5","al-Jami al-Sahih (Musnad al-Rabi ibn Habib)","Ibadi","1","3","5","في ذكر القرآن","في ذكر القرآن","","أبو عبيدة عن جابر بن زيد عن أبي سعيد الخدري قال: قال رسول الله صلى الله عليه وسلم: «مثل صاحب القرآن كمثل صاحب الإبل المعقلة، إن عاهد عليها أمسكها، وإن أطلقها ذهبت».","","","","Ibadi","","","","","V01P006"
"rabi_0006","6","al-Jami al-Sahih (Musnad al-Rabi ibn Habib)","Ibadi","1","3","6","في ذكر القرآن","في ذكر القرآن","","أبو عبيدة عن جابر بن زيد عن ابن عباس قال: قال رسول الله صلى الله عليه وسلم: «من تعلم القرآن ثم نسيه حشر يوم القيامة أجذم».","","","","Ibadi","","","","","V01P006"
"rabi_0007","7","al-Jami al-Sahih (Musnad al-Rabi ibn Habib)","Ibadi","1","3","7","في ذكر القرآن","في ذكر القرآن","","أبو عبيدة عن جابر بن زيد عن أنس بن مالك قال: ما جمع القرآن على عهد رسول الله صلى الله عليه وسلم إلا ستة نفر كلهم من الأنصار: أبي ومعاذ وأبو زيد وأبو أيوب وعثمان والباقي من الصحابة قد يحفظ السور المعدودات من القرآن، ومنهم من يحفظ السورة والسورتين.","","","","Ibadi","","","","","V01P007"
"rabi_0008","8","al-Jami al-Sahih (Musnad al-Rabi ibn Habib)","Ibadi","1","3","8","في ذكر القرآن","في ذكر القرآن","","أبو عبيدة عن جابر بن زيد عن أبي سعيد الخدري أن رجلا سمع رجلا يقرأ {قل هو الله أحد الله الصمد لم يلد ولم يولد ولم يكن له كفؤا احد} ويرددها، فلما أصبح غدا على رسول الله صلى الله عليه وسلم فذكر ذلك له فكان الرجل يتقللها فقال رسول الله صلى الله عليه وسلم: «والذي نفسي بيده لإنها لتعدل ثلث القرآن».","","","","Ibadi","","","","","V01P007"
"rabi_0009","9","al-Jami al-Sahih (Musnad al-Rabi ibn Habib)","Ibadi","1","3","9","في ذكر القرآن","في ذكر القرآن","","أبو عبيدة عن جابر بن زيد عن أبي هريرة قال: أقبلت مع رسول الله صلى الله عليه وسلم فسمع رجلا يقرأ: {قل هو الله أحد} إلى آخرها، فقال رسول الله صلى الله عليه وسلم: «وجبت» فقلت: ماذا يارسول الله؟ فقال: «الجنة». قال أبو هريرة: فأردت أن أذهب إلى الرجل فأبشره، ثم خفت أن يفوتني الغداء مع رسول الله صلى الله عليه وسلم، فآثرت الغداء مع رسول الله صلى الله عليه وسلم، فذهبت إلى الرجل فوجدته قد ذهب.","","","","Ibadi","","","","","V01P007"
"rabi_0010","10","al-Jami al-Sahih (Musnad al-Rabi ibn Habib)","Ibadi","1","3","10","في ذكر القرآن","في ذكر القرآن","","أبو عبيدة عن جابر بن زيد قال: بلغني أن عمر بن الخطاب رضي الله عنه خرج مع رسول الله صلى الله عليه وسلم في بعض أسفاره، فسأله عمر بن الخطاب رضي الله عنه عن شيء فلم يجبه رسول الله صلى الله عليه وسلم، ثم سأله ثلاثا فلم يجبه؛ فقال عمر عند نفسه: ثكلتك أمك يا عمر! نزرت رسول الله صلى الله عليه وسلم ثلاثا وكل ذلك لا يحبيبك. قال عمر: فحركت بعيري حتى تقدمت أمام الناس فخشيت أن ينزل في قرآن، فما مشيت إذ سمعت صارخا يصرخ، فهرولت حتى جئت رسول الله صلى الله عليه وسلم، فسلمت عليه فقال: «لقد أنزلت علي سورة هي أحب إلي مما طلعت عليه الشمس»، ثم قرأ: {إنا فتحنا لك فتحا مبينا}.","","","","Ibadi","","","","","V01P008"
"rabi_0011","11","al-Jami al-Sahih (Musnad al-Rabi ibn Habib)","Ibadi","1","3","11","في ذكر القرآن","في ذكر القرآن","","أبو عبيدة عن جابر بن زيد قال: قال رسول الله صلى الله عليه وسلم في الجنب والحائض والذين لم يكونوا على طهارة: «لا يقرؤون القرآن، ولا يطؤون مصحفا بأيديهم حتى يكونوا متوضئين».","","","","Ibadi","","","","","V01P008"
"rabi_0012","12","al-Jami al-Sahih (Musnad al-Rabi ibn Habib)","Ibadi","1","3","12","في ذكر القرآن","في ذكر القرآن","","أبو عبيدة عن جابر بن زيد عن أبي سعيد الخدري قال: نهى رسول الله صلى الله عليه وسلم أن يسافر بالقرآن إلى أرض العدو لئلا يذهبوا به فينالوه.","","","","Ibadi","","","","","V01P008"
"rabi_0013","13","al-Jami al-Sahih (Musnad al-Rabi ibn Habib)","Ibadi","1","3","13","في ذكر القرآن","في ذكر القرآن","","أبو عبيدة عن جابر بن زيد عن ابن عباس عن النبيء صلى الله عليه وسلم أنه كان قاعدا ذات يوم مع أصحابه إذ ذكر حديثا فقال: «ذلك أوان ينسخ القرآن» فقال رجل كالأعرابي: يارسول الله، ما النسخ؟ وكيف ينسخ؟ قال: «يذهب بأهله ويبقى رجال كأنهم البغاث». قال الربيع: البغاث: أرذلة الطير .","","","","Ibadi","","","","","V01P009"
"rabi_0014","14","al-Jami al-Sahih (Musnad al-Rabi ibn Habib)","Ibadi","1","3","14","في ذكر القرآن","في ذكر القرآن","","أبو عبيدة قال: بلغني أن عمر بن الخطاب رضي الله عنه سمع هشام بن حكيم يقرأ سورة الفرقان على غير قراءته هو، قال عمر: وكان رسول الله صلى الله عليه وسلم أقرأنيها، فلببته بردائي فجئت به رسول الله صلى الله عليه وسلم، فقلت: يا رسول الله، إني سمعت هذا يقرأ سورة الفرقان على غير ما أقرأتنيها، فقال رسول الله صلى الله عليه وسلم للرجل: «اقرأ» فقرأ، فقال رسول الله صلى الله عليه وسلم: «هكذا أنزلت»، قال عمر: فقال لي: «اقرأ» فقرأت، فقال لي: «هكذا أنزلت، إن هذا القرآن نزل على سبعة أحرف كلها شاف كاف، فاقرأوا ما تيسر منه». عليه وسلم: «نزل القرآن على سبعة أحرف» قال بعضهم: على سبع لغات، وقال بعضهم: على سبعة أوجه: وعد، ووعيد، وحلال، وحرام، ومواعظ، وأمثال، واحتجاج. وقال بعضهم: حلال، وحرام، وأمر، ونهي، وخبر ما كان قبل، وخبر ما هو كائن، وأمثال. وقد قيل: لا يوجد حرف واحد من القرآن يقرأ على سبعة أوجه. والله أعلم بحقيقة التفسير.","","","","Ibadi","","","","","V01P009"
"rabi_0015","15","al-Jami al-Sahih (Musnad al-Rabi ibn Habib)","Ibadi","1","3","15","في ذكر القرآن","في ذكر القرآن","","أبو عبيدة قال: بلغني أن رسول الله صلى الله عليه وسلم كان إذا أنزلت عليه آية قال: «اجعلوها في سورة كذا ». وما توفي رسول الله إلا والقرآن مجموع متلو.","","","","Ibadi","","","","","V01P010"
"rabi_0016","16","al-Jami al-Sahih (Musnad al-Rabi ibn Habib)","Ibadi","1","3","16","في ذكر القرآن","في ذكر القرآن","","قال الربيع بن حبيب عن عبد الأعلى بن داود عن عكرمة عن ابن عباس عن رسول الله صلى الله عليه وسلم قال: «أنزل القرآن كله جملة واحدة في ليلة القدر إلى السماء الدنيا، وكان الله إذا أراد أن يحدث في الأرض شيئا أنزل منه، حتى جمعه». قال: وكان رسول الله صلى الله عليه وسلم يقضي بالقضية فينزل القرآن بخلاف قضائه، فلا يرد قضاءه، ويستقبل حكم القرآن.","","","","Ibadi","","","","","V01P010"
"rabi_0017","17","al-Jami al-Sahih (Musnad al-Rabi ibn Habib)","Ibadi","1","3","17","في ذكر القرآن","في ذكر القرآن","","قال الربيع عن يحيى بن كثير عن شعيب عن قتادة عن عكرمة عن ابن عباس قال: «البقرة وآل عمران والنساء والمائدة والتوبة مدنيات، والرعد مدنية إلا آية واحدة وهي: {ولو ان قرءانا سيرت به الجبال أو قطعت به الارض ... }، والنحل ما فوق الأربعين من أولها إلى آخرها مدني، والحج مدني إلا أربع آيات وهي: {ومآ أرسلنا من قبلك من رسول ... } إلى قوله: { ... عذاب يوم عقيم} مكية، والنور كلها مدنية، والأحزاب كلها مدنية، والقتال والفتح والحجرات مدنيات، ومن الحديد عشر سور متواليات إلى: {يآ أيها النبيء لم تحرم مآ أحل الله لك ... } فهذا كله مدني، و {لم يكن الذين كفروا ... } مدنية، و {إذا جآء نصر الله والفتح ... } مدنية، والمعوذتان مدنيتان. فهذه سبع وعشرون سورة مدنيات، وسائر القرآن مكي».","","","","Ibadi","","","","","V01P011"
"rabi_0018","18","al-Jami al-Sahih (Musnad al-Rabi ibn Habib)","Ibadi","1","4","18","في العلم وطلبه وفضله","في العلم وطلبه وفضله","","قال الربيع بن حبيب: أبو عبيدة عن جابر بن زيد عن أنس بن مالك عن النبيء صلى الله عليه وسلم قال: «اطلبوا العلم ولو بالصين»","","","","Ibadi","","","","","V01P011"
"rabi_0019","19","al-Jami al-Sahih (Musnad al-Rabi ibn Habib)","Ibadi","1","4","19","في العلم وطلبه وفضله","في العلم وطلبه وفضله","","ومن طريقه عن النبيء صلى الله عليه وسلم قال: «إن الملائكة لتضع أجنحتها لطالب العلم رضى لما يطلبه».","","","","Ibadi","","","","","V01P011"
"rabi_0020","20","al-Jami al-Sahih (Musnad al-Rabi ibn Habib)","Ibadi","1","4","20","في العلم وطلبه وفضله","في العلم وطلبه وفضله","","أبو عبيدة عن جابر بن زيد عن أبي هريرة قال: قال رسول الله صلى الله عليه وسلم: «من سلك طريقا يطلب فيه علما سهل الله له طريقا إلى الجنة».","","","","Ibadi","","","","","V01P011"
"rabi_0021","21","al-Jami al-Sahih (Musnad al-Rabi ibn Habib)","Ibadi","1","4","21","في العلم وطلبه وفضله","في العلم وطلبه وفضله","","أبو عبيدة عن جابر بن زيد عن أبي هريرة قال: قال رسول الله صلى الله عليه وسلم: «من تعلم العلم لله عز وجل وعمل به حشره الله يوم القيامة آمنا، ويرزق الورود على الحوض». هكذا سمعت من رسول الله صلى الله عليه وسلم.","","","","Ibadi","","","","","V01P011"
"rabi_0022","22","al-Jami al-Sahih (Musnad al-Rabi ibn Habib)","Ibadi","1","4","22","في العلم وطلبه وفضله","في العلم وطلبه وفضله","","أبو عبيدة عن جابر بن زيد قال: قال رسول الله صلى الله عليه وسلم: «تعلموا العلم، فإن تعلمه قربة إلى الله عز وجل، وتعليمه لمن لا يعلمه صدقة، وإن العلم لينزل بصاحبه في موضع الشرف والرفعة، والعلم زين لأهله في الدنيا والآخرة».","","","","Ibadi","","","","","V01P011"
"rabi_0023","23","al-Jami al-Sahih (Musnad al-Rabi ibn Habib)","Ibadi","1","4","23","في العلم وطلبه وفضله","في العلم وطلبه وفضله","","أبو عبيدة عن الله عليه وسلم قال: «تعليم الصغار يطفئ غضب الرب».","","","","Ibadi","","","","","V01P012"
"rabi_0024","24","al-Jami al-Sahih (Musnad al-Rabi ibn Habib)","Ibadi","1","4","24","في العلم وطلبه وفضله","في العلم وطلبه وفضله","","أبو عبيدة عن جابر بن زيد عن أبي هريرة قال: قال رسول الله صلى الله عليه وسلم: «تعلموا العلم قبل أن يرفع، ورفعه: ذهاب أهله».","","","","Ibadi","","","","","V01P012"
"rabi_0025","25","al-Jami al-Sahih (Musnad al-Rabi ibn Habib)","Ibadi","1","4","25","في العلم وطلبه وفضله","في العلم وطلبه وفضله","","أبو عبيدة عن جابر بن زيد عن أنس بن مالك عن النبيء صلى الله عليه وسلم قال: «من أراد الله به خيرا فقهه في الدين».","","","","Ibadi","","","","","V01P012"
"rabi_0026","26","al-Jami al-Sahih (Musnad al-Rabi ibn Habib)","Ibadi","1","4","26","في العلم وطلبه وفضله","في العلم وطلبه وفضله","","أبو عبيدة عن جابر بن زيد قال: بلغني عن معاوية بن أبي سفيان، قال وهو على المنبر: «أيها الناس، إنه لا مانع لما أعطى الله، ولا معط لما منع الله، ولا ينفع ذا الجد منه الجد. من يرد الله به خيرا يفقهه في الدين» ثم قال: سمعت هذه الكلمات على هذه الأعواد، يعني المنبر.","","","","Ibadi","","","","","V01P012"
"rabi_0027","27","al-Jami al-Sahih (Musnad al-Rabi ibn Habib)","Ibadi","1","4","27","في العلم وطلبه وفضله","في العلم وطلبه وفضله","","أبو عبيدة عن جابر بن زيد قال: بلغني عن رسول الله صلى الله عليه وسلم قال: «رسم المداد في ثوب أحدكم إذا كان يكتب علما كالدم في سبيل الله، ولا يزال ينال به الأجر ما دام ذلك المداد في ثوبه».","","","","Ibadi","","","","","V01P012"
"rabi_0028","28","al-Jami al-Sahih (Musnad al-Rabi ibn Habib)","Ibadi","1","4","28","في العلم وطلبه وفضله","في العلم وطلبه وفضله","","أبو عبيدة عن جابر بن زيد عن ابن عباس قال: خرج رسول الله صلى الله عليه وسلم ذات يوم إلى المسجد فوجد أصحابه عزين ذاكرين فنون العلم، فأول حلقة وقف عليها وجدهم يقرؤون القرآن فجلس إليهم فقال: «بهذا أرسلني ربي». ثم قام إلى الثانية فوجدهم يتكلمون في الحلال والحرام، فجلس إليهم ولم يقل شيئا، ثم قام إلى الثالثة فوجدهم يذكرون توحيد الله عز وجل ونفي الأشباه والأمثال عنه، فجلس إليهم كثيرا، ثم قال: «بهذا أمرني ربي». قال جابر: لأن التوحيد معرفة الله عز وجل ومن لا يعرف توحيد الله فليس بمؤمن.","","","","Ibadi","","","","","V01P013"
"rabi_0029","29","al-Jami al-Sahih (Musnad al-Rabi ibn Habib)","Ibadi","1","4","29","في العلم وطلبه وفضله","في العلم وطلبه وفضله","","أبو عبيدة عن جابر بن زيد قال: أدركت ناسا من الصحابة أكثر فتياهم حديث النبيء صلى الله عليه وسلم يقولون : قال النبيء صلى الله عليه وسلم: «لا يبولن أحدكم في الماء الدائم ثم يغتسل منه أو يتوضأ».","","","","Ibadi","","","","","V01P013"
"rabi_0030","30","al-Jami al-Sahih (Musnad al-Rabi ibn Habib)","Ibadi","1","4","30","في العلم وطلبه وفضله","في العلم وطلبه وفضله","","أبو عبيدة قال بلغني عن رسول الله صلى الله عليه وسلم أنه قال: «خلفت فيكم ما إن تمسكتم به لن تضلوا أبدا كتاب الله عز وجل فما لم تجدوه في كتاب الله ففي سنتي، فما لم تجدوه في سنتي، فإلى أولي الأمر منكم».","","","","Ibadi","","","","","V01P013"
"rabi_0031","31","al-Jami al-Sahih (Musnad al-Rabi ibn Habib)","Ibadi","1","4","31","في العلم وطلبه وفضله","في العلم وطلبه وفضله","","أبو عبيدة عن جابر بن زيد قال: بلغني عن رسول الله صلى الله عليه وسلم أنه بينما هو جالس في المسجد إذ أقبل ثلاثة نفر، فقصد اثنان إلى رسول الله صلى الله عليه وسلم، وذهب واحد في حاجته؛ فلما وقفا على رسول الله صلى الله عليه وسلم سلما، فقصد أحدهما إلى فرجة في الحلقة فقعد فيها، وجلس الآخر في الحلقة؛ فقال رسول الله صلى الله عليه وسلم: «ألا أخبركم بأمر النفر الثلاثة»، فقالوا: بلى يا رسول الله، قال: «أما أحدهم فآوى إلى الله فآواه الله إليه، وأما الثاني فاستحيى من الله فاستحيى الله منه، وأما الثالث فأعرض فأعرض الله عنه».","","","","Ibadi","","","","","V01P014"
"rabi_0032","32","al-Jami al-Sahih (Musnad al-Rabi ibn Habib)","Ibadi","1","5","32","في طلب العلم لغير الله عز وجل وعلماء السوء","في طلب العلم لغير الله عز وجل وعلماء السوء","","أبو عبيدة عن جابر بن زيد عن أنس بن مالك عن النبيء صلى الله عليه وسلم قال: «ويل لمن لم يعلم مرة وويل لمن يعلم ولم يعمل مرتين».","","","","Ibadi","","","","","V01P014"
"rabi_0033","33","al-Jami al-Sahih (Musnad al-Rabi ibn Habib)","Ibadi","1","5","33","في طلب العلم لغير الله عز وجل وعلماء السوء","في طلب العلم لغير الله عز وجل وعلماء السوء","","أبو عبيدة عن جابر بن زيد عن أنس بن مالك عن النبيء صلى الله عليه وسلم قال: «من تعلم العلم ليباهي به العلماء، أو ليماري به السفهاء، لقي الله يوم القيامة وهو خائب من الحسنات».","","","","Ibadi","","","","","V01P014"
"rabi_0034","34","al-Jami al-Sahih (Musnad al-Rabi ibn Habib)","Ibadi","1","5","34","في طلب العلم لغير الله عز وجل وعلماء السوء","في طلب العلم لغير الله عز وجل وعلماء السوء","","أبو عبيدة عن جابر بن زيد قال: بلغني عن رسول الله صلى الله عليه وسلم قال: «من تعلم العلم للعظمة والرفعة أوقفه الله تعالى موقف الذل والصغار يوم القيامة، وجعله الله عليه حسرة وندامة حتى يكون العلم لأهله زينا»","","","","Ibadi","","","","","V01P014"
"rabi_0035","35","al-Jami al-Sahih (Musnad al-Rabi ibn Habib)","Ibadi","1","5","35","في طلب العلم لغير الله عز وجل وعلماء السوء","في طلب العلم لغير الله عز وجل وعلماء السوء","","أبو عبيدة عن جابر بن زيد قال: قال رسول الله صلى الله عليه وسلم: «من أفتى مسألة أو فسر رؤيا بغير علم كمن وقع من السماء إلى الأرض فصادف بئرا لا قعر له ولو أنه أصاب الحق».","","","","Ibadi","","","","","V01P014"
"rabi_0036","36","al-Jami al-Sahih (Musnad al-Rabi ibn Habib)","Ibadi","1","5","36","في طلب العلم لغير الله عز وجل وعلماء السوء","في طلب العلم لغير الله عز وجل وعلماء السوء","","أبو عبيدة عن جابر بن زيد عن أبي سعيد الخدري قال: سمعت رسول الله صلى الله عليه وسلم يقول: «يخرج فيكم قوم تحقرون صلاتكم مع صلاتهم، وصيامكم مع صيامهم، وأعمالكم مع أعمالهم، يقرؤون القرآن ولا يجاوز حناجرهم، يمرقون من الدين كما يمرق السهم من الرمية، تنظر في النصل فلا ترى شيئا؛ ثم تنظر في القدح فلا ترى شيئا؛ ثم تنظر في الريش فلا ترى شيئا، وتتمارى في الفوق». السهم الذي يوضع فيه الوتر.","","","","Ibadi","","","","","V01P015"
"rabi_0037","37","al-Jami al-Sahih (Musnad al-Rabi ibn Habib)","Ibadi","1","5","37","في طلب العلم لغير الله عز وجل وعلماء السوء","في طلب العلم لغير الله عز وجل وعلماء السوء","","أبو عبيدة عن جابر بن زيد عن عبد الله بن عمر قال: قدم رجلان من المشرق، فخطبا، فأعجب الناس بيانهما فقال رسول الله صلى الله عليه وسلم: «إن من البيان لسحرا». وأسماعهم.","","","","Ibadi","","","","","V01P016"
"rabi_0038","38","al-Jami al-Sahih (Musnad al-Rabi ibn Habib)","Ibadi","1","6","38","في الأمة أمة محمد صلى الله عليه وسلم","في الأمة أمة محمد صلى الله عليه وسلم","","أبو عبيدة عن جابر بن زيد عن ابن عباس عن النبيء صلى الله عليه وسلم قال: «خير أمتي قوم يأتون من بعدي يؤمنون بي ويعملون بأمري ولم يروني فأولئك لهم الدرجات العلى إلا من تعمق في الفتنة».","","","","Ibadi","","","","","V01P016"
"rabi_0039","39","al-Jami al-Sahih (Musnad al-Rabi ibn Habib)","Ibadi","1","6","39","في الأمة أمة محمد صلى الله عليه وسلم","في الأمة أمة محمد صلى الله عليه وسلم","","أبو عبيدة عن جابر بن زيد عن ابن عباس عن النبيء صلى الله عليه وسلم قال: «ما كان الله ليجمع أمتي على ضلال».","","","","Ibadi","","","","","V01P016"
"rabi_0040","40","al-Jami al-Sahih (Musnad al-Rabi ibn Habib)","Ibadi","1","6","40","في الأمة أمة محمد صلى الله عليه وسلم","في الأمة أمة محمد صلى الله عليه وسلم","","أبو عبيدة عن جابر بن زيد عن ابن عباس عن النبيء صلى الله عليه وسلم قال: «إنكم ستختلفون من بعدي فما جاءكم عني فاعرضوه على كتاب الله فما وافقه فعني وما خالفه فليس عني».","","","","Ibadi","","","","","V01P016"
"rabi_0041","41","al-Jami al-Sahih (Musnad al-Rabi ibn Habib)","Ibadi","1","6","41","في الأمة أمة محمد صلى الله عليه وسلم","في الأمة أمة محمد صلى الله عليه وسلم","","أبو عبيدة عن جابر بن زيد عن ابن عباس عن النبيء صلى الله عليه وسلم قال: «ستفترق أمتي على ثلاث وسبعين فرقة كلهم إلى النار ما خلا واحدة ناجية، وكلهم يدعي تلك الواحدة».","","","","Ibadi","","","","","V01P016"
"rabi_0042","42","al-Jami al-Sahih (Musnad al-Rabi ibn Habib)","Ibadi","1","6","42","في الأمة أمة محمد صلى الله عليه وسلم","في الأمة أمة محمد صلى الله عليه وسلم","","أبو عبيدة عن جابر بن زيد عن ابن عباس عن النبيء صلى الله عليه وسلم قال: «لعن الله من أحدث في الإسلام حدثا أو آوى محدثا».","","","","Ibadi","","","","","V01P016"
"rabi_0043","43","al-Jami al-Sahih (Musnad al-Rabi ibn Habib)","Ibadi","1","6","43","في الأمة أمة محمد صلى الله عليه وسلم","في الأمة أمة محمد صلى الله عليه وسلم","","أبو عبيدة عن جابر بن زيد عن أبي هريرة أن النبيء صلى الله عليه وسلم خرج إلى المقبرة فقال: «السلام عليكم دار قوم مؤمنين وإنا إن شاء الله بكم لاحقون، وددت أني رأيت إخواني» قالوا: يا رسول الله ألسنا بإخوانك؟ قال: «بل أنتم أصحابي، وإنما إخواني الذين يأتون من بعدي وأنا فرطهم على الحوض» قالوا: يا رسول الله، كيف تعرف من يأتي بعدك؟ قال: «أرأيتم لو كان لرجل خيل غر محجلة في خيل دهم بهم، ألا يعرف خيله؟» قالوا: بلى يا رسول الله. قال: «فإنهم يأتون يوم القيامة غرا محجلين من أثر الوضوء، وأنا فرطهم على الحوض، وليذادن رجال عن حوضي كما يذاد البعير الضال فأناديهم: ألا هلم، فيقال: إنهم قد بدلوا بعدك، فأقول: فسحقا فسحقا».","","","","Ibadi","","","","","V01P017"
"rabi_0044","44","al-Jami al-Sahih (Musnad al-Rabi ibn Habib)","Ibadi","1","7","44","في الولاية والإمارة","في الولاية والإمارة","","أبو عبيدة عن جابر بن زيد عن ابن عباس عن النبيء صلى الله عليه وسلم قال: «لا يزال الأمر - يعني الولاية - في قريش ما دام فيهم رجلان - وأشار بإصبعيه - ولكن الويل لمن افتتن بالملك».","","","","Ibadi","","","","","V01P017"
"rabi_0045","45","al-Jami al-Sahih (Musnad al-Rabi ibn Habib)","Ibadi","1","7","45","في الولاية والإمارة","في الولاية والإمارة","","قال الربيع: بلغني عن أبي مسعود الأنصاري قال: قال رسول الله صلى الله عليه وسلم لقريش: «لن يزال هذا الأمر فيكم وأنتم ولاته ما لم تحدثوا، فإذا فعلتم سلط الله عليكم شرار خلقه فيلحونكم كما يلحى هذا القضيب» لقضيب كان في يده.","","","","Ibadi","","","","","V01P017"
"rabi_0046","46","al-Jami al-Sahih (Musnad al-Rabi ibn Habib)","Ibadi","1","7","46","في الولاية والإمارة","في الولاية والإمارة","","قال الربيع: بلغني أن عبادة بن الصامت أقبل حاجا من الشام، فقدم المدينة فأتى عثمان بن عفان فقال : ألا أخبرك بشيء سمعته من رسول الله صلى الله عليه وسلم؟ قال: بلى، قال: سمعته يقول: «سيكون من بعدي أمراء يقرؤون كما تقرؤون، ويعملون ما تنكرون، فليس لأولئك عليكم طاعة».","","","","Ibadi","","","","","V01P018"
"rabi_0047","47","al-Jami al-Sahih (Musnad al-Rabi ibn Habib)","Ibadi","1","7","47","في الولاية والإمارة","في الولاية والإمارة","","أبو عبيدة عن جابر بن زيد عن أنس بن مالك عن النبيء صلى الله عليه وسلم قال: «من أطاع أمري فقد أطاعني ومن عصى أمري فقد عصاني، ألا وإن الفتنة هاهنا».","","","","Ibadi","","","","","V01P018"
"rabi_0048","48","al-Jami al-Sahih (Musnad al-Rabi ibn Habib)","Ibadi","1","7","48","في الولاية والإمارة","في الولاية والإمارة","","أبو عبيدة عن جابر بن زيد عن أنس بن مالك عن النبيء صلى الله عليه وسلم قال: «سبعة يظلهم الله في ظله يوم لا ظل إلا ظله: إمام عادل، وشاب نشأ في عبادة الله عز وجل، ورجل متعلق قلبه بالمسجد إذا خرج حتى يعود إليه، ورجلان تحابا في الله اجتمعا وتفرقا على ذلك، ورجل ذكر الله خاليا ففاضت عيناه بالدموع من خشية الله، ورجل دعته امرأة ذات حسن وجمال فقال: إني أخاف الله رب العالمين، ورجل تصدق بصدقة فأخفاها حتى لا تعلم شماله ما أنفقت يمينه».","","","","Ibadi","","","","","V01P018"
"rabi_0049","49","al-Jami al-Sahih (Musnad al-Rabi ibn Habib)","Ibadi","1","7","49","في الولاية والإمارة","في الولاية والإمارة","","أبو عبيدة عن جابر بن زيد عن ابن عباس قال: قال رسول الله صلى الله عليه وسلم: «من عمل عملا ليس عليه أمرنا فهو رد».","","","","Ibadi","","","","","V01P018"
"rabi_0050","50","al-Jami al-Sahih (Musnad al-Rabi ibn Habib)","Ibadi","1","8","50","في الرؤيا","في الرؤيا","","أبو عبيدة عن جابر بن زيد عن أبي هريرة أن النبيء صلى الله عليه وسلم كان إذا انصرف من صلاة الغداة قال: «هل رأى أحد منكم الليلة رؤيا؟» ويقول: «إنه ليس يبقى من بعدي من النبوة إلا الرؤيا الصالحة».","","","","Ibadi","","","","","V01P019"
"rabi_0051","51","al-Jami al-Sahih (Musnad al-Rabi ibn Habib)","Ibadi","1","8","51","في الرؤيا","في الرؤيا","","أبو عبيدة عن جابر بن زيد عن أنس بن مالك عن رسول الله صلى الله عليه وسلم قال: «الرؤيا الحسنة من الرجل الصالح جزء من ستة وأربعين جزءا من النبوة».","","","","Ibadi","","","","","V01P019"
"rabi_0052","52","al-Jami al-Sahih (Musnad al-Rabi ibn Habib)","Ibadi","1","8","52","في الرؤيا","في الرؤيا","","أبو عبيدة عن جابر بن زيد قال: أدركت ناسا يروون عن النبيء صلى الله عليه وسلم قال: «الرؤيا من الله والحلم من الشيطان فإذا رأى أحدكم ما يكره فليتفل عن يساره ثلاث مرات إذا استيقظ، وليتعوذ بالله من شرها، فإنها لن تضره إن شاء الله». وقال: قال أحدهم : إني كنت لأرى الرؤيا هي أثقل علي من الجبل فلما سمعت هذا الحديث فما كنت أبالي بها.","","","","Ibadi","","","","","V01P019"
"rabi_0053","53","al-Jami al-Sahih (Musnad al-Rabi ibn Habib)","Ibadi","1","8","53","في الرؤيا","في الرؤيا","","أبو عبيدة عن جابر بن زيد قال: قال رسول الله صلى الله عليه وسلم: «من أفتى مسألة أو فسر رؤيا ... » الحديث.","","","","Ibadi","","","","","V01P019"
"rabi_0054","54","al-Jami al-Sahih (Musnad al-Rabi ibn Habib)","Ibadi","1","8","54","في الرؤيا","في الرؤيا","","أبو عبيدة من طريق ابن عمر عن النبيء صلى الله عليه وسلم قال: «أراني الليلة عند الكعبة، فرأيت رجلا آدم كأحسن ما يرى من آدم الرجال، له لمة كأحسن ما يرى من اللمم، قد رجلها وهي تقطر ماء، متكئا على عواتق رجلين، يطوف بالكعبة، فسألت: من هذا؟ فقيل لي: المسيح بن مريم عليهما السلام ، ثم إذا أنا برجل جعد قطط أعور العين اليمنى كأنها عنبة طافية، فسألت: من هذا؟ فقيل: المسيح الدجال».","","","","Ibadi","","","","","V01P020"
"rabi_0055","55","al-Jami al-Sahih (Musnad al-Rabi ibn Habib)","Ibadi","1","9","55","في الإيمان والإسلام والشرائع","في الإيمان والإسلام والشرائع","","أبو عبيدة عن جابر بن زيد قال: بلغني عن طلحة بن عبيد الله قال: جاء رجل إلى رسول الله صلى الله عليه وسلم من أهل نجد ثائر الرأس، يسمع دوي صوته، ولا يفقه قوله، حتى دنا فإذا هو يسأل عن الإسلام فقال له رسول الله صلى الله عليه وسلم: «خمس صلوات في اليوم والليلة»، قال: هل غيرها؟ قال: «لا إلا أن تطوع» فقال له رسول الله صلى الله عليه وسلم: «وصيام شهر رمضان»، قال: هل غيره؟ قال: «لا إلا أن تطوع»، ثم قال رسول الله صلى الله عليه وسلم: «والزكاة»، ثم قال: هل غيرها؟ قال: «لا إلا أن تطوع» قال: فأدبر الرجل وهو يقول: لا أزيد على هذا ولا أنقص منه. قال رسول الله صلى الله عليه وسلم: «أفلح إن صدق».","","","","Ibadi","","","","","V01P020"
"rabi_0056","56","al-Jami al-Sahih (Musnad al-Rabi ibn Habib)","Ibadi","1","9","56","في الإيمان والإسلام والشرائع","في الإيمان والإسلام والشرائع","","أبو عبيدة عن جابر بن زيد عن أنس بن مالك عن النبيء صلى الله عليه وسلم: «الإحسان أن تعمل لله كأنك تراه فإن لم تكن تراه فإنه يراك».","","","","Ibadi","","","","","V01P020"
"rabi_0057","57","al-Jami al-Sahih (Musnad al-Rabi ibn Habib)","Ibadi","1","9","57","في الإيمان والإسلام والشرائع","في الإيمان والإسلام والشرائع","","قال الربيع: بلغني عن عبادة بن الصامت قال: جاء رجل إلى النبيء صلى الله عليه وسلم: فقال: يا نبي الله، أي العمل أفضل؟ فقال: «إيمان بالله وتصديق به، وجهاد في سبيله» فقال: أريد أهون من ذلك، فقال: «لا تتهم الله في شيء قضى لك به».","","","","Ibadi","","","","","V01P021"
"rabi_0058","58","al-Jami al-Sahih (Musnad al-Rabi ibn Habib)","Ibadi","1","9","58","في الإيمان والإسلام والشرائع","في الإيمان والإسلام والشرائع","","أبو عبيدة عن جابر بن زيد عن أبي مسعود الأنصاري قال: أشار النبيء صلى الله عليه وسلم بيده نحو اليمين فقال: «ألا إن الإيمان هاهنا، وإن الفتنة وغلظ القلب في الفدادين عند أصول أذناب الإبل حيث يطلع قرن الشيطان ربيعة ومضر».","","","","Ibadi","","","","","V01P021"
"rabi_0059","59","al-Jami al-Sahih (Musnad al-Rabi ibn Habib)","Ibadi","1","10","59","في ذكر الشرك والكفر","في ذكر الشرك والكفر","","أبو عبيدة عن جابر بن زيد عن أنس بن مالك عن النبيء صلى الله عليه وسلم قال: «من أشرك ساعة أحبط عمله، فإن تاب جدد له العمل».","","","","Ibadi","","","","","V01P021"
"rabi_0060","60","al-Jami al-Sahih (Musnad al-Rabi ibn Habib)","Ibadi","1","10","60","في ذكر الشرك والكفر","في ذكر الشرك والكفر","","أبو عبيدة عن جابر بن زيد عن أبي هريرة عن النبيء صلى الله عليه وسلم قال: «يقول الله تبارك وتعالى من عمل عملا أشرك فيه غيري فهو له كله، وأنا أغنى الشركاء عن الشرك».","","","","Ibadi","","","","","V01P021"
"rabi_0061","61","al-Jami al-Sahih (Musnad al-Rabi ibn Habib)","Ibadi","1","10","61","في ذكر الشرك والكفر","في ذكر الشرك والكفر","","أبو عبيدة عن جابر بن زيد عن عائشة زوج النبيء صلى الله عليه وسلم قالت: «من زعم أن محمدا رأى ربه فقد أعظم على الله الفرية».","","","","Ibadi","","","","","V01P021"
"rabi_0062","62","al-Jami al-Sahih (Musnad al-Rabi ibn Habib)","Ibadi","1","10","62","في ذكر الشرك والكفر","في ذكر الشرك والكفر","","أبو عبيدة عن جابر بن زيد قال: بلغني عن رسول الله صلى الله عليه وسلم أنه صلى بأصحابه صلاة الصبح بالحديبية في أثر سماء كان من الليل، فلما انصرف من صلاته أقبل على الناس فقال: «هل تدرون ما قال ربكم؟» قالوا: الله ورسوله أعلم، قال: «قال: أصبح من عبادي مؤمن وكافر، فأما من قال: مطرنا بفضل الله وبرحمته فذلك مؤمن بي وكافر بالكواكب، وأما من قال: مطرنا بنوء كذا وكذا فذلك كافر بي ومؤمن بالكواكب».","","","","Ibadi","","","","","V01P022"
"rabi_0063","63","al-Jami al-Sahih (Musnad al-Rabi ibn Habib)","Ibadi","1","10","63","في ذكر الشرك والكفر","في ذكر الشرك والكفر","","قال الربيع: قال أبو عبيدة: بلغني عن النبيء صلى الله عليه وسلم قال: «إن كان زيد بن عمرو لأول من عاب علي عبادة الأصنام والذبح عليها، وذلك أني أقبلت من الطائف ومعي زيد بن حارثة، ومعنا خبزة ولحم، وكانت قريش آذت زيد بن عمرو حتى خرج من بين أظهرنا، فمررت به وعرضت عليه السفرة، فقال: يا ابن أخي أنتم تذبحون على أصنامكم هذه؟ فقلت: نعم، فقال: لا آكلها، ثم عاب الأصنام والأوثان ومن يطعمها ومن يدنو منها. قال رسول الله صلى الله عليه وسلم: «والله ما دنوت من الأصنام شيئا حتى أكرمني الله بالنبوة». قال: وبعث رسول الله صلى الله عليه وسلم وهو ابن أربعين سنة، وقرن معه إسرافيل ثلاث سنين ولم يكن ينزل عليه شيء، ثم عزل عنه إسرافيل وقرن معه جبريل عليه السلام، فنزل عليه القرآن عشر سنين بمكة وعشر سنين بالمدينة، فمات رسول الله صلى الله عليه وسلم وهو ابن ثلاث وستين سنة.","","","","Ibadi","","","","","V01P022"
"rabi_0064","64","al-Jami al-Sahih (Musnad al-Rabi ibn Habib)","Ibadi","1","10","64","في ذكر الشرك والكفر","في ذكر الشرك والكفر","","أبو عبيدة عن جابر بن زيد عن أبي هريرة قال: قال رسول الله صلى الله عليه وسلم: «رأس الكفر نحو المشرق، والفخر والخيلاء في أهل الخيل والإبل، والجهل في الفدادين أهل الوبر، والسكينة في أهل الغنم».","","","","Ibadi","","","","","V01P023"
"rabi_0065","65","al-Jami al-Sahih (Musnad al-Rabi ibn Habib)","Ibadi","1","10","65","في ذكر الشرك والكفر","في ذكر الشرك والكفر","","أبو عبيدة عن جابر بن زيد عن ابن عباس عن النبيء صلى الله عليه وسلم قال: «من قال لأخيه : يا كافر، فقال له: أنت الكافر فقد باء بالكفر أحدهما، والبادئ أظلم».","","","","Ibadi","","","","","V01P023"
"rabi_0066","66","al-Jami al-Sahih (Musnad al-Rabi ibn Habib)","Ibadi","1","10","66","في ذكر الشرك والكفر","في ذكر الشرك والكفر","","أبو عبيدة قال: بلغني عن النبيء صلى الله عليه وسلم أنه قال: «الرياء يحبط العمل كما يحبطه الشرك».","","","","Ibadi","","","","","V01P023"
"rabi_0067","67","al-Jami al-Sahih (Musnad al-Rabi ibn Habib)","Ibadi","1","11","67","في الحب","في الحب","","أبو عبيدة عن جابر بن زيد عن أبي هريرة عن النبيء صلى الله عليه وسلم قال: «إذا أحب الله عبدا قال: يا جبريل إني أحببت عبدي فلانا فأحببه، فيحبه جبريل عليه السلام، ثم ينادي في أهل السماء ألا إن الله قد أحب فلانا فأحبوه، فيحبه أهل السماء، ثم يوضع له القبول في أهل الأرض، وإذا أبغض الله عبدا فمثل ذلك».","","","","Ibadi","","","","","V01P023"
"rabi_0068","68","al-Jami al-Sahih (Musnad al-Rabi ibn Habib)","Ibadi","1","11","68","في الحب","في الحب","","ومن طريق أبي هريرة قال: قال رسول الله صلى الله عليه وسلم «يقول الله تبارك وتعالى يوم القيامة: أين المتحابون لأجلي اليوم أظلهم في ظلي يوم لا ظل إلا ظلي».","","","","Ibadi","","","","","V01P023"
"rabi_0069","69","al-Jami al-Sahih (Musnad al-Rabi ibn Habib)","Ibadi","1","11","69","في الحب","في الحب","","قال أبو عبيدة عن جابر بن زيد قال: بلغني عن معاذ بن جبل قال: قال رسول الله صلى الله عليه وسلم: «يقول الله تبارك وتعالى: وجبت محبتي للمتحابين في، والمتجالسين في، والمتزاورين في والمتدالين في ».","","","","Ibadi","","","","","V01P024"
"rabi_0070","70","al-Jami al-Sahih (Musnad al-Rabi ibn Habib)","Ibadi","1","11","70","في الحب","في الحب","","أبو عبيدة عن جابر بن زيد عن أبي هريرة عن النبيء صلى الله عليه وسلم قال: «قال الله عز وجل إذا أحب عبدي لقائي أحببت لقاءه، وإذا كره عبدي لقائي كرهت لقاءه».","","","","Ibadi","","","","","V01P024"
"rabi_0071","71","al-Jami al-Sahih (Musnad al-Rabi ibn Habib)","Ibadi","1","12","71","في القدر والحذر والتطير","في القدر والحذر والتطير","","أبو عبيدة عن جابر بن زيد قال: بلغني عن رسول الله صلى الله عليه وسلم قال: «كل شيء بقضاء وقدر حتى العجز والكيس».","","","","Ibadi","","","","","V01P024"
"rabi_0072","72","al-Jami al-Sahih (Musnad al-Rabi ibn Habib)","Ibadi","1","12","72","في القدر والحذر والتطير","في القدر والحذر والتطير","","قال الربيع: بلغني عن عبادة بن الصامت قال: قال رسول الله صلى الله عليه وسلم: «إنك لن تجد ولن تؤمن وتبلغ حقيقة الإيمان حتى تؤمن بالقدر خيره وشره أنه من الله» قال: قلت يا رسول الله كيف لي أن أعلم خير القدر وشره قال: «تعلم أن ما أخطأك لم يكن ليصيبك، وما أصابك لم يكن ليخطئك، فإن مت على غير ذلك دخلت النار».","","","","Ibadi","","","","","V01P024"
"rabi_0073","73","al-Jami al-Sahih (Musnad al-Rabi ibn Habib)","Ibadi","1","12","73","في القدر والحذر والتطير","في القدر والحذر والتطير","","أبو عبيدة قال: قال رسول الله صلى الله عليه وسلم: «لا هامة ولا عدوى ولا صفر». هامة»: كان أهل الجاهلية يقولون إذا مات الإنسان خرجت من رأسه هامة وهي التي تقتله. «ولا صفر»: كانوا في الجاهلية يحرمون شهر صفر عاما ويحرمون شهر محرم عاما فنهاهم رسول الله صلى الله عليه وسلم عن ذلك كله. وقال آخرون : إذا مات أحدهم في الجاهلية به صفر وهي التي تقتله فنهى النبيء صلى الله عليه وسلم عن ذلك.","","","","Ibadi","","","","","V01P025"
"rabi_0074","74","al-Jami al-Sahih (Musnad al-Rabi ibn Habib)","Ibadi","1","12","74","في القدر والحذر والتطير","في القدر والحذر والتطير","","أبو عبيدة عن جابر بن زيد عن ابن عباس عن النبيء صلى الله عليه وسلم قال: «لا يرد هائم على مصح». ما يكره، يعني: لا ينزل بماشيته عليه فيضر به، والضرر لا يحل.","","","","Ibadi","","","","","V01P025"
"rabi_0075","75","al-Jami al-Sahih (Musnad al-Rabi ibn Habib)","Ibadi","1","13","75","في الفتنة","في الفتنة","","أبو عبيدة عن جابر بن زيد عن ابن عمر قال: قال رسول الله صلى الله عليه وسلم: «ألا إن الفتنة هاهنا» وأشار بيده نحو المشرق. قال جابر بن زيد: قال ابن عباس: والناس ينتظرونها بعد رسول الله صلى الله عليه وسلم حتى تشعبت من نحو المشرق، فالناجي من نجا منها، والهالك من هلك فيها.","","","","Ibadi","","","","","V01P025"
"rabi_0076","76","al-Jami al-Sahih (Musnad al-Rabi ibn Habib)","Ibadi","1","13","76","في الفتنة","في الفتنة","","أبو عبيدة عن جابر بن زيد عن أبي سعيد الخدري قال: قال رسول الله صلى الله عليه وسلم: «يوشك أن يكون خير مال المسلم غنما يتبع بها شعف الجبال ومواضع المطر يفر بدينه من الفتنة». كتاب الطهارة","","","","Ibadi","","","","","V01P026"
"rabi_0077","77","al-Jami al-Sahih (Musnad al-Rabi ibn Habib)","Ibadi","1","14","77","في الاستجمار","في الاستجمار","","أبو عبيدة عن جابر بن زيد عن جابر بن عبد الله قال: قال رسول الله صلى الله عليه وسلم: «لا تستقبلوا القبلة ببول ولا غائط». قال جابر: فسألت عن ذلك ابن عباس قال: ذلك إذا كان في الصحاري والقفار، وأما في البيوت فلا بأس، لأنه قد حال بين الناس وبين القبلة حيال ، وهو الجدار.","","","","Ibadi","","","","","V01P026"
"rabi_0078","78","al-Jami al-Sahih (Musnad al-Rabi ibn Habib)","Ibadi","1","14","78","في الاستجمار","في الاستجمار","","أبو عبيدة عن جابر بن زيد قال: بلغني عن عبد الله بن عمر قال: دخلت على حفصة فرأيت رسول الله صلى الله عليه وسلم جالسا لحاجته بين لبنتين، مستدبر الكعبة، مستقبلا بيت المقدس. قال أبو عبيدة: قال جابر: فمن أجل هذا أباح ابن عباس استقبال القبلة في البيوت.","","","","Ibadi","","","","","V01P026"
"rabi_0079","79","al-Jami al-Sahih (Musnad al-Rabi ibn Habib)","Ibadi","1","14","79","في الاستجمار","في الاستجمار","","أبو عبيدة عن أبي أيوب الأنصاري صاحب النبيء صلى الله عليه وسلم قال وهو بمصر: والله ما أدري كيف أصنع بهذه الكرائس وقد قال رسول الله صلى الله عليه وسلم: «إذا ذهب أحدكم لبول أو غائط فلا يستقبل القبلة ولا يستدبرها بفرجه». زيد، وقد بينا ما قيل فيه وما روي، والله أعلم.","","","","Ibadi","","","","","V01P026"
"rabi_0080","80","al-Jami al-Sahih (Musnad al-Rabi ibn Habib)","Ibadi","1","14","80","في الاستجمار","في الاستجمار","","أبو عبيدة عن جابر بن زيد عن أبي هريرة عن النبيء صلى الله عليه وسلم أنه قال: «أنا لكم مثل الوالد أعلمكم أمر دينكم» وأمر أن يستنجى بثلاثة أحجار، ونهى عن الروث والرمة، وهي العظام البالية.","","","","Ibadi","","","","","V01P027"
"rabi_0081","81","al-Jami al-Sahih (Musnad al-Rabi ibn Habib)","Ibadi","1","14","81","في الاستجمار","في الاستجمار","","أبو عبيدة عن جابر بن زيد قال: بلغني عن ابن مسعود قال: كنت مع رسول الله صلى الله عليه وسلم حتى إذا أراد القيام إلى حاجة الإنسان قال: «ائتني بالأحجار»، قال: فأتيته بحجرين وروثة، فاستنجى بالحجرين وألقى الروثة، وقال: «إنها ركس». قال جابر: وقد سمعت ناسا من الصحابة يقولون: إنما نهى النبيء صلى الله عليه وسلم عن الاستنجاء بالعظم والروث، لأن العظم زاد إخوانكم من الجن، والروث زاد دوابهم. قال جابر بن زيد: والذي أدركت عليه ابن عباس يقول: الاستنجاء بثلاثة أحجار.","","","","Ibadi","","","","","V01P027"
"rabi_0082","82","al-Jami al-Sahih (Musnad al-Rabi ibn Habib)","Ibadi","1","14","82","في الاستجمار","في الاستجمار","","أبو عبيدة عن جابر بن زيد عن أبي هريرة عن رسول الله صلى الله عليه وسلم قال: «من توضأ فليستنثر، ومن استجمر فليوتر».","","","","Ibadi","","","","","V01P027"
"rabi_0083","83","al-Jami al-Sahih (Musnad al-Rabi ibn Habib)","Ibadi","1","14","83","في الاستجمار","في الاستجمار","","أبو عبيدة عن جابر بن زيد عن ابن عباس أن النبيء صلى الله عليه وسلم نهى عن البول والغائط في الأجحرة. قال ابن عباس: إنما نهى عن ذلك عليه السلام لأنها مساكن إخوانكم من الجن.","","","","Ibadi","","","","","V01P027"
"rabi_0084","84","al-Jami al-Sahih (Musnad al-Rabi ibn Habib)","Ibadi","1","14","84","في الاستجمار","في الاستجمار","","أبو عبيدة عن جابر بن زيد عن ابن عباس عن النبيء صلى الله عليه وسلم أنه كان من آدابه لا يكشف إزاره إذا أراد حاجة الإنسان حتى يقرب من الأرض، قال: وقد مر برسول الله صلى الله عليه وسلم رجل وهو يريد البول فسلم عليه فلم يرد عليه السلام.","","","","Ibadi","","","","","V01P028"
"rabi_0085","85","al-Jami al-Sahih (Musnad al-Rabi ibn Habib)","Ibadi","1","14","85","في الاستجمار","في الاستجمار","","ومن طريقه عنه عليه السلام قال: «لا تستقبلوا القبلة ببول ولا غائط».","","","","Ibadi","","","","","V01P028"
"rabi_0086","86","al-Jami al-Sahih (Musnad al-Rabi ibn Habib)","Ibadi","1","14","86","في الاستجمار","في الاستجمار","","أبو عبيدة عن جابر بن زيد عن أبي هريرة عن النبيء صلى الله عليه وسلم قال: «لولا أن أشق على أمتي لأمرتهم بالسواك عند كل صلاة وكل وضوء».","","","","Ibadi","","","","","V01P028"
"rabi_0087","87","al-Jami al-Sahih (Musnad al-Rabi ibn Habib)","Ibadi","1","15","87","في آداب الوضوء وفرضه","في آداب الوضوء وفرضه","","أبو عبيدة عن جابر بن زيد عن أبي هريرة عن النبيء صلى الله عليه وسلم أنه قال: «إذا استيقظ أحدكم من نومه فلا يغمس يده في الإناء حتى يغسلها ثلاثا، لأنه لا يدري أين باتت يده».","","","","Ibadi","","","","","V01P028"
"rabi_0088","88","al-Jami al-Sahih (Musnad al-Rabi ibn Habib)","Ibadi","1","15","88","في آداب الوضوء وفرضه","في آداب الوضوء وفرضه","","أبو عبيدة عن جابر بن زيد عن ابن عباس عن النبيء صلى الله عليه وسلم أنه قال: «لا وضوء لمن لم يذكر اسم الله عليه». نيل الثواب الجزيل في ذكر الله.","","","","Ibadi","","","","","V01P028"
"rabi_0089","89","al-Jami al-Sahih (Musnad al-Rabi ibn Habib)","Ibadi","1","15","89","في آداب الوضوء وفرضه","في آداب الوضوء وفرضه","","أبو عبيدة عن جابر بن زيد عن ابن عباس عن النبيء صلى الله عليه وسلم أنه توضأ مرة فقال: «هذا وضوء لا تقبل الصلاة إلا به»، ثم توضأ اثنتين اثنتين فقال: «من ضاعف ضاعف الله له»؛ ثم توضأ ثلاثا ثلاثا فقال: «هذا وضوئي ووضوء الأنبياء من قبلي».","","","","Ibadi","","","","","V01P029"
"rabi_0090","90","al-Jami al-Sahih (Musnad al-Rabi ibn Habib)","Ibadi","1","15","90","في آداب الوضوء وفرضه","في آداب الوضوء وفرضه","","أبو عبيدة عن جابر بن زيد عن ابن عباس عن النبيء صلى الله عليه وسلم قال: «خللوا بين أصابعكم في الوضوء قبل أن تخلل بمسامير من نار».","","","","Ibadi","","","","","V01P029"
"rabi_0091","91","al-Jami al-Sahih (Musnad al-Rabi ibn Habib)","Ibadi","1","15","91","في آداب الوضوء وفرضه","في آداب الوضوء وفرضه","","أبو عبيدة عن جابر بن زيد عن ابن عباس عن النبيء صلى الله عليه وسلم قال: «لا إيمان لمن لا صلاة له، ولا صلاة لمن لا وضوء له، ولا صوم إلا بالكف عن محارم الله».","","","","Ibadi","","","","","V01P029"
"rabi_0092","92","al-Jami al-Sahih (Musnad al-Rabi ibn Habib)","Ibadi","1","15","92","في آداب الوضوء وفرضه","في آداب الوضوء وفرضه","","أبو عبيدة عن جابر بن زيد عن ابن عباس عن النبيء صلى الله عليه وسلم قال: «ويل للعراقيب من النار وويل لبطون الأقدام من النار». في غسلها.","","","","Ibadi","","","","","V01P029"
"rabi_0093","93","al-Jami al-Sahih (Musnad al-Rabi ibn Habib)","Ibadi","1","15","93","في آداب الوضوء وفرضه","في آداب الوضوء وفرضه","","أبو عبيدة عن جابر بن زيد عن ابن عباس عن النبيء صلى الله عليه وسلم قال للقيط بن صبرة: «إذا استنشقت فأبلغ إلا أن تكون صائما». وفي رواية أخرى عن ابن عباس بهذا السند أنه قال للقيط بن صبرة أو لغيره: «إذا توضأت فضع في أنفك ماء ثم استنثر».","","","","Ibadi","","","","","V01P029"
"rabi_0094","94","al-Jami al-Sahih (Musnad al-Rabi ibn Habib)","Ibadi","1","15","94","في آداب الوضوء وفرضه","في آداب الوضوء وفرضه","","أبو عبيدة عن جابر بن زيد قال: بلغني عن رسول الله صلى الله عليه وسلم أنه تمضمض واستنشق من غرفة واحدة.","","","","Ibadi","","","","","V01P029"
"rabi_0095","95","al-Jami al-Sahih (Musnad al-Rabi ibn Habib)","Ibadi","1","15","95","في آداب الوضوء وفرضه","في آداب الوضوء وفرضه","","أبو عبيدة عن جابر بن زيد قال: بلغني أن رسول الله صلى الله عليه وسلم كان متخذا منديلا يمسح به بعد الوضوء، وكان بعض أزواجه يناوله إياه فيجفف به. الوضوء، وهو استحباب من أهل العلم، وترغيب منهم في نيل الثواب ما دام الماء على أعضائه.","","","","Ibadi","","","","","V01P030"
"rabi_0096","96","al-Jami al-Sahih (Musnad al-Rabi ibn Habib)","Ibadi","1","15","96","في آداب الوضوء وفرضه","في آداب الوضوء وفرضه","","أبو عبيدة عن جابر بن زيد عن ابن عباس عن النبيء صلى الله عليه وسلم أنه مسح ببعض رأسه في الوضوء.","","","","Ibadi","","","","","V01P030"
"rabi_0097","97","al-Jami al-Sahih (Musnad al-Rabi ibn Habib)","Ibadi","1","15","97","في آداب الوضوء وفرضه","في آداب الوضوء وفرضه","","أبو عبيدة عن جابر بن زيد قال: سمعت أن رسول الله صلى الله عليه وسلم قال: «الأذنان من الرأس» قال: وبلغني عنه عليه السلام أنه غرف غرفة فمسح بها رأسه وأذنيه.","","","","Ibadi","","","","","V01P030"
"rabi_0098","98","al-Jami al-Sahih (Musnad al-Rabi ibn Habib)","Ibadi","1","16","98","في فضائل الوضوء","في فضائل الوضوء","","أبو عبيدة عن جابر بن زيد عن أنس بن مالك عن النبيء صلى الله عليه وسلم قال: «ألا أخبركم بما يمحو الله به الخطايا ويرفع به الدرجات؟ إسباغ الوضوء على المكاره، وكثرة الخطى إلى المساجد، وانتظار الصلاة بعد الصلاة، فذلكم الرباط» قالها ثلاثا.","","","","Ibadi","","","","","V01P030"
"rabi_0099","99","al-Jami al-Sahih (Musnad al-Rabi ibn Habib)","Ibadi","1","16","99","في فضائل الوضوء","في فضائل الوضوء","","أبو عبيدة عن جابر بن زيد عن أبي هريرة قال: قال النبيء صلى الله عليه وسلم: «إذا توضأ العبد المسلم، فغسل وجهه خرج من وجهه كل خطيئة نظر إليها بعينه، آخر قطر الماء؛ فإذا غسل يديه خرجت منهما كل خطيئة بطشها بهما، ثم كذلك حتى يخرج نقيا من الذنوب».","","","","Ibadi","","","","","V01P030"
"rabi_0100","100","al-Jami al-Sahih (Musnad al-Rabi ibn Habib)","Ibadi","1","16","100","في فضائل الوضوء","في فضائل الوضوء","","أبو عبيدة عن جابر بن زيد عن أبي هريرة أن النبيء صلى الله عليه وسلم خرج إلى المقبرة ... الحديث مذكور في باب الأمة.","","","","Ibadi","","","","","V01P031"
"rabi_0101","101","al-Jami al-Sahih (Musnad al-Rabi ibn Habib)","Ibadi","1","16","101","في فضائل الوضوء","في فضائل الوضوء","","أبو عبيدة عن جابر بن زيد قال: بلغني عن عثمان بن عفان أنه جلس على المقاعد فجاء المؤذن فأذن لصلاة العصر فدعا بماء فتوضأ ثم قال: والله لأحدثنكم حديثا لولا أنه في كتاب الله ما حدثتكموه، ثم قال: سمعت رسول الله صلى الله عليه وسلم يقول: «ما من امرئ يتوضأ فيحسن وضوءه لصلاته ثم يصليها إلا غفر الله له ما بينها وبين الصلاة الأخرى حتى يصليها». الصلاة طرفي النهار وزلفا من الليل إن الحسنات يذهبن السيئات ذلك ذكرى للذاكرين}.","","","","Ibadi","","","","","V01P031"
"rabi_0102","102","al-Jami al-Sahih (Musnad al-Rabi ibn Habib)","Ibadi","1","17","102","ما يجب منه الوضوء","ما يجب منه الوضوء","","أبو عبيدة عن جابر بن زيد عن ابن عباس عن النبيء صلى الله عليه وسلم قال: «الوضوء من المذي، والغسل من المني».","","","","Ibadi","","","","","V01P031"
"rabi_0103","103","al-Jami al-Sahih (Musnad al-Rabi ibn Habib)","Ibadi","1","17","103","ما يجب منه الوضوء","ما يجب منه الوضوء","","أبو عبيدة عن جابر بن زيد قال: بلغني عن علي بن أبي طالب أنه أمر المقداد بن الأسود أن يسأل النبيء صلى الله عليه وسلم عن رجل دنا من أهله فخرج منه المذي ماذا عليه؟ قال علي: فأنا أستحيي من رسول الله صلى الله عليه وسلم أن أسأله من أجل ابنته عندي، فجاء المقداد إلى رسول الله صلى الله عليه وسلم فسأله عن ذلك فقال: «إذا وجد أحدكم ذلك فلينضح ذكره بالماء ثم يتوضأ وضوء الصلاة».","","","","Ibadi","","","","","V01P031"
"rabi_0104","104","al-Jami al-Sahih (Musnad al-Rabi ibn Habib)","Ibadi","1","17","104","ما يجب منه الوضوء","ما يجب منه الوضوء","","أبو عبيدة عن جابر بن زيد عن ابن عباس قال: قال بلال: حدثني أبو بكر الصديق رضي الله عنه أنه سمع رسول الله صلى الله عليه وسلم يقول: «لا يتوضأ من طعام أحل الله أكله».","","","","Ibadi","","","","","V01P032"
"rabi_0105","105","al-Jami al-Sahih (Musnad al-Rabi ibn Habib)","Ibadi","1","17","105","ما يجب منه الوضوء","ما يجب منه الوضوء","","أبو عبيدة عن جابر بن زيد عن ابن عباس عن النبيء صلى الله عليه وسلم قال: «الغيبة تفطر الصائم وتنقض الوضوء».","","","","Ibadi","","","","","V01P032"
"rabi_0106","106","al-Jami al-Sahih (Musnad al-Rabi ibn Habib)","Ibadi","1","17","106","ما يجب منه الوضوء","ما يجب منه الوضوء","","أبو عبيدة عن جابر بن زيد عن ابن عباس عن النبيء صلى الله عليه وسلم قال: «إذا شك أحدكم في صلاته فلا ينصرف حتى يسمع صوتا أو يشم ريحا».","","","","Ibadi","","","","","V01P032"
"rabi_0107","107","al-Jami al-Sahih (Musnad al-Rabi ibn Habib)","Ibadi","1","17","107","ما يجب منه الوضوء","ما يجب منه الوضوء","","أبو عبيدة عن جابر بن زيد قال: بلغني عن رسول الله صلى الله عليه وسلم قال: «إذا مست المرأة فرجها فلتتوضأ».","","","","Ibadi","","","","","V01P032"
"rabi_0108","108","al-Jami al-Sahih (Musnad al-Rabi ibn Habib)","Ibadi","1","17","108","ما يجب منه الوضوء","ما يجب منه الوضوء","","أبو عبيدة عن جابر بن زيد قال: بلغني عن عروة بن الزبير يقول عن عائشة رضي الله عنها إنها قالت: يقبلني رسول الله صلى الله عليه وسلم ثم يصلي ولا يتوضأ.","","","","Ibadi","","","","","V01P032"
"rabi_0109","109","al-Jami al-Sahih (Musnad al-Rabi ibn Habib)","Ibadi","1","17","109","ما يجب منه الوضوء","ما يجب منه الوضوء","","أبو عبيدة عن جابر بن زيد قال: قال رسول الله صلى الله عليه وسلم: «من قاء أو قلس فليتوضأ».","","","","Ibadi","","","","","V01P032"
"rabi_0110","110","al-Jami al-Sahih (Musnad al-Rabi ibn Habib)","Ibadi","1","17","110","ما يجب منه الوضوء","ما يجب منه الوضوء","","أبو عبيدة عن جابر بن زيد عن عائشة رضي الله عنها قالت: فقدت رسول الله صلى الله عليه وسلم ذات ليلة فوجدته يصلي، فطلبته فوقعت يدي على أخمص رجليه وهما منصوبتان، وهو يقول: «أعوذ بعفوك من عقابك وبرضاك من سخطك». قال جابر: وهذا الحديث يدل على إزالة الوضوء من مس الرجل امرأته.","","","","Ibadi","","","","","V01P033"
"rabi_0111","111","al-Jami al-Sahih (Musnad al-Rabi ibn Habib)","Ibadi","1","17","111","ما يجب منه الوضوء","ما يجب منه الوضوء","","أبو عبيدة عن جابر بن زيد قال: قالت عائشة رضي الله عنها: قدمنا لرسول الله صلى الله عليه وسلم حيسا ملتتا بسمن، فأكل منه ولم يتوضأ.","","","","Ibadi","","","","","V01P033"
"rabi_0112","112","al-Jami al-Sahih (Musnad al-Rabi ibn Habib)","Ibadi","1","17","112","ما يجب منه الوضوء","ما يجب منه الوضوء","","أبو عبيدة عن ضمام بن السائب قال: بلغني عن ابن عباس يروي عن النبيء صلى الله عليه وسلم قال: «ليس على من مس عجم الذنب وضوء، ولا على من مس موضع الاستحداد وضوء».","","","","Ibadi","","","","","V01P033"
"rabi_0113","113","al-Jami al-Sahih (Musnad al-Rabi ibn Habib)","Ibadi","1","17","113","ما يجب منه الوضوء","ما يجب منه الوضوء","","أبو عبيدة عن جابر بن زيد عن ابن عباس عن النبيء صلى الله عليه وسلم قال: «القيء والرعاف لا ينقضان الصلاة، فإذا انفلت المصلي بهما توضأ وبنى على صلاته».","","","","Ibadi","","","","","V01P033"
"rabi_0114","114","al-Jami al-Sahih (Musnad al-Rabi ibn Habib)","Ibadi","1","17","114","ما يجب منه الوضوء","ما يجب منه الوضوء","","أبو عبيدة عن جابر بن زيد عن ابن عباس أن رسول الله صلى الله عليه وسلم أوتي بكتف مؤربة فأكل ثم صلى ولم يتوضأ.","","","","Ibadi","","","","","V01P033"
"rabi_0115","115","al-Jami al-Sahih (Musnad al-Rabi ibn Habib)","Ibadi","1","17","115","ما يجب منه الوضوء","ما يجب منه الوضوء","","أبو عبيدة عن جابر بن زيد عن ابن عباس عن النبيء صلى الله عليه وسلم أنه قال: «إذا مس أحدكم ذكره فليتوضأ».","","","","Ibadi","","","","","V01P033"
"rabi_0116","116","al-Jami al-Sahih (Musnad al-Rabi ibn Habib)","Ibadi","1","17","116","ما يجب منه الوضوء","ما يجب منه الوضوء","","أبو عبيدة عن جابر بن زيد عن عروة بن الزبير قال: دخلت على مروان بن الحكم، قال: فتذاكرنا ما كان من نقض الوضوء، قال: قال مروان: من مس ذكره فليتوضأ، قال: قلت له: ما أعلم ذلك؟ فقال مروان: أخبرتني بسرة بنت صفوان أنها سمعت رسول الله صلى الله عليه وسلم يقول: «إذا مس أحدكم ذكره فليتوضأ».","","","","Ibadi","","","","","V01P034"
"rabi_0117","117","al-Jami al-Sahih (Musnad al-Rabi ibn Habib)","Ibadi","1","18","117","في النوم الذي ينقض الوضوء","في النوم الذي ينقض الوضوء","","أبو عبيدة عن جابر بن زيد عن ابن عباس قال: سجد رسول الله صلى الله عليه وسلم حتى غط فنفخ، فقام فصلى، فقلت: يا رسول الله، قد نمت! فقال صلى الله عليه وسلم: «إنما الوضوء على من نام مضطجعا».","","","","Ibadi","","","","","V01P034"
"rabi_0118","118","al-Jami al-Sahih (Musnad al-Rabi ibn Habib)","Ibadi","1","18","118","في النوم الذي ينقض الوضوء","في النوم الذي ينقض الوضوء","","أبو عبيدة عن جابر بن زيد عن ابن عباس عن النبيء صلى الله عليه وسلم قال: «العينان وكاء الدبر».","","","","Ibadi","","","","","V01P034"
"rabi_0119","119","al-Jami al-Sahih (Musnad al-Rabi ibn Habib)","Ibadi","1","18","119","في النوم الذي ينقض الوضوء","في النوم الذي ينقض الوضوء","","أبو عبيدة عن جابر بن زيد قال: كان أصحاب رسول الله صلى الله عليه وسلم ينامون جلوسا حتى تخفق رؤوسهم ثم يصلون ولا يتوضؤون، والنبيء صلى الله عليه وسلم يشاهدهم على تلك الحالة ولا يأمرهم بإعادة الوضوء.","","","","Ibadi","","","","","V01P034"
"rabi_0120","120","al-Jami al-Sahih (Musnad al-Rabi ibn Habib)","Ibadi","1","18","120","في النوم الذي ينقض الوضوء","في النوم الذي ينقض الوضوء","","أبو عبيدة عن جابر بن زيد قال: وقد بلغني عن عمر بن الخطاب رضي الله عنه أنه ينام قاعدا ثم يصلي ولا يتوضأ.","","","","Ibadi","","","","","V01P034"
"rabi_0121","121","al-Jami al-Sahih (Musnad al-Rabi ibn Habib)","Ibadi","1","19","121","في المسح على الخفين","في المسح على الخفين","","أبو عبيدة عن جابر بن زيد عن ابن عباس قال: ما رأيت رسول الله صلى الله عليه وسلم مسح على خفه قط. __________ * *","","","","Ibadi","","","","","V01P034"
"rabi_0122","122","al-Jami al-Sahih (Musnad al-Rabi ibn Habib)","Ibadi","1","19","122","في المسح على الخفين","في المسح على الخفين","","أبو عبيدة عن جابر بن زيد عن عائشة رضي الله عنها قالت: ما رأيت رسول الله صلى الله عليه وسلم مسح على خفه قط، وإني وددت أن يقطع الرجل رجليه من الكعبين أو يقطع الخفين من أن يمسح عليهما.","","","","Ibadi","","","","","V01P035"
"rabi_0123","123","al-Jami al-Sahih (Musnad al-Rabi ibn Habib)","Ibadi","1","19","123","في المسح على الخفين","في المسح على الخفين","","أبو عبيدة عن جابر بن زيد قال: أدركت جماعة من أصحاب رسول الله صلى الله عليه وسلم فسألتهم: هل يمسح رسول الله صلى الله عليه وسلم على خفيه؟ قالوا : لا. قال جابر: كيف يمسح الرجل على خفيه والله تعالى يخاطبنا في كتابه بنفس الوضوء؟! والله أعلم بما يرويه مخالفونا في أحاديثهم.","","","","Ibadi","","","","","V01P035"
"rabi_0124","124","al-Jami al-Sahih (Musnad al-Rabi ibn Habib)","Ibadi","1","19","124","في المسح على الخفين","في المسح على الخفين","","أبو عبيدة عن جابر بن زيد قال: بلغني عن علي بن أبي طالب أنه انكسر إحدى زنديه فسأل النبيء صلى الله عليه وسلم أن يمسح على الجبائر، قال له: «نعم».","","","","Ibadi","","","","","V01P035"
"rabi_0125","125","al-Jami al-Sahih (Musnad al-Rabi ibn Habib)","Ibadi","1","19","125","في المسح على الخفين","في المسح على الخفين","","أبو عبيدة عن جابر بن زيد عن عائشة رضي الله عنها قالت: لأن أحمل السكين على قدمي أحب إلي من أن أمسح على الخفين.","","","","Ibadi","","","","","V01P035"
"rabi_0126","126","al-Jami al-Sahih (Musnad al-Rabi ibn Habib)","Ibadi","1","19","126","في المسح على الخفين","في المسح على الخفين","","أبو عبيدة عن جابر بن زيد: بلغني أن رسول الله صلى الله عليه وسلم كان متخذا منديلا يمسح به بعد الوضوء، وكان بعض نسائه يناوله إياه، ويجفف به. والحديث مذكور في آداب الوضوء.","","","","Ibadi","","","","","V01P035"
"rabi_0127","127","al-Jami al-Sahih (Musnad al-Rabi ibn Habib)","Ibadi","1","19","127","في المسح على الخفين","في المسح على الخفين","","أبو عبيدة عن جابر بن زيد عن ابن عباس عن النبيء صلى الله عليه وسلم أنه مسح ببعض رأسه في الوضوء.","","","","Ibadi","","","","","V01P035"
"rabi_0128","128","al-Jami al-Sahih (Musnad al-Rabi ibn Habib)","Ibadi","1","19","128","في المسح على الخفين","في المسح على الخفين","","أبو عبيدة عن جابر بن زيد قال: سمعت رسول الله صلى الله عليه وسلم قال: «الأذنان من الرأس» قال: وبلغني عنه عليه السلام أنه غرف غرفة فمسح بها رأسه وأذنيه.","","","","Ibadi","","","","","V01P036"
"rabi_0129","129","al-Jami al-Sahih (Musnad al-Rabi ibn Habib)","Ibadi","1","20","129","جامع الوضوء","جامع الوضوء","","أبو عبيدة عن جابر بن زيد قال: بلغني عن أبي بن كعب قال: قال رسول الله صلى الله عليه وسلم: «إن لبدء الوضوء شيطانا يقال له الولهان، فاحذروه».","","","","Ibadi","","","","","V01P036"
"rabi_0130","130","al-Jami al-Sahih (Musnad al-Rabi ibn Habib)","Ibadi","1","20","130","جامع الوضوء","جامع الوضوء","","أبو عبيدة عن جابر بن زيد عن أبي هريرة قال: قال رسول الله صلى الله عليه وسلم: «يعقد الشيطان على قافية أحدكم إذا هو نام ثلاث عقدات يضرب مكان كل عقدة: عليك ليلا طويلا فارقد؛ فإذا استيقظ وذكر الله انحلت عقدة، فإذا توضأ انحلت عقدة، فإذا صلى انحلت عقدة؛ فيصبح نشيطا طيب النفس، وإلا أصبح خبيث النفس كسلان».","","","","Ibadi","","","","","V01P036"
"rabi_0131","131","al-Jami al-Sahih (Musnad al-Rabi ibn Habib)","Ibadi","1","20","131","جامع الوضوء","جامع الوضوء","","أبو عبيدة عن جابر بن زيد عن أنس بن مالك قال: حان وقت الصلاة فالتمس الناس وضوءا فلم يجدوه، فأوتي رسول الله بوضوء فوضع يده في الإناء، فأمر الناس أن يتوضؤوا. قال أنس: فرأيت الماء ينبع من تحت أصابع النبيء صلى الله عليه وسلم، فتوضؤوا إلى آخرهم. الواو وهو الفعل.","","","","Ibadi","","","","","V01P036"
"rabi_0132","132","al-Jami al-Sahih (Musnad al-Rabi ibn Habib)","Ibadi","1","21","132","فيما يكون منه غسل الجنابة","فيما يكون منه غسل الجنابة","","أبو عبيدة عن جابر بن زيد عن ابن عباس عن النبيء صلى الله عليه وسلم قال: «الوضوء من المذي والغسل من المني».","","","","Ibadi","","","","","V01P037"
"rabi_0133","133","al-Jami al-Sahih (Musnad al-Rabi ibn Habib)","Ibadi","1","21","133","فيما يكون منه غسل الجنابة","فيما يكون منه غسل الجنابة","","أبو عبيدة عن جابر بن زيد قال: سألت عائشة: هل كان يغتسل رسول الله صلى الله عليه وسلم من جماع ولم ينزل؟ قالت: كان رسول الله صلى الله عليه وسلم يصنع بنا ذلك ويغتسل ويأمرنا بالغسل، ويقول: «الغسل واجب إذا التقى الختانان».","","","","Ibadi","","","","","V01P037"
"rabi_0134","134","al-Jami al-Sahih (Musnad al-Rabi ibn Habib)","Ibadi","1","21","134","فيما يكون منه غسل الجنابة","فيما يكون منه غسل الجنابة","","قال جابر: قالت عائشة رضي الله عنها: يقول النبيء صلى الله عليه وسلم: «إذا قعد الرجل من المرأة بين شعبها وجب الغسل».","","","","Ibadi","","","","","V01P037"
"rabi_0135","135","al-Jami al-Sahih (Musnad al-Rabi ibn Habib)","Ibadi","1","21","135","فيما يكون منه غسل الجنابة","فيما يكون منه غسل الجنابة","","أبو عبيدة عن جابر بن زيد قال: بلغني عن أبي بن كعب قال: قال رسول الله صلى الله عليه وسلم: «الماء من الماء» يعني لا يكون الغسل على الرجل حتى ينزل، ولو التقى الختانان. قالت عائشة وأم سلمة زوجا النبيء صلى الله عليه وسلم: كان رسول الله صلى الله عليه وسلم يفعل ذلك ويغتسل ويأمر نساءه بالغسل، ويقول: «إذا التقى الختانان فالغسل واجب أنزل الرجل أو لم ينزل». والله أعلم بما يروى عن أبي بن كعب، وهو من علماء الصحابة وفضلائها.","","","","Ibadi","","","","","V01P037"
"rabi_0136","136","al-Jami al-Sahih (Musnad al-Rabi ibn Habib)","Ibadi","1","21","136","فيما يكون منه غسل الجنابة","فيما يكون منه غسل الجنابة","","أبو عبيدة عن جابر بن زيد عن ابن عباس قال: جاءت امرأة إلى رسول الله صلى الله عليه وسلم فقالت: برح الخفاء يارسول الله، المرأة ترى في النوم ما يرى الرجل؟ فقال رسول الله صلى الله عليه وسلم: «عليها الغسل إذا أنزلت».","","","","Ibadi","","","","","V01P037"
"rabi_0137","137","al-Jami al-Sahih (Musnad al-Rabi ibn Habib)","Ibadi","1","21","137","فيما يكون منه غسل الجنابة","فيما يكون منه غسل الجنابة","","عن جابر بن زيد عن زيد بن ثابت قال: بلغني أن أم سليم امرأة أبي طلحة الأنصاري جاءت إلى رسول الله صلى الله عليه وسلم فقالت: يا رسول الله، إن الله لا يستحيي من الحق، هل على المرأة من غسل إذا هي احتلمت؟ قال: «نعم، إذا رأت الماء». قال جابر: وقد جاء في رواية أخرى عن كثير من الصحابة إزالة الغسل عنها إلا الوضوء.","","","","Ibadi","","","","","V01P038"
"rabi_0138","138","al-Jami al-Sahih (Musnad al-Rabi ibn Habib)","Ibadi","1","22","138","في كيفية الغسل من الجنابة","في كيفية الغسل من الجنابة","","أبو عبيدة عن جابر بن زيد عن عائشة زوج النبيء صلى الله عليه وسلم قالت: كان رسول الله صلى الله عليه وسلم إذا أراد الغسل من الجنابة بدأ فغسل يديه ثم يتوضأ كما يتوضأ للصلاة، ثم يدخل أصابعه في الماء ويخلل بها أصول شعر رأسه، ثم يصب على رأسه ثلاث مرات بيده، ثم يفيض الماء على جسده كله، وهذا بعد الاستنجاء .","","","","Ibadi","","","","","V01P038"
"rabi_0139","139","al-Jami al-Sahih (Musnad al-Rabi ibn Habib)","Ibadi","1","22","139","في كيفية الغسل من الجنابة","في كيفية الغسل من الجنابة","","أبو عبيدة عن جابر بن زيد عن ابن عباس عن النبيء صلى الله عليه وسلم قال: «تحت كل شعرة جنابة، فبلوا الشعر وأنقوا البشرة».","","","","Ibadi","","","","","V01P038"
"rabi_0140","140","al-Jami al-Sahih (Musnad al-Rabi ibn Habib)","Ibadi","1","22","140","في كيفية الغسل من الجنابة","في كيفية الغسل من الجنابة","","أبو عبيدة عن جابر بن زيد قال: بلغني عن رسول الله صلى الله عليه وسلم قال: «أمرني حبيبي جبريل عليه السلام أن أغسل فنيكتي وعنفقتي وعنقفتي عند الجنابة». وسرته وكل ما بطن من جسده. __________ * * * المسربة التي في الرقبة من خلف قفا الرأس، والعنقفة هي: الشعيرات المنحازة من اللحية تحت الشفة السفلى، والرفغان: ما بين الذكر والفخذين، والمأبضان: ما تحت الركبتين، والمسربة هي: التي فصلت الصدر إلى السرة.","","","","Ibadi","","","","","V01P039"
"rabi_0141","141","al-Jami al-Sahih (Musnad al-Rabi ibn Habib)","Ibadi","1","22","141","في كيفية الغسل من الجنابة","في كيفية الغسل من الجنابة","","أبو عبيدة عن جابر بن زيد قال: بلغني عن أسامة بن زيد قال: جاءت أم سلمة إلى النبيء صلى الله عليه وسلم تستفتيه لامرأة جاءتها، فقالت: امرأة تشد شعر رأسها، هل تنقضه لغسل الجنابة؟ قال: «يكفيها أن تحثي عليه ثلاث حفنات من ماء، واغمزي قرونك عند كل حثية، ثم تفيضين عليك من الماء وتطهرين».","","","","Ibadi","","","","","V01P039"
"rabi_0142","142","al-Jami al-Sahih (Musnad al-Rabi ibn Habib)","Ibadi","1","22","142","في كيفية الغسل من الجنابة","في كيفية الغسل من الجنابة","","أبو عبيدة عن جابر بن زيد عن عائشة أنها قالت: كنت أغتسل أنا ورسول الله صلى الله عليه وسلم من إناء واحد.","","","","Ibadi","","","","","V01P039"
"rabi_0143","143","al-Jami al-Sahih (Musnad al-Rabi ibn Habib)","Ibadi","1","22","143","في كيفية الغسل من الجنابة","في كيفية الغسل من الجنابة","","أبو عبيدة عن جابر بن زيد عن عائشة أنها قالت: كان النبيء صلى الله عليه وسلم يغسل من إناء وهو الفرق من الجنابة.","","","","Ibadi","","","","","V01P039"
"rabi_0144","144","al-Jami al-Sahih (Musnad al-Rabi ibn Habib)","Ibadi","1","22","144","في كيفية الغسل من الجنابة","في كيفية الغسل من الجنابة","","أبو عبيدة عن جابر بن زيد عن ابن عباس قال: نهى رسول الله صلى الله عليه وسلم الجنب أن يغتسل في الماء الدائم، ونهى عن الوضوء بفضل المرأة، وكذلك في الرجل.","","","","Ibadi","","","","","V01P039"
"rabi_0145","145","al-Jami al-Sahih (Musnad al-Rabi ibn Habib)","Ibadi","1","22","145","في كيفية الغسل من الجنابة","في كيفية الغسل من الجنابة","","أبو عبيدة عن جابر بن زيد قال: بلغني عن عمر بن الخطاب رضي الله عنه قال: يا رسول الله، تصيبني الجنابة من الليل ماذا أصنع؟ فقال رسول الله صلى الله عليه وسلم: «توضأ واغسل ذكرك ثم نم».","","","","Ibadi","","","","","V01P040"
"rabi_0146","146","al-Jami al-Sahih (Musnad al-Rabi ibn Habib)","Ibadi","1","23","146","جامع النجاسات","جامع النجاسات","","أبو عبيدة عن جابر بن زيد عن أنس بن مالك قال: كان رسول الله صلى الله عليه وسلم قد أباح للعرنيين قوم من العرب أن يشربوا من أبوال الإبل والبهائم وألبانها مع الضرورة .","","","","Ibadi","","","","","V01P040"
"rabi_0147","147","al-Jami al-Sahih (Musnad al-Rabi ibn Habib)","Ibadi","1","23","147","جامع النجاسات","جامع النجاسات","","أبو عبيدة عن جابر بن زيد قال: قالت أسماء بنت أبي بكر الصديق رضي الله عنه جاءت امرأة إلى رسول الله صلى الله عليه وسلم فسألته عن امرأة وقع في ثوبها دم من دم الحيضة كيف تصنع؟ قال لها رسول الله صلى الله عليه وسلم: «إذا أصاب ثوب إحداكن دم من دم الحيضة فلتعركه، ثم لتنضحه بماء، ثم تصلي».","","","","Ibadi","","","","","V01P040"
"rabi_0148","148","al-Jami al-Sahih (Musnad al-Rabi ibn Habib)","Ibadi","1","23","148","جامع النجاسات","جامع النجاسات","","أبو عبيدة عن جابر بن زيد عن ابن عباس عن النبيء صلى الله عليه وسلم قال: «المني والوذي والودي ودم الحيضة ودم النفاس نجس لا يصلى بثوب وقع فيه شيء من ذلك حتى يغسل ويزول أثره».","","","","Ibadi","","","","","V01P040"
"rabi_0149","149","al-Jami al-Sahih (Musnad al-Rabi ibn Habib)","Ibadi","1","23","149","جامع النجاسات","جامع النجاسات","","أبو عبيدة عن جابر بن زيد عن ابن عباس عن النبيء صلى الله عليه وسلم قال: «دم الاستحاضة نجس، لأنه دم عرق، ينقض الوضوء».","","","","Ibadi","","","","","V01P040"
"rabi_0150","150","al-Jami al-Sahih (Musnad al-Rabi ibn Habib)","Ibadi","1","23","150","جامع النجاسات","جامع النجاسات","","أبو عبيدة عن جابر بن زيد أن امرأة سألت أم سلمة زوج النبيء صلى الله عليه وسلم فقالت: إني امرأة أطيل ذيلي وأمشي في المكان القذر، فقال رسول الله صلى الله عليه وسلم: «يطهره ما بعده».","","","","Ibadi","","","","","V01P040"
"rabi_0151","151","al-Jami al-Sahih (Musnad al-Rabi ibn Habib)","Ibadi","1","23","151","جامع النجاسات","جامع النجاسات","","أبو عبيدة عن جابر بن زيد عن عائشة أم المؤمنين أنها قالت: كنت أغسل ثوب رسول الله صلى الله عليه وسلم من المني، ثم يخرج إلى الصلاة والماء يقطر منه.","","","","Ibadi","","","","","V01P041"
"rabi_0152","152","al-Jami al-Sahih (Musnad al-Rabi ibn Habib)","Ibadi","1","23","152","جامع النجاسات","جامع النجاسات","","أبو عبيدة عن جابر بن زيد عن ابن عباس قال إن أم قيس بنت محصن أتت بابن لها صغير لم يأكل الطعام إلى رسول الله صلى الله عليه وسلم، فأجلسه رسول الله صلى الله عليه وسلم في حجره، فبال على ثوبه، فدعا بماء فنضحه نضحا ولم يغسله.","","","","Ibadi","","","","","V01P041"
"rabi_0153","153","al-Jami al-Sahih (Musnad al-Rabi ibn Habib)","Ibadi","1","23","153","جامع النجاسات","جامع النجاسات","","أبو عبيدة عن جابر بن زيد قال بلغني عن أبي هريرة قال: قال رسول الله صلى الله عليه وسلم: «إذا ولغ الكلب في إناء أحدكم فليهرقه وليغسله سبع مرات أولاهن وأخراهن بالتراب».","","","","Ibadi","","","","","V01P041"
"rabi_0154","154","al-Jami al-Sahih (Musnad al-Rabi ibn Habib)","Ibadi","1","23","154","جامع النجاسات","جامع النجاسات","","أبو عبيدة عن جابر بن زيد قال سمعت رسول الله قال: «إذا ولغ الكلب في إناء أحدكم فليهرقه وليغسله سبع مرات». قال جابر: وفي الثلاث كفاية إن شاء الله.","","","","Ibadi","","","","","V01P041"
"rabi_0155","155","al-Jami al-Sahih (Musnad al-Rabi ibn Habib)","Ibadi","1","23","155","جامع النجاسات","جامع النجاسات","","أبو عبيدة عن جابر بن زيد عن أبي هريرة قال: قال رسول الله صلى الله عليه وسلم: «إذا ولغ الكلب في إناء أحدكم فليغسله سبع مرات».","","","","Ibadi","","","","","V01P041"
"rabi_0156","156","al-Jami al-Sahih (Musnad al-Rabi ibn Habib)","Ibadi","1","24","156","في أحكام المياه","في أحكام المياه","","أبو عبيدة عن جابر بن زيد عن ابن عباس عن النبيء صلى الله عليه وسلم قال: «الماء طهور لا ينجسه إلا ما غير لونه أو طعمه أو رائحته».","","","","Ibadi","","","","","V01P042"
"rabi_0157","157","al-Jami al-Sahih (Musnad al-Rabi ibn Habib)","Ibadi","1","24","157","في أحكام المياه","في أحكام المياه","","أبو عبيدة عن جابر بن زيد قال: قال رسول الله صلى الله عليه وسلم: «إذا كان الماء قدر قلتين لم يحتمل خبثا». وفي رواية أخرى: «قدر قلتين ماء لا ينجسه شيء».","","","","Ibadi","","","","","V01P042"
"rabi_0158","158","al-Jami al-Sahih (Musnad al-Rabi ibn Habib)","Ibadi","1","24","158","في أحكام المياه","في أحكام المياه","","أبو عبيدة عن جابر بن زيد قال: بلغني عن عمر بن الخطاب رضي الله عنه قال: سئل رسول الله صلى الله عليه وسلم عن السباع ترد الحياض وتشرب منها؟ فقال رسول الله: «لها ما ولغت في بطونها ولكم ما غبر».","","","","Ibadi","","","","","V01P042"
"rabi_0159","159","al-Jami al-Sahih (Musnad al-Rabi ibn Habib)","Ibadi","1","24","159","في أحكام المياه","في أحكام المياه","","أبو عبيدة قال: بلغني عن كبيشة بنت كعب بن مالك، وكانت تحت أبي قتادة الأنصاري، أنها سكبت لأبي قتادة وضوءا، فجاءت هرة تشرب منه، فأصغى أبو قتادة لها الإناء، حتى شربت؛ قالت كبيشة: فرآني أنظر إليه، فقال: أتعجبين مما رأيت؟ قالت: قلت نعم، قال لي: إن رسول الله صلى الله عليه وسلم قال: «إنها ليست بنجسة، إنما هي من الطوافين والطوافات عليكم».","","","","Ibadi","","","","","V01P042"
"rabi_0160","160","al-Jami al-Sahih (Musnad al-Rabi ibn Habib)","Ibadi","1","24","160","في أحكام المياه","في أحكام المياه","","أبو عبيدة عن جابر بن زيد عن عائشة رضي الله عنها أنها قالت: كنت أتوضأ أنا ورسول الله صلى الله عليه وسلم من إناء قد أصابت منه الهرة قبل ذلك.","","","","Ibadi","","","","","V01P042"
"rabi_0161","161","al-Jami al-Sahih (Musnad al-Rabi ibn Habib)","Ibadi","1","24","161","في أحكام المياه","في أحكام المياه","","أبو عبيدة عن جابر بن زيد عن ابن عباس أن رجلا سأل رسول الله صلى الله عليه وسلم عن ماء البحر فقال: يا رسول الله، إنا لنركب البحر على أرماث لنا، وتحضرنا الصلاة وليس معنا ماء إلا لشفاهنا، أفنتوضأ بماء البحر؟ فقال رسول الله صلى الله عليه وسلم: «هو الطهور ماؤه، والحل ميتته».","","","","Ibadi","","","","","V01P043"
"rabi_0162","162","al-Jami al-Sahih (Musnad al-Rabi ibn Habib)","Ibadi","1","24","162","في أحكام المياه","في أحكام المياه","","أبو عبيدة عن جابر بن زيد قال: أدركت من الصحابة أناسا أكثر فتياهم حديث النبيء صلى الله عليه وسلم يقولون : قال النبيء صلى الله عليه وسلم: «لا يبولن أحدكم في الماء الدائم ثم يغتسل منه أو يتوضأ».","","","","Ibadi","","","","","V01P043"
"rabi_0163","163","al-Jami al-Sahih (Musnad al-Rabi ibn Habib)","Ibadi","1","24","163","في أحكام المياه","في أحكام المياه","","أبو عبيدة عن جابر بن زيد عن ابن عباس أن بعض نساء النبيء صلى الله عليه وسلم اغتسلت من الجنابة فجاء النبيء صلى الله عليه وسلم فتوضأ من فضلها.","","","","Ibadi","","","","","V01P043"
"rabi_0164","164","al-Jami al-Sahih (Musnad al-Rabi ibn Habib)","Ibadi","1","24","164","في أحكام المياه","في أحكام المياه","","أبو عبيدة عن جابر بن زيد عن ابن عباس قال: نهى رسول الله صلى الله عليه وسلم الجنب أن يغتسل في الماء الدائم، ونهى عن الوضوء بفضل المرأة، وكذلك في الرجل.","","","","Ibadi","","","","","V01P043"
"rabi_0165","165","al-Jami al-Sahih (Musnad al-Rabi ibn Habib)","Ibadi","1","24","165","في أحكام المياه","في أحكام المياه","","أبو عبيدة عن جابر بن زيد قال: يروى عن عبد الله بن مسعود ليلة الجن في إجازة النبيء صلى الله عليه وسلم له أن يتوضأ بالنبيذ، قد سمعت جملة من الصحابة يقولون ما حضر ابن مسعود تلك الليلة، والذي رفع عنه كذب، والله أعلم بالغيب.","","","","Ibadi","","","","","V01P043"
"rabi_0166","166","al-Jami al-Sahih (Musnad al-Rabi ibn Habib)","Ibadi","1","25","166","فرض التيمم والعذر الذي يوجبه","فرض التيمم والعذر الذي يوجبه","","أبو عبيدة عن جابر بن زيد عن عائشة أم المؤمنين رضي الله عنها قالت: سافرنا مع رسول الله صلى الله عليه وسلم في بعض أسفاره، حتى إذا كنا بالبيداء انقطع عقد لي، فأقام رسول الله صلى الله عليه وسلم على التماسه، وأقام الناس معه وليسوا على ماء، وليس معهم ماء، فأتوا إلى أبي بكر الصديق رضي الله عنه فقالوا: ألا ترى ما صنعت ابنتك بالناس، أقامتهم على غير ماء؟ فجاء أبو بكر إلى رسول الله صلى الله عليه وسلم فوجده واضعا رأسه على فخذي وقد نام، فقال: قد حبست رسول الله صلى الله عليه وسلم والناس ليسوا على ماء، ولا ماء معهم ، قالت عائشة: فعاتبني أبو بكر وقال ما شاء الله أن يقول، فجعل يطعن بيده في خاصرتي، فمنعت نفسي من الحركة لمكان رأس رسول الله صلى الله عليه وسلم على فخذي، فنام رسول الله صلى الله عليه وسلم حتى أصبح على غير ماء، فأنزل الله آية التيمم، قالت: فبعثنا البعير الذي كنت عليه فوجدنا القلادة تحته.","","","","Ibadi","","","","","V01P044"
"rabi_0167","167","al-Jami al-Sahih (Musnad al-Rabi ibn Habib)","Ibadi","1","25","167","فرض التيمم والعذر الذي يوجبه","فرض التيمم والعذر الذي يوجبه","","أبو عبيدة عن جابر بن زيد عن ابن عباس عن النبيء صلى الله عليه وسلم أنه سئل عن التيمم فقال: «جعلت لي الأرض مسجدا وترابها طهورا». قال جابر: وهذه الرواية تمنع من التيمم من غير تراب. قال الربيع: والمسجد ما استقرت عليه مساجد المصلي، وهي سبعة أعضاء: القدمان والركبتان واليدان والجبهة.","","","","Ibadi","","","","","V01P044"
"rabi_0168","168","al-Jami al-Sahih (Musnad al-Rabi ibn Habib)","Ibadi","1","25","168","فرض التيمم والعذر الذي يوجبه","فرض التيمم والعذر الذي يوجبه","","أبو عبيدة عن جابر بن زيد عن ابن عباس قال: قال رسول الله صلى الله عليه وسلم يوما لأبي ذر رضي الله عنه: «الصعيد الطيب يكفي ولو إلى سنين ، فإذا وجدت الماء فامسس به جلدك» .","","","","Ibadi","","","","","V01P044"
"rabi_0169","169","al-Jami al-Sahih (Musnad al-Rabi ibn Habib)","Ibadi","1","25","169","فرض التيمم والعذر الذي يوجبه","فرض التيمم والعذر الذي يوجبه","","أبو عبيدة عن جابر بن زيد عن أبي هريرة عن النبيء صلى الله عليه وسلم قال لأبي ذر: «التيمم يكفيك إن لم تجد الماء عشر سنين» .","","","","Ibadi","","","","","V01P045"
"rabi_0170","170","al-Jami al-Sahih (Musnad al-Rabi ibn Habib)","Ibadi","1","25","170","فرض التيمم والعذر الذي يوجبه","فرض التيمم والعذر الذي يوجبه","","أبو عبيدة عن جابر بن زيد عن ابن عباس عن عمار بن ياسر قال: اجتنبت فتمعكت في التراب، فقال رسول الله صلى الله عليه وسلم: «أما يكفيك هكذا؟»، فمسح وجهه ويديه إلى الرسغين.","","","","Ibadi","","","","","V01P045"
"rabi_0171","171","al-Jami al-Sahih (Musnad al-Rabi ibn Habib)","Ibadi","1","25","171","فرض التيمم والعذر الذي يوجبه","فرض التيمم والعذر الذي يوجبه","","أبو عبيدة عن جابر بن زيد عن ابن عباس عن عمار بن ياسر رضي الله عنهم قال: تيممنا مع رسول الله صلى الله عليه وسلم، فضربنا ضربة للوجه وضربة لليدين.","","","","Ibadi","","","","","V01P045"
"rabi_0172","172","al-Jami al-Sahih (Musnad al-Rabi ibn Habib)","Ibadi","1","26","172","الزجر عن غسل المريض","الزجر عن غسل المريض","","أبو عبيدة عن جابر بن زيد عن ابن عباس قال: خرج عمرو بن العاص إلى غزوة ذات السلاسل وهو أمير على الجيش، فأجنب، فخاف من شدة برد الماء، فتيمم، فلما قدم على رسول الله صلى الله عليه وسلم أخبره أصحابه بما فعل عمرو، فقال رسول الله صلى الله عليه وسلم: «يا عمرو، لم فعلت ما فعلت، ومن أين علمت؟» فقال: يارسول الله، وجدت الله يقول: {ولا تقتلوا أنفسكم إن الله كان بكم رحيما} فضحك النبيء صلى الله عليه وسلم ولم يرد عليه شيئا.","","","","Ibadi","","","","","V01P045"
"rabi_0173","173","al-Jami al-Sahih (Musnad al-Rabi ibn Habib)","Ibadi","1","26","173","الزجر عن غسل المريض","الزجر عن غسل المريض","","أبو عبيدة عن جابر بن زيد قال: بلغني أن رجلا أجنب في سفره في يوم بارد فامتنع من الغسل، فأمر به ، فاغتسل فمات. فقيل ذلك لرسول الله صلى الله عليه وسلم، فقال: «قتلوه قتلهم الله».","","","","Ibadi","","","","","V01P045"
"rabi_0174","174","al-Jami al-Sahih (Musnad al-Rabi ibn Habib)","Ibadi","1","26","174","الزجر عن غسل المريض","الزجر عن غسل المريض","","قال أبو عبيدة: قال جابر بن زيد: فقيل للنبيء صلى الله عليه وسلم: إنه أمر بالغسل كما ترى، فكر عليه الجدري، فمات، فقال النبيء صلى الله عليه وسلم: «قتلوه قتلهم الله ماذا عليهم لو أمروه بالتيمم؟». كتاب الصلاة ووجوبها","","","","Ibadi","","","","","V01P046"
"rabi_0175","175","al-Jami al-Sahih (Musnad al-Rabi ibn Habib)","Ibadi","1","27","175","في الأذان","في الأذان","","أبو عبيدة عن جابر بن زيد عن أبي سعيد الخدري أن رسول الله صلى الله عليه وسلم قال: «إذا سمعتم النداء فقولوا مثل ما يقول المؤذن والأذان مثنى مثنى، والإقامة مثنى مثنى».","","","","Ibadi","","","","","V01P046"
"rabi_0176","176","al-Jami al-Sahih (Musnad al-Rabi ibn Habib)","Ibadi","1","27","176","في الأذان","في الأذان","","أبو عبيدة عن جابر بن زيد عن أبي سعيد الخدري أنه قال لرجل: «إني أراك تحب الغنم والبادية فإذا كنت في غنمك وباديتك فأذنت للصلاة فارفع صوتك، فإنه لا يسمع صوت المؤذن جن ولا إنس ولا شيء إلا شهد له يوم القيامة». هكذا سمعت من رسول الله صلى الله عليه وسلم.","","","","Ibadi","","","","","V01P046"
"rabi_0177","177","al-Jami al-Sahih (Musnad al-Rabi ibn Habib)","Ibadi","1","27","177","في الأذان","في الأذان","","أبو عبيدة عن جابر بن زيد عن أبي سعيد الخدري أن رسول الله صلى الله عليه وسلم: «كان يأمر المؤذن إذا كانت ليلة باردة ذات مطر وريح أن يقول ألا صلوا في الرحال».","","","","Ibadi","","","","","V01P047"
"rabi_0178","178","al-Jami al-Sahih (Musnad al-Rabi ibn Habib)","Ibadi","1","28","178","في أوقات الصلاة","في أوقات الصلاة","","أبو عبيدة عن جابر بن زيد عن أنس بن مالك قال: كنا نصلي مع رسول الله صلى الله عليه وسلم فيخرج (الإنسان: الناس) إلى بني عمرو بن عوف فيجدهم يصلون العصر.","","","","Ibadi","","","","","V01P047"
"rabi_0179","179","al-Jami al-Sahih (Musnad al-Rabi ibn Habib)","Ibadi","1","28","179","في أوقات الصلاة","في أوقات الصلاة","","أبو عبيدة عن جابر بن زيد عن أبي هريرة أن رسول الله صلى الله عليه وسلم قال: «إذا اشتد الحر فأبردوا بالظهر فإن شدة الحر من فيح جهنم».","","","","Ibadi","","","","","V01P047"
"rabi_0180","180","al-Jami al-Sahih (Musnad al-Rabi ibn Habib)","Ibadi","1","28","180","في أوقات الصلاة","في أوقات الصلاة","","أبو عبيدة عن جابر بن زيد عن عائشة زوج النبيء صلى الله عليه وسلم قالت: كان رسول الله صلى الله عليه وسلم يصلي العصر والشمس في حجرتها قبل أن تظهر، أي قبل أن تخرج.","","","","Ibadi","","","","","V01P047"
"rabi_0181","181","al-Jami al-Sahih (Musnad al-Rabi ibn Habib)","Ibadi","1","28","181","في أوقات الصلاة","في أوقات الصلاة","","أبو عبيدة عن جابر بن زيد عن عائشة زوج النبيء صلى الله عليه وسلم قالت: كان النبيء صلى الله عليه وسلم يصلي الفجر والنساء متلفعات بمروطهن ما يعرفن من الغلس والغبش.","","","","Ibadi","","","","","V01P047"
"rabi_0182","182","al-Jami al-Sahih (Musnad al-Rabi ibn Habib)","Ibadi","1","28","182","في أوقات الصلاة","في أوقات الصلاة","","أبو عبيدة عن جابر بن زيد عن أبي هريرة عن النبيء صلى الله عليه وسلم قال: «لقد هممت أن آمر بحطب فيحطب، ثم آمر بالصلاة فيؤذن بها ، ثم آمر رجلا يؤم بالناس، ثم أخالف إلى رجال فأحرق عليهم بيوتهم، والذي نفسي بيده لو يعلم أحدهم أنه يجد","","","","Ibadi","","","","","V01P048"
"rabi_0183","183","al-Jami al-Sahih (Musnad al-Rabi ibn Habib)","Ibadi","1","28","183","في أوقات الصلاة","في أوقات الصلاة","","أبو عبيدة عن جابر بن زيد رحمه الله قال: بينما أنس ذات يوم قاعدا، إذ ذكر تعجيل الصلاة وتأخيرها، فقال: سمعت رسول الله صلى الله عليه وسلم يقول: «تلك صلاة المنافقين يجلس أحدهم يتحدث حتى إذا اصفرت الشمس وكانت بين قرني الشيطان ثم يقوم فينقر أربعا لا يذكر الله فيها إلا قليلا».","","","","Ibadi","","","","","V01P048"
"rabi_0184","184","al-Jami al-Sahih (Musnad al-Rabi ibn Habib)","Ibadi","1","28","184","في أوقات الصلاة","في أوقات الصلاة","","أبو عبيدة عن جابر بن زيد قال: بلغني عن رسول الله صلى الله عليه وسلم قال: «من نسي صلاة أو نام عنها فليصلها إذا ذكرها».","","","","Ibadi","","","","","V01P048"
"rabi_0185","185","al-Jami al-Sahih (Musnad al-Rabi ibn Habib)","Ibadi","1","28","185","في أوقات الصلاة","في أوقات الصلاة","","أبو عبيدة عن جابر بن زيد أن أم المؤمنين أمرت أبا يونس مولاها أن يكتب لها مصحفا فقالت: إذا بلغت هذه الآية فآذني: {حافظوا على الصلوات والصلاة الوسطى} فلما بلغها آذنها، فأملت عليه: «حافظوا على الصلوات والصلاة الوسطى صلاة العصر وقوموا لله قانتين». فقالت: هكذا سمعتها من رسول الله صلى الله عليه وسلم.","","","","Ibadi","","","","","V01P048"
"rabi_0186","186","al-Jami al-Sahih (Musnad al-Rabi ibn Habib)","Ibadi","1","29","186","في فرض الصلاة في الحضر والسفر","في فرض الصلاة في الحضر والسفر","","أبو عبيدة عن جابر بن زيد عن عائشة رضي الله عنها أنها قالت: «فرضت الصلاة ركعتين في الحضر والسفر، فأقرت صلاة السفر وزيد في صلاة الحضر».","","","","Ibadi","","","","","V01P049"
"rabi_0187","187","al-Jami al-Sahih (Musnad al-Rabi ibn Habib)","Ibadi","1","29","187","في فرض الصلاة في الحضر والسفر","في فرض الصلاة في الحضر والسفر","","أبو عبيدة عن جابر بن زيد قال: سأل رجل عبد الله بن عمر فقال له: يا أبا عبد الرحمن: إنا نجد صلاة الخوف وصلاة الحضر في القرآن ولا نجد صلاة السفر، فقال له عبد الله بن عمر: ياهذا إن الله قد بعث إلينا محمدا صلى الله عليه وسلم ولا نعلم شيئا، وإنما نفعل كما رأيناه يفعل.","","","","Ibadi","","","","","V01P049"
"rabi_0188","188","al-Jami al-Sahih (Musnad al-Rabi ibn Habib)","Ibadi","1","29","188","في فرض الصلاة في الحضر والسفر","في فرض الصلاة في الحضر والسفر","","أبو عبيدة عن جابر بن زيد عن ابن عباس عن النبيء صلى الله عليه وسلم قال: «على المقيم سبع عشرة ركعة وعلى المسافر إحدى عشرة ركعة». يعني بها الصلوات الخمس.","","","","Ibadi","","","","","V01P049"
"rabi_0189","189","al-Jami al-Sahih (Musnad al-Rabi ibn Habib)","Ibadi","1","29","189","في فرض الصلاة في الحضر والسفر","في فرض الصلاة في الحضر والسفر","","أبو عبيدة عن جابر بن زيد عن ابن عباس أن النبيء صلى الله عليه وسلم فرضت عليه الصلوات الخمس قبل هجرته بسنتين، وصلى عليه السلام إلى بيت المقدس بعد هجرته سبعة عشر شهرا، وكانت الأنصار وأهل المدينة يصلون إلى بيت المقدس بعد الهجرة نحو سنتين قبل قدوم النبيء صلى الله عليه وسلم إليهم، وكان النبيء صلى الله عليه وسلم صلى إلى الكعبة بمكة ثماني سنين إلى أن عرج به إلى بيت المقدس، ثم تحول إلى قبلته. قال رسول الله صلى الله عليه وسلم: «خمس صلوات كتبهن الله على عباده في اليوم والليلة، فمن جاء بهن تامة لم يضيع من حقهن شيئا فله عند الله عهد أن يدخله الجنة ومن نقص من حقهن شيئا فله عند الله عهد أن يدخله النار». ولم يذكر الوتر، وهو عندي غير واجب. والله أعلم.","","","","Ibadi","","","","","V01P050"
"rabi_0190","190","al-Jami al-Sahih (Musnad al-Rabi ibn Habib)","Ibadi","1","29","190","في فرض الصلاة في الحضر والسفر","في فرض الصلاة في الحضر والسفر","","أبو عبيدة عن جابر بن زيد عن ابن عباس أن النبيء صلى الله عليه وسلم أقام بمكة عام الفتح خمسة عشر يوما يقصر الصلاة وهو لا ينوي الإقامة بها. أيام في موضعه الذي نزل فيه.","","","","Ibadi","","","","","V01P050"
"rabi_0191","191","al-Jami al-Sahih (Musnad al-Rabi ibn Habib)","Ibadi","1","29","191","في فرض الصلاة في الحضر والسفر","في فرض الصلاة في الحضر والسفر","","الربيع عن أبي أيوب الأنصاري قال: قال رسول الله صلى الله عليه وسلم: «أوتر بخمس، فإن لم تستطع فبثلاث، فإن لم تستطع فبواحدة، فإن لم تستطع فتومي إيماء».","","","","Ibadi","","","","","V01P050"
"rabi_0192","192","al-Jami al-Sahih (Musnad al-Rabi ibn Habib)","Ibadi","1","29","192","في فرض الصلاة في الحضر والسفر","في فرض الصلاة في الحضر والسفر","","أبو عبيدة عن جابر بن زيد قال: الوتر والرجم والاختتان سنن واجبات، فأما الوتر فلقول النبيء صلى الله عليه وسلم لأصحابه: «إن الله زادكم صلاة سادسة خير لكم من حمر النعم، وهي الوتر».","","","","Ibadi","","","","","V01P050"
"rabi_0193","193","al-Jami al-Sahih (Musnad al-Rabi ibn Habib)","Ibadi","1","30","193","صلاة الخوف","صلاة الخوف","","أبو عبيدة عن جابر بن زيد قال: حدثني جملة من أصحاب النبيء صلى الله عليه وسلم أنهم صلوا معه صلاة الخوف يوم ذات الرقاع وفي غيرها، فقالت طائفة منهم: صفت طائفة خلف النبيء صلى الله عليه وسلم وطائفة واجهت العدو، فصلى بالذين وقفوا خلفه، ركعة، ثم ثبت قائما، وأتموا الركعة الثانية لأنفسهم، فانصرفوا وواجهوا العدو، وجاءت الطائفة الأخرى فصلى بهم ركعة، ثم ثبت جالسا وأتموا الركعة الثانية لأنفسهم، ثم سلم بهم أجمعين. وقالت طائفة أخرى منهم: صلى بالطائفة الأولى ركعة فانصرفت، فواجهت العدو، وجاءت الطائفة الأخرى فصلى بهم ركعة ثانية فسلم فسلموا جميعا من غير أن يثبت لكل طائفة حتى تتم مثل ما قال أصحاب القول الأول. ابن عباس وابن مسعود وغيرهما من الصحابة.","","","","Ibadi","","","","","V01P051"
"rabi_0194","194","al-Jami al-Sahih (Musnad al-Rabi ibn Habib)","Ibadi","1","31","194","في صلاة الكسوف","في صلاة الكسوف","","أبو عبيدة عن جابر بن زيد عن ابن عباس قال: خسفت الشمس على عهد رسول الله صلى الله عليه وسلم فصلى بنا رسول الله صلى الله عليه وسلم والناس معه فقام قياما طويلا فقرأ نحوا من سورة البقرة، ثم ركع ركوعا طويلا، ثم قام قياما طويلا وهو دون القيام الأول، ثم سجد، ثم قام قياما طويلا وهو دون القيام الأول، ثم ركع ركوعا طويلا وهو دون الركوع الأول، ثم قام قياما طويلا وهو دون القيام الأول، ثم سجد، ثم انصرف وقد انجلت الشمس، ثم قال: «إن الشمس والقمر آيتان من آيات الله عز وجل، لا يخسفان لموت بشر ولا لحياته، فإذا رأيتم ذلك فاذكروا الله».","","","","Ibadi","","","","","V01P051"
"rabi_0195","195","al-Jami al-Sahih (Musnad al-Rabi ibn Habib)","Ibadi","1","31","195","في صلاة الكسوف","في صلاة الكسوف","","أبو عبيدة عن جابر بن زيد عن عائشة أم المؤمنين أنها قالت: خسفت الشمس على عهد رسول الله صلى الله عليه وسلم يوم مات ولده إبراهيم عليه السلام فصلى بالناس فقام وأطال القيام. صلاته في حديث ابن عباس. قال جابر: قالت عائشة: فلما انصرف من الصلاة خطب الناس وحمد الله وأثنى عليه، ثم قال: «إن الشمس والقمر آيتان من آيات الله، لا يخسفان لموت بشر ولا لحياته، فإذا رأيتم ذلك فادعوا الله وكبروه، وتضرعوا وتصدقوا، ثم قال: يا أمة محمد، والله لو تعلمون ما أعلم لضحكتم قليلا ولبكيتم كثيرا». قالت عائشة: وأمرهم أن يتعوذوا من عذاب القبر. قال الربيع: وكان جابر ممن يثبت عذاب القبر.","","","","Ibadi","","","","","V01P052"
"rabi_0196","196","al-Jami al-Sahih (Musnad al-Rabi ibn Habib)","Ibadi","1","32","196","في سبحة الضحى وتبردة الصلاة","في سبحة الضحى وتبردة الصلاة","","أبو عبيدة عن جابر بن زيد عن عائشة أم المؤمنين رضي الله عنها قالت: ما سبح رسول الله صلى الله عليه وسلم سبحة الضحى قط، وإني لأسبحها، وإن كان رسول الله صلى الله عليه وسلم ليدع العمل وهو يحب أن يعمل به خشية أن يعمل به الناس فيفرض عليهم.","","","","Ibadi","","","","","V01P052"
"rabi_0197","197","al-Jami al-Sahih (Musnad al-Rabi ibn Habib)","Ibadi","1","32","197","في سبحة الضحى وتبردة الصلاة","في سبحة الضحى وتبردة الصلاة","","أبو عبيدة عن جابر بن زيد قال: بلغني عن أم هانئ بنت طالب قالت: صلى رسول الله صلى الله عليه وسلم في بيتي صلاة الضحى ثماني ركعات ملتحفا في ثوب واحد.","","","","Ibadi","","","","","V01P052"
"rabi_0198","198","al-Jami al-Sahih (Musnad al-Rabi ibn Habib)","Ibadi","1","32","198","في سبحة الضحى وتبردة الصلاة","في سبحة الضحى وتبردة الصلاة","","أبو عبيدة عن جابر بن زيد عن أبي سعيد الخدري أنه قال: كان رسول الله صلى الله عليه وسلم يصلي قبل الظهر ركعتين وبعدها ركعتين وبعد المغرب ركعتين، وبعد صلاة العشاء ركعتين، وكان لا يصلي بعد الجمعة حتى ينصرف الناس ويصلي ركعتين، لكن له حظ من الليل يصلي فيه ما شاء الله.","","","","Ibadi","","","","","V01P053"
"rabi_0199","199","al-Jami al-Sahih (Musnad al-Rabi ibn Habib)","Ibadi","1","32","199","في سبحة الضحى وتبردة الصلاة","في سبحة الضحى وتبردة الصلاة","","أبو عبيدة عن جابر بن زيد عن عائشة رضي الله عنها قالت: كان رسول الله صلى الله عليه وسلم يصلي بالليل ثلاث عشرة ركعة، ثم يصلي إذا سمع النداء بالصبح ركعتين خفيفتين.","","","","Ibadi","","","","","V01P053"
"rabi_0200","200","al-Jami al-Sahih (Musnad al-Rabi ibn Habib)","Ibadi","1","32","200","في سبحة الضحى وتبردة الصلاة","في سبحة الضحى وتبردة الصلاة","","أبو عبيدة عن جابر بن زيد عن عمر قال: كان رسول الله صلى الله عليه وسلم يصلي على راحلته في السفر حيثما توجهت به راحلته.","","","","Ibadi","","","","","V01P053"
"rabi_0201","201","al-Jami al-Sahih (Musnad al-Rabi ibn Habib)","Ibadi","1","32","201","في سبحة الضحى وتبردة الصلاة","في سبحة الضحى وتبردة الصلاة","","أبو عبيدة عن جابر بن زيد قال: قال رسول الله صلى الله عليه وسلم: «إذا دخل أحدكم المسجد فليركع ركعتين قبل أن يجلس». قال الربيع عن أبي أيوب الأنصاري إنه كان يصلي قبل الظهر أربعا، فقيل له: ما هذه الصلاة؟ فقال: رأيت رسول الله صلى الله عليه وسلم يصليها فسألته فقال: «إنها ساعة تفتح بها أبواب السماء فأحب أن يرفع لي فيها عمل صالح».","","","","Ibadi","","","","","V01P053"
"rabi_0202","202","al-Jami al-Sahih (Musnad al-Rabi ibn Habib)","Ibadi","1","33","202","الإمامة في النوافل","الإمامة في النوافل","","أبو عبيدة عن جابر بن زيد عن أنس بن مالك قال: كانت جدتي مليكة صنعت لرسول الله صلى الله عليه وسلم طعاما فأكل منه، ثم قال: «قوموا أصلي بكم» قال أنس: فقمت إلى حصير لنا قد اسود من طول ما لبس، فنضحته بماء، فتقدم رسول الله صلى الله عليه وسلم، فصففت أنا والشيخ وراءه والعجوز وراءنا، فصلى ركعتين ثم انصرف.","","","","Ibadi","","","","","V01P054"
"rabi_0203","203","al-Jami al-Sahih (Musnad al-Rabi ibn Habib)","Ibadi","1","33","203","الإمامة في النوافل","الإمامة في النوافل","","أبو عبيدة عن جابر بن زيد عن ابن عباس أنه بات عند ميمونة زوج رسول الله صلى الله عليه وسلم وهي خالته. قال ابن عباس: فاضطجعت في عرض الوسادة، واضطجع رسول الله صلى الله عليه وسلم وأهله في طولها، فنام رسول الله حتى انتصف الليل أو قبله بقليل أو بعده بقليل، فاستيقظ وجعل يمسح النوم بيده عن وجهه، ثم قرأ العشر الآيات الخواتم من سورة آل عمران، ثم قام إلى شن معلق، فتوضأ منه فأحسن وضوءه، ثم قام يصلي، قال: فقمت وصنعت مثل ما صنع، ثم ذهبت فقمت إلى جنبه، فوضع رسول الله صلى الله عليه وسلم يده اليمنى على رأسي، وأخذ بأذني يفتلها، ثم صلى اثنتي عشرة ركعة، ثم أوتر، ثم اضطجع حتى جاء المؤذن فقام فصلى ركعتين خفيفتين، ثم خرج فصلى الصبح، ثم قال لي ابن عباس: كذلك فافعل ياجابر وثن في رمضان.","","","","Ibadi","","","","","V01P054"
"rabi_0204","204","al-Jami al-Sahih (Musnad al-Rabi ibn Habib)","Ibadi","1","33","204","الإمامة في النوافل","الإمامة في النوافل","","أبو عبيدة عن جابر بن زيد عن عائشة زوج النبيء صلى الله عليه وسلم قالت: كان رسول الله صلى الله عليه وسلم في المسجد فصلى بصلاته ناس كثير ، ثم صلى الليلة الثانية فكثر الناس ثم تجمعوا في الليلة الثالثة والرابعة فلم يخرج إليهم رسول الله صلى الله عليه وسلم، فلما أصبح قال: «قد رأيت الذي صنعتم فلم يمنعني من الخروج إليكم إلا أني خشيت أن يفرض عليكم». وذلك في رمضان.","","","","Ibadi","","","","","V01P055"
"rabi_0205","205","al-Jami al-Sahih (Musnad al-Rabi ibn Habib)","Ibadi","1","33","205","الإمامة في النوافل","الإمامة في النوافل","","أبو عبيدة عن جابر بن زيد قال: سألت عائشة: كم يصلي رسول الله صلى الله عليه وسلم في رمضان؟ قالت: ما كان رسول الله صلى الله عليه وسلم يزيد في رمضان عن ثلاث عشرة ركعة، ثم قالت: قلت لرسول الله صلى الله عليه وسلم أننام قبل أن نوتر؟ فقال: «يا عائشة إن عيني ينامان ولا ينام قلبي».","","","","Ibadi","","","","","V01P055"
"rabi_0206","206","al-Jami al-Sahih (Musnad al-Rabi ibn Habib)","Ibadi","1","34","206","استقبال الكعبة وبيت المقدس","استقبال الكعبة وبيت المقدس","","أبو عبيدة عن جابر بن زيد عن ابن عباس أن النبيء صلى الله عليه وسلم فرضت عليه صلوات الخمس قبل هجرته بنحو سنتين، وصلى رسول الله صلى الله عليه وسلم إلى بيت المقدس بعد هجرته سبعة عشر شهرا، وكانت الأنصار وأهل المدينة يصلون إلى بيت المقدس نحو سنتين قبل قدوم النبيء صلى الله عليه وسلم إليهم، وكان النبيء صلى الله عليه وسلم صلى إلى الكعبة بمكة ثماني سنين إلى أن عرج به إلى بيت المقدس ثم تحول إلى قبلته.","","","","Ibadi","","","","","V01P055"
"rabi_0207","207","al-Jami al-Sahih (Musnad al-Rabi ibn Habib)","Ibadi","1","34","207","استقبال الكعبة وبيت المقدس","استقبال الكعبة وبيت المقدس","","أبو عبيدة عن جابر بن زيد عن عبد الله بن عمر قال: بينما الناس بقباء في صلاة الفجر إذ جاءهم آت فقال: إن رسول الله صلى الله عليه وسلم قد أنزل عليه الليلة قرآن وأمر أن يستقبل الكعبة، فاستقبلوها وكانت وجوههم إلى الشام، فاستداروا إلى الكعبة وهم يصلون.","","","","Ibadi","","","","","V01P055"
"rabi_0208","208","al-Jami al-Sahih (Musnad al-Rabi ibn Habib)","Ibadi","1","35","208","في الإمامة والخلافة في الصلاة","في الإمامة والخلافة في الصلاة","","أبو عبيدة عن جابر بن زيد عن ابن عباس عن النبيء صلى الله عليه وسلم قال: «الصلاة جائزة خلف كل بار وفاجر، ما لم يدخل فيها ما يفسدها».","","","","Ibadi","","","","","V01P056"
"rabi_0209","209","al-Jami al-Sahih (Musnad al-Rabi ibn Habib)","Ibadi","1","35","209","في الإمامة والخلافة في الصلاة","في الإمامة والخلافة في الصلاة","","أبو عبيدة عن جابر بن زيد عن ابن عباس قال: قال رسول الله صلى الله عليه وسلم: «يؤم القوم أقرأهم لكتاب الله، فإن كانوا في القراءة سواء فأعلمهم بالسنة، فإن كانوا في السنة سواء فأقدمهم هجرة، فإن كانوا في الهجرة سواء فأكبرهم سنا».","","","","Ibadi","","","","","V01P056"
"rabi_0210","210","al-Jami al-Sahih (Musnad al-Rabi ibn Habib)","Ibadi","1","35","210","في الإمامة والخلافة في الصلاة","في الإمامة والخلافة في الصلاة","","أبو عبيدة عن جابر بن زيد عن أبي هريرة قال: قال رسول الله صلى الله عليه وسلم: «إذا صلى أحدكم بالناس فليخفف، فإن فيهم السقيم والضعيف والكبير وذا الحاجة، فإذا صلى لنفسه فليطل ما شاء».","","","","Ibadi","","","","","V01P056"
"rabi_0211","211","al-Jami al-Sahih (Musnad al-Rabi ibn Habib)","Ibadi","1","35","211","في الإمامة والخلافة في الصلاة","في الإمامة والخلافة في الصلاة","","أبو عبيدة عن جابر بن زيد عن عائشة أم المؤمنين رضي الله عنها قالت: قال رسول الله صلى الله عليه وسلم: «مروا أبا بكر يصلي بالناس» قالت: فقلت: يا رسول الله، إن أبا بكر إذا قام في مقامك لم يسمع الناس من البكاء، فأمر عمر فليصل بالناس، قالت: فقال: «مروا أبا بكر ليصلي بالناس»، قالت عائشة: فقلت لحفصة: قولي لرسول الله صلى الله عليه وسلم مثل ما قلت له، ففعلت حفصة، فقال رسول الله صلى الله عليه وسلم: «إنكن لأنتن صواحب يوسف، مروا أبا بكر ليصلي بالناس!» قالت: فقالت حفصة: ما كنت لأصيب منك خيرا.","","","","Ibadi","","","","","V01P056"
"rabi_0212","212","al-Jami al-Sahih (Musnad al-Rabi ibn Habib)","Ibadi","1","35","212","في الإمامة والخلافة في الصلاة","في الإمامة والخلافة في الصلاة","","أبو عبيدة عن جابر بن زيد عن ابن عباس عن النبيء صلى الله عليه وسلم قال: «إنكم ستدركون من بعدي أئمة يؤخرون الصلاة عن وقتها، فإذا أدركتم ذلك، فاجعلوا صلاتكم معهم سبحة». أي نافلة.","","","","Ibadi","","","","","V01P057"
"rabi_0213","213","al-Jami al-Sahih (Musnad al-Rabi ibn Habib)","Ibadi","1","35","213","في الإمامة والخلافة في الصلاة","في الإمامة والخلافة في الصلاة","","أبو عبيدة عن جابر بن زيد عن ابن عباس عن النبيء صلى الله عليه وسلم قال: «كأني بقوم يأتون من بعدي يرفعون أيديهم في الصلاة كأنها أذناب خيل شمس».","","","","Ibadi","","","","","V01P057"
"rabi_0214","214","al-Jami al-Sahih (Musnad al-Rabi ibn Habib)","Ibadi","1","35","214","في الإمامة والخلافة في الصلاة","في الإمامة والخلافة في الصلاة","","الربيع عن عبادة بن الصامت قال: قال رسول الله صلى الله عليه وسلم: «سيكون من بعدي أمراء تشغلهم أشياء عن الصلاة حتى يؤخروها عن وقتها، فصلوها لوقتها» فقال رجل: يا رسول الله: إن أدركتهم أصلي معهم؟ قال: «نعم إن شئت».","","","","Ibadi","","","","","V01P057"
"rabi_0215","215","al-Jami al-Sahih (Musnad al-Rabi ibn Habib)","Ibadi","1","36","215","في صلاة الجماعة والقضاء في الصلاة","في صلاة الجماعة والقضاء في الصلاة","","أبو عبيدة عن جابر بن زيد عن أنس بن مالك قال: قال رسول الله صلى الله عليه وسلم: «الصلاة في الجماعة خير من صلاة الفذ بسبع وعشرين درجة».","","","","Ibadi","","","","","V01P057"
"rabi_0216","216","al-Jami al-Sahih (Musnad al-Rabi ibn Habib)","Ibadi","1","36","216","في صلاة الجماعة والقضاء في الصلاة","في صلاة الجماعة والقضاء في الصلاة","","أبو عبيدة عن جابر بن زيد عن أبي هريرة عن النبيء صلى الله عليه وسلم أنه قال: «صلاة الجماعة تفضل صلاة أحدكم وحده بخمس وعشرين درجة».","","","","Ibadi","","","","","V01P057"
"rabi_0217","217","al-Jami al-Sahih (Musnad al-Rabi ibn Habib)","Ibadi","1","36","217","في صلاة الجماعة والقضاء في الصلاة","في صلاة الجماعة والقضاء في الصلاة","","أبو عبيدة عن جابر بن زيد عن أنس بن مالك قال: سمعت رسول الله صلى الله عليه وسلم يقول: «إذا ثوب للصلاة فلا تأتوها وأنتم تسعون، وأتوها وعليكم السكينة والوقار، فما أدركتم فصلوا، وما فاتكم فاقضوا، فإن أحدكم في صلاة ما كان يعمد إلى الصلاة».","","","","Ibadi","","","","","V01P057"
"rabi_0218","218","al-Jami al-Sahih (Musnad al-Rabi ibn Habib)","Ibadi","1","36","218","في صلاة الجماعة والقضاء في الصلاة","في صلاة الجماعة والقضاء في الصلاة","","أبو عبيدة عن جابر بن زيد عن أبي هريرة قال: قال رسول الله صلى الله عليه وسلم: «من أدرك من الصبح ركعة قبل أن تطلع الشمس فقد أدرك الصبح، ومن أدرك من العصر ركعة قبل أن تغيب الشمس فقد أدرك العصر».","","","","Ibadi","","","","","V01P058"
"rabi_0219","219","al-Jami al-Sahih (Musnad al-Rabi ibn Habib)","Ibadi","1","36","219","في صلاة الجماعة والقضاء في الصلاة","في صلاة الجماعة والقضاء في الصلاة","","أبو عبيدة عن جابر بن زيد قال: بلغني أن رسول الله صلى الله عليه وسلم جلس ذات يوم في مجلسه رجل يسمى محجنا، فأقيمت الصلاة قال: فقام رسول الله صلى الله عليه وسلم فصلى، فلما فرغ من صلاته نظر إلى محجن وهو في مجلسه، فقال له رسول الله صلى الله عليه وسلم: «ما منعك أن تصلي مع الناس، ألست برجل مسلم؟» قال: بلى يا رسول الله، ولكن قد صليت في أهلي، فقال له رسول الله صلى الله عليه وسلم: «إذا جئت والناس يصلون فصل معهم وإن كنت قد صليت في أهلك».","","","","Ibadi","","","","","V01P058"
"rabi_0220","220","al-Jami al-Sahih (Musnad al-Rabi ibn Habib)","Ibadi","1","37","220","في ابتداء الصلاة","في ابتداء الصلاة","","أبو عبيدة عن جابر بن زيد قال: بلغني عن علي بن أبي طالب قال: قال رسول الله صلى الله عليه وسلم: «تحريم الصلاة التكبير، وتحليلها التسليم».","","","","Ibadi","","","","","V01P058"
"rabi_0221","221","al-Jami al-Sahih (Musnad al-Rabi ibn Habib)","Ibadi","1","37","221","في ابتداء الصلاة","في ابتداء الصلاة","","أبو عبيدة عن جابر بن زيد عن أبي هريرة عن النبيء صلى الله عليه وسلم قال: «لولا أن أشق على أمتي لأمرتهم بالسواك عند كل صلاة وعند كل وضوء».","","","","Ibadi","","","","","V01P059"
"rabi_0222","222","al-Jami al-Sahih (Musnad al-Rabi ibn Habib)","Ibadi","1","38","222","في القراءة في الصلاة","في القراءة في الصلاة","","أبو عبيدة عن جابر بن زيد عن أنس بن مالك قال: قال رسول الله صلى الله عليه وسلم: «من صلى صلاة لم يقرأ فيها بأم القرآن فهي خداج».","","","","Ibadi","","","","","V01P059"
"rabi_0223","223","al-Jami al-Sahih (Musnad al-Rabi ibn Habib)","Ibadi","1","38","223","في القراءة في الصلاة","في القراءة في الصلاة","","أبو عبيدة عن جابر بن زيد عن ابن عباس قال: فاتحة الكتاب هي أم القرآن، فقرأها وقرأ فيها {بسم الله الرحمن الرحيم} وقال: إنها آية من كتاب الله.","","","","Ibadi","","","","","V01P059"
"rabi_0224","224","al-Jami al-Sahih (Musnad al-Rabi ibn Habib)","Ibadi","1","38","224","في القراءة في الصلاة","في القراءة في الصلاة","","أبو عبيدة عن جابر بن زيد عن أبي هريرة قال: قال رسول الله صلى الله عليه وسلم يقول الله عز وجل: قسمت الصلاة بيني وبين عبدي نصفين: نصفها لي ونصفها لعبدي ولعبدي ما سأل. وقال رسول الله صلى الله عليه وسلم: «إذا قال العبد: {الحمد لله رب العالمين}، فيقول الله: حمدني عبدي، فإذا قال العبد: {الرحمن الرحيم}، فيقول الله: أثنى علي عبدي، وإذا قال العبد: {ملك يوم الدين}، فيقول الله: مجدني عبدي، فيقول العبد: {إياك نعبد وإياك نستعين}، فيقول الله: هذه بيني وبين عبدي، ولعبدي ما سأل، فيقول العبد: {اهدنا الصراط المستقيم صراط الذين أنعمت عليهم غير المغضوب عليهم ولا الضآلين}، فيقول الله: هؤلاء لعبدي ولعبدي ما سأل».","","","","Ibadi","","","","","V01P059"
"rabi_0225","225","al-Jami al-Sahih (Musnad al-Rabi ibn Habib)","Ibadi","1","38","225","في القراءة في الصلاة","في القراءة في الصلاة","","أبو عبيدة عن جابر بن زيد عن أبي هريرة قال: انصرف رسول الله صلى الله عليه وسلم من صلاة جهر فيها بالقراءة فقال: «هل قرأ معي أحد منكم آنفا؟» قالوا: بلى يا رسول الله. فقال رسول الله صلى الله عليه وسلم: «مالي أنازع في القرآن؟!». فانتهى الناس عن القراءة خلف رسول الله صلى الله عليه وسلم فيما جهر به من الصلاة. __________ * خ: هذه.","","","","Ibadi","","","","","V01P060"
"rabi_0226","226","al-Jami al-Sahih (Musnad al-Rabi ibn Habib)","Ibadi","1","38","226","في القراءة في الصلاة","في القراءة في الصلاة","","قال الربيع عن عبادة بن الصامت قال: صلى بنا رسول الله صلى الله عليه وسلم صلاة الغداة، فثقلت عليه القراءة، فلما انصرف قال: «لعلكم تقرؤون خلف إمامكم»، قال: قلنا: أجل، قال: «لا تفعلوا إلا بأم القرآن، فإنه لا صلاة إلا بها».","","","","Ibadi","","","","","V01P060"
"rabi_0227","227","al-Jami al-Sahih (Musnad al-Rabi ibn Habib)","Ibadi","1","38","227","في القراءة في الصلاة","في القراءة في الصلاة","","أبو عبيدة عن جابر بن زيد عن ابن عباس قال: خرج رسول الله صلى الله عليه وسلم ذات يوم فوجد الناس يصلون وقد علت أصواتهم بالقراءة، فقال: «إن المصلي يناجي ربه، فلينظر ما يناجيه به، ولا يجهر بعضكم على بعض بالقراءة فيشغلهم عن صلاتهم».","","","","Ibadi","","","","","V01P060"
"rabi_0228","228","al-Jami al-Sahih (Musnad al-Rabi ibn Habib)","Ibadi","1","38","228","في القراءة في الصلاة","في القراءة في الصلاة","","أبو عبيدة عن جابر بن زيد عن البراء بن عازب قال: صليت مع رسول الله صلى الله عليه وسلم العتمة فقرأ فيها: {والتين والزيتون}.","","","","Ibadi","","","","","V01P060"
"rabi_0229","229","al-Jami al-Sahih (Musnad al-Rabi ibn Habib)","Ibadi","1","38","229","في القراءة في الصلاة","في القراءة في الصلاة","","أبو عبيدة عن جابر بن زيد عن ابن عباس قال: سمعتني أم الفضل بنت الحارث، وهي والدة عبد الله بن العباس أقرأ والمرسلات، فقالت: يا بني، لقد ذكرتني بقراءتك هذه السورة إنها لآخر ما سمعت من رسول الله صلى الله عليه وسلم يقرأ بها في المغرب.","","","","Ibadi","","","","","V01P061"
"rabi_0230","230","al-Jami al-Sahih (Musnad al-Rabi ibn Habib)","Ibadi","1","39","230","في الركوع والسجود وما يفعل فيهما","في الركوع والسجود وما يفعل فيهما","","أبو عبيدة عن جابر بن زيد عن ابن عباس عن النبيء صلى الله عليه وسلم قال: لما نزل: {فسبح باسم ربك العظيم}، قال: «اجعلوها في ركوعكم»، فلما نزل: {سبح اسم ربك الاعلى}، قال: «اجعلوها في سجودكم».","","","","Ibadi","","","","","V01P061"
"rabi_0231","231","al-Jami al-Sahih (Musnad al-Rabi ibn Habib)","Ibadi","1","39","231","في الركوع والسجود وما يفعل فيهما","في الركوع والسجود وما يفعل فيهما","","أبو عبيدة عن جابر بن زيد قال: بلغني عن علي بن أبي طالب قال: نهاني رسول الله صلى الله عليه وسلم عن لبس القسي، وعن لبس المعصفر، وعن لبس خاتم الذهب، وعن قراءة القرآن في الركوع والسجود.","","","","Ibadi","","","","","V01P061"
"rabi_0232","232","al-Jami al-Sahih (Musnad al-Rabi ibn Habib)","Ibadi","1","39","232","في الركوع والسجود وما يفعل فيهما","في الركوع والسجود وما يفعل فيهما","","أبو عبيدة عن جابر بن زيد عن أبي هريرة عن النبيء صلى الله عليه وسلم قال: «إذا قال الإمام: سمع الله لمن حمده، قال من خلفه: ربنا ولك الحمد ، فإنه من وافق قوله قول الملائكة غفر الله له ما تقدم من ذنبه». قال أبو هريرة: هكذا سمعت رسول الله صلى الله عليه وسلم يقول في هذا.","","","","Ibadi","","","","","V01P061"
"rabi_0233","233","al-Jami al-Sahih (Musnad al-Rabi ibn Habib)","Ibadi","1","39","233","في الركوع والسجود وما يفعل فيهما","في الركوع والسجود وما يفعل فيهما","","أبو عبيدة عن جابر بن زيد قال: سمعت أن رسول الله صلى الله عليه وسلم صلى ذات يوم بأصحابه، فلما فرغ من صلاته قال لأصحابه: «من المتكلم آنفا وهو يقول ربنا ولك الحمد حمدا كثيرا طيبا مباركا فيه»؟، قال رجل منهم: أنا يا رسول الله، قال: «لقد رأيت بضعا وثلاثين ملكا يبتدرونها أيهم يكتبها أولا».","","","","Ibadi","","","","","V01P061"
"rabi_0234","234","al-Jami al-Sahih (Musnad al-Rabi ibn Habib)","Ibadi","1","39","234","في الركوع والسجود وما يفعل فيهما","في الركوع والسجود وما يفعل فيهما","","أبو عبيدة قال: بلغني عن أبي سعيد الخدري قال: رأيت كأني تحت شجرة أقرأ: {ص والقرآن}، فلما بلغت السجدة، سجدت الشجرة، ثم قالت: رب أعطني بها أجرا، وضع عني بها وزرا، وارزقني بها شكرا، وتقبلها مني كما تقبلت من عبدك داود سجدته. قال أبو سعيد: فأخبرت بذلك رسول الله صلى الله عليه وسلم فقال: «نحن أحق بالسجود من الشجرة»، ثم قرأ رسول الله صلى الله عليه وسلم {ص .. } وسجد وقال هذا القول.","","","","Ibadi","","","","","V01P062"
"rabi_0235","235","al-Jami al-Sahih (Musnad al-Rabi ibn Habib)","Ibadi","1","40","235","في القعود في الصلاة والتحيات (¬2)","في القعود في الصلاة والتحيات (¬2)","","أبو عبيدة عن جابر بن زيد قال: قال رسول الله صلى الله عليه وسلم: «صلاة أحدكم قاعدا نصف صلاته قائما».","","","","Ibadi","","","","","V01P062"
"rabi_0236","236","al-Jami al-Sahih (Musnad al-Rabi ibn Habib)","Ibadi","1","40","236","في القعود في الصلاة والتحيات (¬2)","في القعود في الصلاة والتحيات (¬2)","","أبو عبيدة عن جابر بن زيد عن عائشة زوج النبيء صلى الله عليه وسلم قالت: ما رأيت رسول الله صلى الله عليه وسلم يصلي جالسا صلاة الليل قط.","","","","Ibadi","","","","","V01P062"
"rabi_0237","237","al-Jami al-Sahih (Musnad al-Rabi ibn Habib)","Ibadi","1","40","237","في القعود في الصلاة والتحيات (¬2)","في القعود في الصلاة والتحيات (¬2)","","أبو عبيدة عن جابر بن زيد قال: بلغني عن حفصة زوج النبيء صلى الله عليه وسلم قالت: ما رأيت النبيء يصلي قاعدا في سبحته قط حتى إذا كان قبل وفاته بعام فرأيته يصلي قاعدا ويقرأ بالسورة ويرتلها حتى تكون أطول من أطول منها.","","","","Ibadi","","","","","V01P062"
"rabi_0238","238","al-Jami al-Sahih (Musnad al-Rabi ibn Habib)","Ibadi","1","40","238","في القعود في الصلاة والتحيات (¬2)","في القعود في الصلاة والتحيات (¬2)","","أبو عبيدة عن جابر بن زيد عن ابن عباس عن النبيء صلى الله عليه وسلم أنه نهى المصلي أن يقعي في صلاته إقعاء الكلب، وأن ينقر فيها نقر الديك، أو يلتفت فيها التفات الثعلب، أو يقعد فيها قعود القرد. يقعد على عقبيه وينصب قدميه، ومن فعل شيئا من هذه الوجوه الأربعة فعليه إعادة الصلاة.","","","","Ibadi","","","","","V01P063"
"rabi_0239","239","al-Jami al-Sahih (Musnad al-Rabi ibn Habib)","Ibadi","1","40","239","في القعود في الصلاة والتحيات (¬2)","في القعود في الصلاة والتحيات (¬2)","","أبو عبيدة عن جابر بن زيد عن ابن عباس قال: التحيات كلمات كان يعلمهن النبيء صلى الله عليه وسلم أصحابه. ومعنى التحيات: الملك لله.","","","","Ibadi","","","","","V01P063"
"rabi_0240","240","al-Jami al-Sahih (Musnad al-Rabi ibn Habib)","Ibadi","1","40","240","في القعود في الصلاة والتحيات (¬2)","في القعود في الصلاة والتحيات (¬2)","","أبو عبيدة عن جابر بن زيد عن أنس بن مالك أن النبيء صلى الله عليه وسلم ركب فرسا فصرع عنه، فجحش شقه الأيمن، فصلى وهو جالس، فصلينا وراءه قعودا، فلما انصرف قال: «إنما جعل الإمام إماما ليؤتم به، فإذا صلى قائما فصلوا قياما، وإذا صلى قاعدا فصلوا قعودا، وإذا قال: سمع الله لمن حمده فقولوا: ربنا ولك الحمد». قال جابر: وإنما يجوز مثل هذا خلف أئمة العدل وأما غيرهم فلا.","","","","Ibadi","","","","","V01P063"
"rabi_0241","241","al-Jami al-Sahih (Musnad al-Rabi ibn Habib)","Ibadi","1","41","241","الجواز بين يدي المصلي","الجواز بين يدي المصلي","","أبو عبيدة عن جابر بن زيد عن ابن عباس عن النبيء صلى الله عليه وسلم قال: «لو يعلم المار بين يدي المصلي ماذا عليه لوقف إلى الحشر».","","","","Ibadi","","","","","V01P063"
"rabi_0242","242","al-Jami al-Sahih (Musnad al-Rabi ibn Habib)","Ibadi","1","41","242","الجواز بين يدي المصلي","الجواز بين يدي المصلي","","أبو عبيدة عن جابر بن زيد قال: قال رسول الله صلى الله عليه وسلم: «لو يعلم المار بين يدي المصلي ماذا عليه لوقف أربعين، خيرا له من أن يمر بين يديه». قال جابر: قال بعض الناس: يعني أربعين خريفا. وقال آخرون: أربعين شهرا. وقال آخرون: أربعين يوما.","","","","Ibadi","","","","","V01P063"
"rabi_0243","243","al-Jami al-Sahih (Musnad al-Rabi ibn Habib)","Ibadi","1","41","243","الجواز بين يدي المصلي","الجواز بين يدي المصلي","","أبو عبيدة عن جابر بن زيد عن أبي سعيد الخدري قال: قال رسول الله صلى الله عليه وسلم: يدع أحدا يمر بين يديه، وليدرأ ما استطاع، فإن أبى فليقاتله فإنما هو شيطان».","","","","Ibadi","","","","","V01P064"
"rabi_0244","244","al-Jami al-Sahih (Musnad al-Rabi ibn Habib)","Ibadi","1","41","244","الجواز بين يدي المصلي","الجواز بين يدي المصلي","","أبو عبيدة عن جابر بن زيد عن عائشة أنها قالت: كنت أنام بين يدي رسول الله صلى الله عليه وسلم ورجلاي في قبلته، فإذا سجد غمزني، وإذا قام بسطتهما، والبيوت يومئذ ليس فيها مصابيح. قال جابر: وقد ورد النهي في رواية أخرى: «لا يستقبل الرجل في صلاته حيوانا».","","","","Ibadi","","","","","V01P064"
"rabi_0245","245","al-Jami al-Sahih (Musnad al-Rabi ibn Habib)","Ibadi","1","41","245","الجواز بين يدي المصلي","الجواز بين يدي المصلي","","أبو عبيدة عن جابر بن زيد عن ابن عباس قال: أقبلت ذات يوم وأنا راكب على حمار، وأنا يومئذ قد ناهزت الاحتلام، أي قاربت أوله، ورسول الله صلى الله عليه وسلم يصلي بالناس يومئذ بمنا ، فمررت بين يدي بعض الصف، فنزلت فأرسلت الحمار يرتع، فدخلت في الصف فلم ينكر علي أحد.","","","","Ibadi","","","","","V01P064"
"rabi_0246","246","al-Jami al-Sahih (Musnad al-Rabi ibn Habib)","Ibadi","1","42","246","في السهو في الصلاة","في السهو في الصلاة","","أبو عبيدة عن جابر بن زيد قال: بلغني عن رسول الله صلى الله عليه وسلم قال: «إن أحدكم إذا قام يصلي جاءه الشيطان فلبس عليه صلاته حتى لا يدري كم صلى، فإذا وجد أحدكم ذلك فليسجد سجدتين وهو جالس». وحده فليعد صلاته.","","","","Ibadi","","","","","V01P065"
"rabi_0247","247","al-Jami al-Sahih (Musnad al-Rabi ibn Habib)","Ibadi","1","42","247","في السهو في الصلاة","في السهو في الصلاة","","أبو عبيدة عن جابر بن زيد عن أبي هريرة قال: قال رسول الله صلى الله عليه وسلم: «إذا نودي للصلاة أدبر الشيطان له صوت، حتى لا يسمع التأذين، فإذا مضى النداء أقبل، حتى إذا ثوب أدبر، حتى إذا مضى أقبل، حتى يخطر بين المرء ونفسه فيقول له: اذكر كذا اذكر كذا، حتى يصلي الرجل ولا يدري كم صلى».","","","","Ibadi","","","","","V01P065"
"rabi_0248","248","al-Jami al-Sahih (Musnad al-Rabi ibn Habib)","Ibadi","1","42","248","في السهو في الصلاة","في السهو في الصلاة","","أبو عبيدة عن جابر بن زيد قال: إن رسول الله صلى الله عليه وسلم سلم من اثنتين، فقيل له: يا رسول الله أقصرت الصلاة؟ فقام فأتم ما بقي من الصلاة، وسجد سجدتين بعد السلام.","","","","Ibadi","","","","","V01P065"
"rabi_0249","249","al-Jami al-Sahih (Musnad al-Rabi ibn Habib)","Ibadi","1","42","249","في السهو في الصلاة","في السهو في الصلاة","","أبو عبيدة عن جابر بن زيد عن ابن عباس عن النبيء صلى الله عليه وسلم قال: «إذا أقيمت الصلاة وحضر العشاء فابدؤوا بالعشاء لئلا تدعو أحدكم نفسه إلى الطعام فيشتغل عن الصلاة، فينقص منها» .","","","","Ibadi","","","","","V01P065"
"rabi_0250","250","al-Jami al-Sahih (Musnad al-Rabi ibn Habib)","Ibadi","1","42","250","في السهو في الصلاة","في السهو في الصلاة","","أبو عبيدة عن جابر بن زيد عن عائشة أنها قالت: قال رسول الله صلى الله عليه وسلم: «إذا نعس أحدكم في الصلاة فليرقد، حتى يذهب عنه النوم، فإن أحدكم إذا صلى وهو ناعس لعله يذهب يستغفر الله فيسب نفسه».","","","","Ibadi","","","","","V01P066"
"rabi_0251","251","al-Jami al-Sahih (Musnad al-Rabi ibn Habib)","Ibadi","1","43","251","القرآن في الصلاة","القرآن في الصلاة","","أبو عبيدة عن جابر بن زيد عن ابن عباس أن النبيء صلى الله عليه وسلم صلى الظهر والعصر جميعا والمغرب والعشاء الآخرة جميعا في غير خوف ولا سفر ولا سحاب ولا مطر.","","","","Ibadi","","","","","V01P066"
"rabi_0252","252","al-Jami al-Sahih (Musnad al-Rabi ibn Habib)","Ibadi","1","43","252","القرآن في الصلاة","القرآن في الصلاة","","أبو عبيدة عن جابر بن زيد قال: بلغني عن معاذ بن جبل قال: خرجنا مع رسول الله صلى الله عليه وسلم عام تبوك، وكان رسول الله صلى الله عليه وسلم يجمع بين الظهر والعصر والمغرب والعشاء. قال معاذ: فأخر الصلاة يوما ثم خرج فصلى الظهر والعصر جميعا، ثم دخل فخرج فصلى المغرب والعشاء جميعا.","","","","Ibadi","","","","","V01P066"
"rabi_0253","253","al-Jami al-Sahih (Musnad al-Rabi ibn Habib)","Ibadi","1","43","253","القرآن في الصلاة","القرآن في الصلاة","","أبو عبيدة عن جابر بن زيد قال: بلغني عن أبي أيوب الأنصاري صاحب رسول الله صلى الله عليه وسلم قال: صليت مع رسول الله صلى الله عليه وسلم في حجة الوداع المغرب والعشاء بالمزدلفة جميعا.","","","","Ibadi","","","","","V01P066"
"rabi_0254","254","al-Jami al-Sahih (Musnad al-Rabi ibn Habib)","Ibadi","1","44","254","في المساجد وفضل مسجد رسول الله صلى الله عليه وسلم","في المساجد وفضل مسجد رسول الله صلى الله عليه وسلم","","أبو عبيدة عن جابر بن زيد عن ابن عباس أن النبيء صلى الله عليه وسلم قال: «صلاة أحدكم في مسجدي هذا - يعني مسجد المدينة - خير من الصلاة فيما سواه من المساجد بألف صلاة إلا المسجد الحرام».","","","","Ibadi","","","","","V01P066"
"rabi_0255","255","al-Jami al-Sahih (Musnad al-Rabi ibn Habib)","Ibadi","1","44","255","في المساجد وفضل مسجد رسول الله صلى الله عليه وسلم","في المساجد وفضل مسجد رسول الله صلى الله عليه وسلم","","أبو عبيدة عن جابر بن زيد عن ابن عباس قال: سئل رسول الله صلى الله عليه وسلم عن التيمم فقال: «جعلت لي الأرض مسجدا وترابها طهورا ... » الحديث، وقد تقدم في باب التيمم.","","","","Ibadi","","","","","V01P067"
"rabi_0256","256","al-Jami al-Sahih (Musnad al-Rabi ibn Habib)","Ibadi","1","44","256","في المساجد وفضل مسجد رسول الله صلى الله عليه وسلم","في المساجد وفضل مسجد رسول الله صلى الله عليه وسلم","","أبو عبيدة عن جابر بن زيد عن ابن عباس عن النبيء صلى الله عليه وسلم قال: «لا صلاة لجار المسجد إلا في المسجد». وصلاته في بيته، ومن صلى في بيته فقد جازت صلاته باتفاق الأمة.","","","","Ibadi","","","","","V01P067"
"rabi_0257","257","al-Jami al-Sahih (Musnad al-Rabi ibn Habib)","Ibadi","1","44","257","في المساجد وفضل مسجد رسول الله صلى الله عليه وسلم","في المساجد وفضل مسجد رسول الله صلى الله عليه وسلم","","أبو عبيدة عن جابر بن زيد عن أنس بن مالك قال: قال رسول الله صلى الله عليه وسلم: «سبعة يظلهم الله في ظله يوم لا ظل إلا ظله ... » الحديث قد تقدم في باب الولاية.","","","","Ibadi","","","","","V01P067"
"rabi_0258","258","al-Jami al-Sahih (Musnad al-Rabi ibn Habib)","Ibadi","1","44","258","في المساجد وفضل مسجد رسول الله صلى الله عليه وسلم","في المساجد وفضل مسجد رسول الله صلى الله عليه وسلم","","أبو عبيدة عن جابر بن زيد قال: قال رسول الله صلى الله عليه وسلم: «إذا دخل أحدكم المسجد فليركع ركعتين قبل أن يجلس».","","","","Ibadi","","","","","V01P067"
"rabi_0259","259","al-Jami al-Sahih (Musnad al-Rabi ibn Habib)","Ibadi","1","44","259","في المساجد وفضل مسجد رسول الله صلى الله عليه وسلم","في المساجد وفضل مسجد رسول الله صلى الله عليه وسلم","","أبو عبيدة عن جابر بن زيد عن عائشة قالت: لو أدرك رسول الله صلى الله عليه وسلم ما أحدث النساء لمنعهن المسجد كما منعت نساء بني إسرائيل. ويشغلن به الناس عن الصلاة.","","","","Ibadi","","","","","V01P067"
"rabi_0260","260","al-Jami al-Sahih (Musnad al-Rabi ibn Habib)","Ibadi","1","44","260","في المساجد وفضل مسجد رسول الله صلى الله عليه وسلم","في المساجد وفضل مسجد رسول الله صلى الله عليه وسلم","","أبو عبيدة عن جابر بن زيد عن ابن عباس عن النبيء صلى الله عليه وسلم قال: «طهرت المساجد من ثلاث: من أن ينشد فيها بالضوال ، أو يتخذ فيها طريق، أو يكون فيها سوق». قال ابن عباس: ولا بأس بإنشاد الضالة في أبواب المساجد.","","","","Ibadi","","","","","V01P067"
"rabi_0261","261","al-Jami al-Sahih (Musnad al-Rabi ibn Habib)","Ibadi","1","44","261","في المساجد وفضل مسجد رسول الله صلى الله عليه وسلم","في المساجد وفضل مسجد رسول الله صلى الله عليه وسلم","","أبو عبيدة عن جابر بن زيد عن أبي سعيد الخدري أن رسول الله رأى بصاقا في جدار القبلة، فحكه، ثم أقبل على الناس فقال: «إذا كان أحدكم يصلي فلا يبزق قبل وجهه إذا صلى».","","","","Ibadi","","","","","V01P068"
"rabi_0262","262","al-Jami al-Sahih (Musnad al-Rabi ibn Habib)","Ibadi","1","44","262","في المساجد وفضل مسجد رسول الله صلى الله عليه وسلم","في المساجد وفضل مسجد رسول الله صلى الله عليه وسلم","","أبو عبيدة عن جابر بن زيد عن عائشة رضي الله عنها أنها قالت: رأى رسول الله صلى الله عليه وسلم بزاقا في جدار القبلة ... الحديث.","","","","Ibadi","","","","","V01P068"
"rabi_0263","263","al-Jami al-Sahih (Musnad al-Rabi ibn Habib)","Ibadi","1","44","263","في المساجد وفضل مسجد رسول الله صلى الله عليه وسلم","في المساجد وفضل مسجد رسول الله صلى الله عليه وسلم","","أبو عبيدة عن جابر بن زيد قال: كانوا يقولون: إن أعرابيا بال في المسجد فأمر رسول الله صلى الله عليه وسلم أن يصب عليه ذنوب من الماء .","","","","Ibadi","","","","","V01P068"
"rabi_0264","264","al-Jami al-Sahih (Musnad al-Rabi ibn Habib)","Ibadi","1","44","264","في المساجد وفضل مسجد رسول الله صلى الله عليه وسلم","في المساجد وفضل مسجد رسول الله صلى الله عليه وسلم","","أبو عبيدة عن جعفر بن السماك عن عباد بن تميم عن عمه أنه رأى رسول الله صلى الله عليه وسلم مستلقيا في المسجد واضعا إحدى رجليه على الأخرى.","","","","Ibadi","","","","","V01P068"
"rabi_0265","265","al-Jami al-Sahih (Musnad al-Rabi ibn Habib)","Ibadi","1","45","265","في الثياب والصلاة فيها وما يستحب من ذلك","في الثياب والصلاة فيها وما يستحب من ذلك","","أبو عبيدة عن جابر بن زيد عن عائشة رضي الله عنها قالت: كان رسول الله صلى الله عليه وسلم إذا اعتكف يدني إلي رأسه فأرجله، وكان لا يدخل البيت إلا لحاجة الإنسان.","","","","Ibadi","","","","","V01P068"
"rabi_0266","266","al-Jami al-Sahih (Musnad al-Rabi ibn Habib)","Ibadi","1","45","266","في الثياب والصلاة فيها وما يستحب من ذلك","في الثياب والصلاة فيها وما يستحب من ذلك","","أبو عبيدة عن جابر بن زيد عن أبي هريرة قال: سئل رسول الله صلى الله عليه وسلم عن الصلاة في ثوب واحد، فقال رسول الله صلى الله عليه وسلم: «أوكلكم يجد ثوبين».","","","","Ibadi","","","","","V01P068"
"rabi_0267","267","al-Jami al-Sahih (Musnad al-Rabi ibn Habib)","Ibadi","1","45","267","في الثياب والصلاة فيها وما يستحب من ذلك","في الثياب والصلاة فيها وما يستحب من ذلك","","أبو عبيدة عن جابر بن زيد قال: كان رسول الله صلى الله عليه وسلم يصلي في ثوب واحد في بيت أم سلمة واضعا طرفيه على عاتقه فيما بلغني، والله أعلم.","","","","Ibadi","","","","","V01P069"
"rabi_0268","268","al-Jami al-Sahih (Musnad al-Rabi ibn Habib)","Ibadi","1","45","268","في الثياب والصلاة فيها وما يستحب من ذلك","في الثياب والصلاة فيها وما يستحب من ذلك","","قال الربيع: عن عبادة بن الصامت قال: خرج علينا رسول الله صلى الله عليه وسلم ذات يوم وعليه جبة من صوف شامية ضيقة الكمين، فصلى بها وليس عليه غيرها.","","","","Ibadi","","","","","V01P069"
"rabi_0269","269","al-Jami al-Sahih (Musnad al-Rabi ibn Habib)","Ibadi","1","45","269","في الثياب والصلاة فيها وما يستحب من ذلك","في الثياب والصلاة فيها وما يستحب من ذلك","","أبو عبيدة عن جابر بن زيد عن عائشة أم المؤمنين رضي الله عنها قالت: أهدى أبو جهم بن حذيفة إلى رسول الله صلى الله عليه وسلم خميصة شامية، فشهد فيها الصلاة، فلما انصرف قال: «ردي هذه الخميصة لأبي جهيم فإني نظرت إلى علمها في الصلاة فكاد أن يفتنني».","","","","Ibadi","","","","","V01P070"
"rabi_0270","270","al-Jami al-Sahih (Musnad al-Rabi ibn Habib)","Ibadi","1","45","270","في الثياب والصلاة فيها وما يستحب من ذلك","في الثياب والصلاة فيها وما يستحب من ذلك","","أبو عبيدة عن جابر بن زيد عن ابن عباس عن جابر بن عبد الله قال: نهى رسول صلى الله عليه وسلم أن يأكل الرجل بشماله، أو يمشي في نعل واحدة، أو يشتمل الصماء، أو يحتبي في ثوب واحد. عورته، ومعنى الاحتباء: أن يرمي بطرفي إزاره على عاتقه الأيمن والآخر على عاتقه الأيسر فتبقى عورته مكشوفة إلى السماء.","","","","Ibadi","","","","","V01P070"
"rabi_0271","271","al-Jami al-Sahih (Musnad al-Rabi ibn Habib)","Ibadi","1","45","271","في الثياب والصلاة فيها وما يستحب من ذلك","في الثياب والصلاة فيها وما يستحب من ذلك","","أبو عبيدة عن جابر بن زيد عن أبي سعيد الخدري أن عمر بن الخطاب رضي الله عنه رأى حلة سيراء عند باب المسجد، فقال لرسول الله صلى الله عليه وسلم لو اشتريت هذه فلبستها يوم الجمعة والوفود إذا قدموا عليك، فقال رسول الله صلى الله عليه وسلم: «إنما يلبس هذه من لا خلاق له في الآخرة». ثم بعد ذلك جاء لرسول الله صلى الله عليه وسلم منها حلل فأعطى عمر بن الخطاب رضي الله عنه منها حلة سيراء، فقال له عمر: ألبستنيها وقد قلت فيها ما قلت؟! فقال رسول الله صلى الله عليه وسلم: «أعطيتكها لتلبسها» فكساها عمر بن الخطاب أخا له بمكة مشركا.","","","","Ibadi","","","","","V01P070"
"rabi_0272","272","al-Jami al-Sahih (Musnad al-Rabi ibn Habib)","Ibadi","1","45","272","في الثياب والصلاة فيها وما يستحب من ذلك","في الثياب والصلاة فيها وما يستحب من ذلك","","أبو عبيدة عن جابر بن زيد عن أبي سعيد الخدري قال: سمعت رسول الله صلى الله عليه وسلم يقول: «إزرة المؤمن إلى أنصاف ساقيه، ولا جناح عليه فيما بينه وبين الكعبين، وما أسفل من ذلك ففي النار» قال ذلك ثلاث مرات «ولا ينظر الله إلى من يجر إزاره بطرا».","","","","Ibadi","","","","","V01P070"
"rabi_0273","273","al-Jami al-Sahih (Musnad al-Rabi ibn Habib)","Ibadi","1","45","273","في الثياب والصلاة فيها وما يستحب من ذلك","في الثياب والصلاة فيها وما يستحب من ذلك","","أبو عبيدة عن جابر بن زيد عن أبي سعيد الخدري أن رسول الله صلى الله عليه وسلم لما ذكر الإزار قالت أم سلمة: والمرأة يا رسول الله؟ قال: «ترخي شبرا»، قالت: إذن ينكشف عنها، قال رسول الله صلى الله عليه وسلم: «فذراعا لا تزيد عليه».","","","","Ibadi","","","","","V01P070"
"rabi_0274","274","al-Jami al-Sahih (Musnad al-Rabi ibn Habib)","Ibadi","1","45","274","في الثياب والصلاة فيها وما يستحب من ذلك","في الثياب والصلاة فيها وما يستحب من ذلك","","أبو عبيدة عن جابر بن زيد عن أبي سعيد الخدري قال: اشترت عائشة رضي الله عنها نمرقة فيها تصاوير، فلما رآها رسول الله صلى الله عليه وسلم وقف بالباب ولم يدخل، فلما رأت في وجهه الكراهية قالت: يا رسول الله صلى الله عليك وسلم، أتوب إلى الله ورسوله مما أذنبت، فقال رسول الله صلى الله عليه وسلم: «ما بال هذه النمرقة؟» فقالت: اشتريتها لك لتقعد عليها وتتوسدها، فقال رسول الله صلى الله عليه وسلم: «إن أصحاب هذه الصور يوم القيامة يعذبون بها في النار، ويقال لهم: أحيوا ما خلقتم»، ثم قال: «إن البيت الذي فيه تصاوير لا تدخله الملائكة عليهم السلام».","","","","Ibadi","","","","","V01P071"
"rabi_0275","275","al-Jami al-Sahih (Musnad al-Rabi ibn Habib)","Ibadi","1","45","275","في الثياب والصلاة فيها وما يستحب من ذلك","في الثياب والصلاة فيها وما يستحب من ذلك","","أبو عبيدة عن جابر بن زيد عن أنس بن مالك قال: قال رسول الله صلى الله عليه وسلم: «لا ينظر الله يوم القيامة إلى رجل يجر ثوبه خيلاء».","","","","Ibadi","","","","","V01P071"
"rabi_0276","276","al-Jami al-Sahih (Musnad al-Rabi ibn Habib)","Ibadi","1","45","276","في الثياب والصلاة فيها وما يستحب من ذلك","في الثياب والصلاة فيها وما يستحب من ذلك","","أبو عبيدة عن جابر بن زيد قال: بلغني أنه اشتكى أبو طلحة الأنصاري، فدخل عليه أناس يعودونه، فأمر رجلا أن ينزع قميصا تحته، فقيل له: لم نزعته يا أبا طلحة؟ فقال: لأن فيه تصاوير، وقد قال رسول الله صلى الله عليه وسلم ما قد علمتم، فقال رجل منهم: ألم يقل: «إلا ما كان رقما في ثوب؟». فقال: بلى، ولكنه أطيب لنفسي وأحوط من الإثم.","","","","Ibadi","","","","","V01P071"
"rabi_0277","277","al-Jami al-Sahih (Musnad al-Rabi ibn Habib)","Ibadi","1","45","277","في الثياب والصلاة فيها وما يستحب من ذلك","في الثياب والصلاة فيها وما يستحب من ذلك","","أبو عبيدة عن جابر بن عبد الله قال: خرجنا مع رسول الله صلى الله عليه وسلم في غزوة ذى أنمار فقال جابر بن عبد الله: فبينما أنا نازل تحت شجرة إذا برسول الله صلى الله عليه وسلم أقبل إلينا قال: قلت هلم يا رسول الله إلى الظل، فمال فنزل، قال جابر بن عبد الله: فقمت إلى غرارة لنا فالتمستها، فوجدت فيها جرو قثاء، فكسرته وقربته إلى رسول الله صلى الله عليه وسلم، فقال: «ومن أين لكم هذا؟» فقلت: خرجنا به من المدينة، قال جابر: وعندنا صاحب لنا نجهزه ليذهب فيرعى ظهرنا، قال: فجهزته، فذهب إلى الظهر وعليه بردان خلقان، فنظر إليه رسول الله صلى الله عليه وسلم فقال: «ألا له ثوبان غير هذين؟» قال: قلت: يا رسول الله، له ثوبان في العيبة كسوته إياهما، قال: فادعه فمره يلبسهما، قال: فدعوته فلبسهما، ثم ولى وذهب. فقال رسول الله صلى الله عليه وسلم: «ما له ضرب الله عنقه، أليس هذا خيرا له؟!»، فسمعه الرجل فقال: يا رسول الله، في سبيل الله؟ فقال: «نعم في سبيل الله». قال جابر: فقتل الرجل في سبيل الله. وسلم للمسلمين في التزين باللباس الحسن.","","","","Ibadi","","","","","V01P072"
"rabi_0278","278","al-Jami al-Sahih (Musnad al-Rabi ibn Habib)","Ibadi","1","46","278","في صلاة الجمعة وفضل يومها","في صلاة الجمعة وفضل يومها","","أبو عبيدة قال: قال رسول الله صلى الله عليه وسلم: «نحن الآخرون الأولون السابقون يوم القيامة، بيد أنهم أوتوا الكتاب من قبلنا وأوتيناه من بعدهم، هذا يومهم الذي اختلفوا فيه فهدانا الله إليه والناس فيه لنا تبع: اليهود غدا والنصارى بعد غد».","","","","Ibadi","","","","","V01P073"
"rabi_0279","279","al-Jami al-Sahih (Musnad al-Rabi ibn Habib)","Ibadi","1","46","279","في صلاة الجمعة وفضل يومها","في صلاة الجمعة وفضل يومها","","أبو عبيدة عن جابر بن زيد عن أبي هريرة قال: خرجت إلى الطور، فلقيت كعب الأحبار، فجلست معه فحدثني عن التوراة وحدثته عن رسول الله صلى الله عليه وسلم، وكان فيما حدثته أن قلت له عن رسول الله صلى الله عليه وسلم: «خير يوم طلعت عليه الشمس يوم الجمعة: فيه خلق الله آدم عليه السلام، وفيه تاب الله عليه، وفيه أهبط من السماء إلى الأرض، وفيه مات، وفيه تقوم الساعة، وما من دابة إلا وهي مسيخة ليلة الجمعة حتى تطلع الشمس إشفاقا من الساعة، إلا الجن والإنس، وفيه ساعة لا يصادفها عبد مسلم وهو قائم يصلي يسأل الله شيئا إلا أعطاه إياه». قال كعب: في كل سنة يوم؟ فقلت: بل في كل جمعة يوم، فقرأ كعب التوراة، فقال: صدق رسول الله. قال جابر: هي آخر ساعة يوم الجمعة، وكذلك بلغني عن عبد الله بن سلام.","","","","Ibadi","","","","","V01P073"
"rabi_0280","280","al-Jami al-Sahih (Musnad al-Rabi ibn Habib)","Ibadi","1","46","280","في صلاة الجمعة وفضل يومها","في صلاة الجمعة وفضل يومها","","أبو عبيدة عن جابر بن زيد عن أبي هريرة قال: ذكر النبيء صلى الله عليه وسلم يوم الجمعة فقال: «فيها سويعة لا يوافقها عبد مسلم وهو قائم يصلي يسأل الله شيئا إلا أعطاه إياه» فأشار رسول الله صلى الله عليه وسلم إلى تقليلها بيده.","","","","Ibadi","","","","","V01P074"
"rabi_0281","281","al-Jami al-Sahih (Musnad al-Rabi ibn Habib)","Ibadi","1","46","281","في صلاة الجمعة وفضل يومها","في صلاة الجمعة وفضل يومها","","أبو عبيدة عن جابر بن زيد عن عائشة أم المؤمنين رضي الله عنها قالت: قال رسول الله صلى الله عليه وسلم: «الغسل يوم الجمعة واجب على كل محتلم».","","","","Ibadi","","","","","V01P074"
"rabi_0282","282","al-Jami al-Sahih (Musnad al-Rabi ibn Habib)","Ibadi","1","46","282","في صلاة الجمعة وفضل يومها","في صلاة الجمعة وفضل يومها","","أبو عبيدة عن جابر بن زيد عن أبي سعيد الخدري قال: قال رسول الله صلى الله عليه وسلم: «الغسل يوم الجمعة واجب على كل محتلم».","","","","Ibadi","","","","","V01P074"
"rabi_0283","283","al-Jami al-Sahih (Musnad al-Rabi ibn Habib)","Ibadi","1","46","283","في صلاة الجمعة وفضل يومها","في صلاة الجمعة وفضل يومها","","أبو عبيدة عن جابر بن زيد عن أبي هريرة وعن أبي سعيد الخدري أن رسول الله صلى الله عليه وسلم قال: «من اغتسل يوم الجمعة كغسل الجنابة ثم راح فكأنما قرب بدنة، ومن راح في الساعة الثانية فكأنما قرب بقرة، ومن راح في الساعة الثالثة فكأنما قرب كبشا أقرن ، ومن راح في الساعة الرابعة فكأنما قرب دجاجة، ومن راح في الساعة الخامسة فكأنما قرب بيضة، فإذا خرج الإمام حضرت الملائكة يستمعون الذكر». الوقت وآخره.","","","","Ibadi","","","","","V01P074"
"rabi_0284","284","al-Jami al-Sahih (Musnad al-Rabi ibn Habib)","Ibadi","1","46","284","في صلاة الجمعة وفضل يومها","في صلاة الجمعة وفضل يومها","","أبو عبيدة عن جابر بن زيد قال: أدركت أناسا من أصحاب رسول الله صلى الله عليه وسلم يقولون: إن رسول الله صلى الله عليه وسلم يقرأ يوم الجمعة على أثر سورة الجمعة : {هل اتاك حديث الغاشية}. وسمعت أنه يقرأ أيضا {سبح اسم ربك الاعلى}.","","","","Ibadi","","","","","V01P075"
"rabi_0285","285","al-Jami al-Sahih (Musnad al-Rabi ibn Habib)","Ibadi","1","47","285","في فضل الصلاة وخشوعها","في فضل الصلاة وخشوعها","","أبو عبيدة عن جابر بن زيد عن عائشة أم المؤمنين رضي الله عنها قالت: قال رسول الله صلى الله عليه وسلم: «لكل شيء عمود، وعمود الدين الصلاة، وعمود الصلاة الخشوع، وخيركم عند الله أتقاكم».","","","","Ibadi","","","","","V01P075"
"rabi_0286","286","al-Jami al-Sahih (Musnad al-Rabi ibn Habib)","Ibadi","1","47","286","في فضل الصلاة وخشوعها","في فضل الصلاة وخشوعها","","أبو عبيدة عن جابر بن زيد قال: قال رسول الله صلى الله عليه وسلم: «هل ترون قبلتي هاهنا؟ فوالله ما يخفى علي خشوعكم ولا ركوعكم، وإني لأراكم من وراء ظهري».","","","","Ibadi","","","","","V01P075"
"rabi_0287","287","al-Jami al-Sahih (Musnad al-Rabi ibn Habib)","Ibadi","1","47","287","في فضل الصلاة وخشوعها","في فضل الصلاة وخشوعها","","أبو عبيدة عن جابر بن زيد عن عائشة رضي الله عنها عن النبيء صلى الله عليه وسلم قال: «ما من امرئ يكون له صلاة في الليل فيغلبه عليها نوم إلا كتب الله له أجر صلاته، وكان نومه ذلك عليه صدقة».","","","","Ibadi","","","","","V01P075"
"rabi_0288","288","al-Jami al-Sahih (Musnad al-Rabi ibn Habib)","Ibadi","1","47","288","في فضل الصلاة وخشوعها","في فضل الصلاة وخشوعها","","أبو عبيدة عن جابر بن زيد عن أبي هريرة عن النبيء صلى الله عليه وسلم قال: «إن الملائكة ليصلون على أحدكم ما دام في مصلاه الذي صلى فيه ما لم يحدث، وتقول : اللهم اغفر له، اللهم ارحمه».","","","","Ibadi","","","","","V01P075"
"rabi_0289","289","al-Jami al-Sahih (Musnad al-Rabi ibn Habib)","Ibadi","1","47","289","في فضل الصلاة وخشوعها","في فضل الصلاة وخشوعها","","ومن طريقه قال رسول الله صلى الله عليه وسلم: «يتعاقب عليكم ملائكة بالليل وملائكة بالنهار فيجتمعون في صلاة الفجر، فتعرج الملائكة الذين باتوا فيكم فيسألهم ربهم وهو أعلم بهم: كيف تركتم عبادي؟ فيقولون: تركناهم وهم يصلون، وأتيناهم وهم يصلون».","","","","Ibadi","","","","","V01P076"
"rabi_0290","290","al-Jami al-Sahih (Musnad al-Rabi ibn Habib)","Ibadi","1","47","290","في فضل الصلاة وخشوعها","في فضل الصلاة وخشوعها","","أبو عبيدة عن جابر بن زيد قال: بلغني عن أبي هريرة قال: قال رسول الله صلى الله عليه وسلم: «لا يزال أحدكم في الصلاة ما دامت الصلاة تحبسه، لا يمنعه أن ينقلب إلى أهله إلا الصلاة».","","","","Ibadi","","","","","V01P076"
"rabi_0291","291","al-Jami al-Sahih (Musnad al-Rabi ibn Habib)","Ibadi","1","47","291","في فضل الصلاة وخشوعها","في فضل الصلاة وخشوعها","","أبو عبيدة قال: بلغني عن رسول الله صلى الله عليه وسلم قال: «صلوا تنجحوا، وزكوا تفلحوا، وصوموا تصحوا، وسافروا تغنموا».","","","","Ibadi","","","","","V01P076"
"rabi_0292","292","al-Jami al-Sahih (Musnad al-Rabi ibn Habib)","Ibadi","1","47","292","في فضل الصلاة وخشوعها","في فضل الصلاة وخشوعها","","أبو عبيدة عن جابر بن زيد عن أبي هريرة قال: قال رسول الله صلى الله عليه وسلم: «لو يعلم الناس ما في الصف الأول ثم لم يجدوا إلا أن يتساهموا عليه لتساهموا، ولو يعلمون ما في التهجير لاستبقوا إليه، ولو يعلمون ما في العتمة والصبح لأتوهما ولو حبوا».","","","","Ibadi","","","","","V01P076"
"rabi_0293","293","al-Jami al-Sahih (Musnad al-Rabi ibn Habib)","Ibadi","1","48","293","جامع الصلاة","جامع الصلاة","","أبو عبيدة عن جابر بن زيد عن ابن عباس عن النبيء صلى الله عليه وسلم قال: «لا صلاة في المقبرة، ولا في المنحرة ولا في معاطن الإبل، ولا في قارعة الطريق».","","","","Ibadi","","","","","V01P076"
"rabi_0294","294","al-Jami al-Sahih (Musnad al-Rabi ibn Habib)","Ibadi","1","48","294","جامع الصلاة","جامع الصلاة","","أبو عبيدة عن جابر بن زيد عن ابن عباس قال: نهى رسول الله صلى الله عليه وسلم عن الصلاة بالآنك والشبه.","","","","Ibadi","","","","","V01P076"
"rabi_0295","295","al-Jami al-Sahih (Musnad al-Rabi ibn Habib)","Ibadi","1","48","295","جامع الصلاة","جامع الصلاة","","أبو عبيدة عن جابر بن زيد عن ابن عباس عن النبيء صلى الله عليه وسلم قال: «لا صلاة بعد صلاة العصر حتى تغرب الشمس، ولا صلاة بعد صلاة الصبح حتى تطلع الشمس».","","","","Ibadi","","","","","V01P077"
"rabi_0296","296","al-Jami al-Sahih (Musnad al-Rabi ibn Habib)","Ibadi","1","48","296","جامع الصلاة","جامع الصلاة","","أبو عبيدة عن جابر بن زيد عن أبي سعيد الخدري قال: قال رسول الله صلى الله عليه وسلم: «لا يتحرى أحدكم أن يصلي عند طلوع الشمس أو عند غروبها».","","","","Ibadi","","","","","V01P077"
"rabi_0297","297","al-Jami al-Sahih (Musnad al-Rabi ibn Habib)","Ibadi","1","48","297","جامع الصلاة","جامع الصلاة","","أبو عبيدة عن جابر بن زيد عن ابن عباس عن النبيء صلى الله عليه وسلم قال: «لا يصلي أحدكم وهو زناء». الزناء: بتشديد النون يعني: الحاقن الذي يجمع البول في مثانته.","","","","Ibadi","","","","","V01P077"
"rabi_0298","298","al-Jami al-Sahih (Musnad al-Rabi ibn Habib)","Ibadi","1","48","298","جامع الصلاة","جامع الصلاة","","أبو عبيدة عن جابر بن زيد عن ابن عباس عن النبيء صلى الله عليه وسلم أنه نهى أن يصلي الرجل وهو يدافع الأخبثين.","","","","Ibadi","","","","","V01P077"
"rabi_0299","299","al-Jami al-Sahih (Musnad al-Rabi ibn Habib)","Ibadi","1","48","299","جامع الصلاة","جامع الصلاة","","أبو عبيدة عن جابر بن زيد عن ابن عباس عن النبيء صلى الله عليه وسلم قال: «لا يصل أحدكم وهو عاقص شعره خلف قفاه». أي عاقد شعره منكسا.","","","","Ibadi","","","","","V01P077"
"rabi_0300","300","al-Jami al-Sahih (Musnad al-Rabi ibn Habib)","Ibadi","1","48","300","جامع الصلاة","جامع الصلاة","","أبو عبيدة عن جابر بن زيد عن ابن عباس قال: كنا نصلي مع رسول الله صلى الله عليه وسلم فما رأيناه قنت في صلاته قط.","","","","Ibadi","","","","","V01P077"
"rabi_0301","301","al-Jami al-Sahih (Musnad al-Rabi ibn Habib)","Ibadi","1","48","301","جامع الصلاة","جامع الصلاة","","أبو عبيدة قال: وقد سمعت عن ابن عمر أنه لا يرى القنوت في الصلاة، ولم يقنت في صلاته قط، وكان يراه بدعة.","","","","Ibadi","","","","","V01P077"
"rabi_0302","302","al-Jami al-Sahih (Musnad al-Rabi ibn Habib)","Ibadi","1","48","302","جامع الصلاة","جامع الصلاة","","أبو عبيدة عن جابر بن زيد عن ابن عباس عن النبيء صلى الله عليه وسلم قال: «لا إيمان لمن لا صلاة له ... » الحديث .","","","","Ibadi","","","","","V01P077"
"rabi_0303","303","al-Jami al-Sahih (Musnad al-Rabi ibn Habib)","Ibadi","1","48","303","جامع الصلاة","جامع الصلاة","","أبو عبيدة عن جابر بن زيد عن ابن عباس عن النبيء صلى الله عليه وسلم قال: «ليس بين العبد والكفر إلا تركه الصلاة»","","","","Ibadi","","","","","V01P078"
"rabi_0304","304","al-Jami al-Sahih (Musnad al-Rabi ibn Habib)","Ibadi","1","48","304","جامع الصلاة","جامع الصلاة","","أبو عبيدة عن جابر بن زيد عن أنس بن مالك قال: قال رسول الله صلى الله عليه وسلم: «من فاته صلاة العصر فكأنما وتر أهله وماله». كتاب الصوم","","","","Ibadi","","","","","V01P078"
"rabi_0305","305","al-Jami al-Sahih (Musnad al-Rabi ibn Habib)","Ibadi","1","49","305","في صيام رمضان في السفر","في صيام رمضان في السفر","","أبو عبيدة عن جابر بن زيد عن ابن عباس قال: خرج النبيء صلى الله عليه وسلم إلى مكة عام الفتح في رمضان، فصام حتى بلغ الكديد فأفطر فأفطر الناس معه، وكانوا يأخذون بالأحدث فالأحدث من أمر النبيء صلى الله عليه وسلم.","","","","Ibadi","","","","","V01P078"
"rabi_0306","306","al-Jami al-Sahih (Musnad al-Rabi ibn Habib)","Ibadi","1","49","306","في صيام رمضان في السفر","في صيام رمضان في السفر","","أبو عبيدة عن جابر بن زيد قال: سمعت جملة من أصحاب رسول الله صلى الله عليه وسلم يقولون: خرجنا مع رسول الله صلى الله عليه وسلم عام الفتح في رمضان فأمر الناس أن يفطروا، قال: «تقوية على أعدائكم»، فصام هو ولم يفطر. قال: ولقد رأينا رسول الله صلى الله عليه وسلم يصب الماء على رأسه من شدة الحر أو من العطش، فقيل له: يا رسول الله، إن أناسا صاموا حين صمت، قال: فلما بلغ الكديد دعا بقدح من ماء فشرب، فأفطر الناس معه.","","","","Ibadi","","","","","V01P078"
"rabi_0307","307","al-Jami al-Sahih (Musnad al-Rabi ibn Habib)","Ibadi","1","49","307","في صيام رمضان في السفر","في صيام رمضان في السفر","","أبو عبيدة عن جابر بن زيد عن أنس بن مالك قال: سافرنا مع رسول الله صلى الله عليه وسلم فمنا من صام ومنا من أفطر، فلم يعب الصائم من المفطر ولا المفطر من الصائم.","","","","Ibadi","","","","","V01P079"
"rabi_0308","308","al-Jami al-Sahih (Musnad al-Rabi ibn Habib)","Ibadi","1","50","308","يوم عاشوراء والنوافل ويوم عرفة","يوم عاشوراء والنوافل ويوم عرفة","","أبو عبيدة عن جابر بن زيد عن ابن عباس عن النبيء صلى الله عليه وسلم قال: «من صام يوم عاشوراء كان كفارة لستين شهرا، أو عتق عشر رقبات مؤمنات من ولد إسماعيل عليه السلام».","","","","Ibadi","","","","","V01P079"
"rabi_0309","309","al-Jami al-Sahih (Musnad al-Rabi ibn Habib)","Ibadi","1","50","309","يوم عاشوراء والنوافل ويوم عرفة","يوم عاشوراء والنوافل ويوم عرفة","","أبو عبيدة عن جابر بن زيد عن عائشة أم المؤمنين رضي الله عنها قالت: كان يوم عاشوراء يوما تصومه قريش في الجاهلية، وكان رسول الله صلى الله عليه وسلم يصومه في الجاهلية، فلما قدم المدينة صامه وأمر الناس بصيامه، فلما فرض رمضان كان هو الفريضة، وترك يوم عاشوراء، فمن شاء صامه ومن شاء تركه، ولكن في صيامه ثواب عظيم.","","","","Ibadi","","","","","V01P079"
"rabi_0310","310","al-Jami al-Sahih (Musnad al-Rabi ibn Habib)","Ibadi","1","50","310","يوم عاشوراء والنوافل ويوم عرفة","يوم عاشوراء والنوافل ويوم عرفة","","أبو عبيدة عن جابر بن زيد قال: بلغني عن معاوية بن أبي سفيان حين قدم من مكة ورقى المنبر فقال: يا أهل المدينة أين علماؤكم؟ سمعت رسول الله صلى الله عليه وسلم يقول لهذا اليوم: «يوم عاشوراء لم يكتب الله عليكم صومه وأنا صائمه، فمن شاء فليصم، ومن شاء فليفطر، ولكن في صيامه ثواب عظيم وأجر كريم».","","","","Ibadi","","","","","V01P079"
"rabi_0311","311","al-Jami al-Sahih (Musnad al-Rabi ibn Habib)","Ibadi","1","50","311","يوم عاشوراء والنوافل ويوم عرفة","يوم عاشوراء والنوافل ويوم عرفة","","أبو عبيدة عن جابر بن زيد عن ابن عباس عن النبيء صلى الله عليه وسلم قال: «من صام في كل شهر ثلاثة أيام فكأنما صام الدهر كله».","","","","Ibadi","","","","","V01P079"
"rabi_0312","312","al-Jami al-Sahih (Musnad al-Rabi ibn Habib)","Ibadi","1","50","312","يوم عاشوراء والنوافل ويوم عرفة","يوم عاشوراء والنوافل ويوم عرفة","","قال الربيع بن حبيب: عن أبي أيوب الأنصاري قال: قال رسول الله صلى الله عليه وسلم: «من صام رمضان ثم أتبعه بستة أيام من شوال فكأنما صام الدهر كله».","","","","Ibadi","","","","","V01P080"
"rabi_0313","313","al-Jami al-Sahih (Musnad al-Rabi ibn Habib)","Ibadi","1","50","313","يوم عاشوراء والنوافل ويوم عرفة","يوم عاشوراء والنوافل ويوم عرفة","","أبو عبيدة عن جابر بن زيد عن عائشة أم المؤمنين رضي الله عنها قالت: كان رسول الله صلى الله عليه وسلم يصوم حتى نقول: لا يفطر ، ويفطر حتى نقول: لا يصوم ، وما رأيته استكمل صيام شهر قط إلا رمضان، وما رأيته في شهر أكثر صياما منه في شعبان».","","","","Ibadi","","","","","V01P080"
"rabi_0314","314","al-Jami al-Sahih (Musnad al-Rabi ibn Habib)","Ibadi","1","50","314","يوم عاشوراء والنوافل ويوم عرفة","يوم عاشوراء والنوافل ويوم عرفة","","أبو عبيدة عن جابر بن زيد عن أبي سعيد الخدري قال: اختلف أناس عند أم الفضل بنت الحارث، وهي والدة عبد الله بن عباس في يوم عرفة في صيام رسول الله صلى الله عليه وسلم، فقال قائلون: هو صائم، وقال آخرون: ليس بصائم، قال أبو سعيد: فأرسلت إليه أم الفضل بقدح لبن وهو واقف على بعيره فشربه .","","","","Ibadi","","","","","V01P080"
"rabi_0315","315","al-Jami al-Sahih (Musnad al-Rabi ibn Habib)","Ibadi","1","51","315","ما يفطر الصائم ووقت الإفطار والسحور","ما يفطر الصائم ووقت الإفطار والسحور","","أبو عبيدة عن جابر بن زيد عن أبي هريرة قال: قال رسول الله صلى الله عليه وسلم: «من أصبح جنبا أصبح مفطرا». النخعي وجملة من أصحاب رسول الله صلى الله عليه وسلم يقولون: من أصبح جنبا أصبح مفطرا، ويدرأون عنه الكفارة.","","","","Ibadi","","","","","V01P081"
"rabi_0316","316","al-Jami al-Sahih (Musnad al-Rabi ibn Habib)","Ibadi","1","51","316","ما يفطر الصائم ووقت الإفطار والسحور","ما يفطر الصائم ووقت الإفطار والسحور","","أبو عبيدة عن جابر بن زيد عن أبي هريرة قال: أفطر رجل في رمضان على عهد رسول الله صلى الله عليه وسلم فأمره رسول الله صلى الله عليه وسلم بعتق رقبة أو صيام شهرين متتابعين، أو إطعام ستين مسكينا على قدر ما يستطيع من ذلك.","","","","Ibadi","","","","","V01P081"
"rabi_0317","317","al-Jami al-Sahih (Musnad al-Rabi ibn Habib)","Ibadi","1","51","317","ما يفطر الصائم ووقت الإفطار والسحور","ما يفطر الصائم ووقت الإفطار والسحور","","أبو عبيدة عن جابر بن زيد عن ابن عباس عن النبيء صلى الله عليه وسلم قال: «الغيبة تفطر الصائم وتنقض الوضوء».","","","","Ibadi","","","","","V01P081"
"rabi_0318","318","al-Jami al-Sahih (Musnad al-Rabi ibn Habib)","Ibadi","1","51","318","ما يفطر الصائم ووقت الإفطار والسحور","ما يفطر الصائم ووقت الإفطار والسحور","","أبو عبيدة عن جابر بن زيد قال: سألت عائشة: هل كان رسول الله صلى الله عليه وسلم يقبل وهو صائم؟ قالت: كان يصنع بنا ذلك وهو يضحك.","","","","Ibadi","","","","","V01P081"
"rabi_0319","319","al-Jami al-Sahih (Musnad al-Rabi ibn Habib)","Ibadi","1","51","319","ما يفطر الصائم ووقت الإفطار والسحور","ما يفطر الصائم ووقت الإفطار والسحور","","أبو عبيدة عن جابر بن زيد عن ابن عباس عن النبيء قال: «إذا سمعتم بلالا فكلوا، وإذا سمعتم ابن أم مكتوم فكفوا» يعني في رمضان.","","","","Ibadi","","","","","V01P081"
"rabi_0320","320","al-Jami al-Sahih (Musnad al-Rabi ibn Habib)","Ibadi","1","51","320","ما يفطر الصائم ووقت الإفطار والسحور","ما يفطر الصائم ووقت الإفطار والسحور","","أبو عبيدة عن جابر بن زيد عن ابن عباس عن النبيء صلى الله عليه وسلم قال: «لا تزال أمتي بخير ما عجلوا الإفطار وأخروا السحور».","","","","Ibadi","","","","","V01P081"
"rabi_0321","321","al-Jami al-Sahih (Musnad al-Rabi ibn Habib)","Ibadi","1","52","321","في ليلة القدر","في ليلة القدر","","أبو عبيدة عن جابر بن زيد عن أنس بن مالك قال: قال رسول الله صلى الله عليه وسلم: «أريت هذه الليلة حتى تلاحى رجلان منكم فرفعت، فالتمسوها في التاسعة والسابعة والخامسة».","","","","Ibadi","","","","","V01P081"
"rabi_0322","322","al-Jami al-Sahih (Musnad al-Rabi ibn Habib)","Ibadi","1","52","322","في ليلة القدر","في ليلة القدر","","أبو عبيدة عن جابر بن زيد عن أبي سعيد الخدري قال: كان رسول الله صلى الله عليه وسلم يعتكف في العشر الأوسط من رمضان، فاعتكف عاما، حتى إذا كان إحدى وعشرين من رمضان وهي التي يخرج فيها من اعتكافه غدوتها قال: «من اعتكف معي فليعتكف في العشر الأواخر، وقد رأيت هذه الليلة ثم أنسيتها، وقد رأيت أني في غدوتها في ماء وطين، فالتمسوها في العشر الأواخر، والتمسوها في كل وتر».","","","","Ibadi","","","","","V01P082"
"rabi_0323","323","al-Jami al-Sahih (Musnad al-Rabi ibn Habib)","Ibadi","1","53","323","النهي عن صيام العيدين ويوم الشك","النهي عن صيام العيدين ويوم الشك","","أبو عبيدة عن جابر بن زيد عن أبي سعيد الخدري قال: قال رسول الله صلى الله عليه وسلم في رمضان: «لا تصوموا حتى تروا الهلال ولا تفطروا حتى تروه، فإن غمي عليكم فاقدروا له». وفي رواية أخرى: «فأتموا ثلاثين يوما».","","","","Ibadi","","","","","V01P082"
"rabi_0324","324","al-Jami al-Sahih (Musnad al-Rabi ibn Habib)","Ibadi","1","53","324","النهي عن صيام العيدين ويوم الشك","النهي عن صيام العيدين ويوم الشك","","أبو عبيدة عن جابر بن زيد قال: نهى رسول الله صلى الله عليه وسلم عن صوم يوم الشك وهو آخر يوم من شعبان ويوم الفطر ويوم الأضحى، وقال: «من صامهما فقد قارف إثما».","","","","Ibadi","","","","","V01P082"
"rabi_0325","325","al-Jami al-Sahih (Musnad al-Rabi ibn Habib)","Ibadi","1","53","325","النهي عن صيام العيدين ويوم الشك","النهي عن صيام العيدين ويوم الشك","","أبو عبيدة عن جابر بن زيد قال: بلغني أن عمر بن الخطاب رضي الله عنه صلى بالناس يوم العيد ثم انصرف فخطب الناس ثم قال: إن هذين يومان نهى رسول الله صلى الله عليه وسلم عن صيامهما: يوم فطركم من صيامكم، ويوم تأكلون فيه من نسككم.","","","","Ibadi","","","","","V01P082"
"rabi_0326","326","al-Jami al-Sahih (Musnad al-Rabi ibn Habib)","Ibadi","1","53","326","النهي عن صيام العيدين ويوم الشك","النهي عن صيام العيدين ويوم الشك","","أبو عبيدة عن جابر بن زيد عن ابن عباس قال: نهى النبيء صلى الله عليه وسلم عن الوصال، أن يوصل الرجل صوم يوم وليلة. ونهى عن قتل الصفرد والصرد من الطيور.","","","","Ibadi","","","","","V01P083"
"rabi_0327","327","al-Jami al-Sahih (Musnad al-Rabi ibn Habib)","Ibadi","1","54","327","في فضل رمضان","في فضل رمضان","","أبو عبيدة عن جابر بن زيد عن أبي هريرة قال: قال رسول الله صلى الله عليه وسلم: «من صام رمضان إيمانا واحتسابا غفر له ما تقدم من ذنبه ولو علمتم ما في فضل رمضان لتمنيتم أن يكون سنة».","","","","Ibadi","","","","","V01P083"
"rabi_0328","328","al-Jami al-Sahih (Musnad al-Rabi ibn Habib)","Ibadi","1","54","328","في فضل رمضان","في فضل رمضان","","ومن طريقه قال: قال رسول الله صلى الله عليه وسلم: «خلوف فم الصائم أطيب عند الله من ريح المسك، فارق عبدي شهوته وطعامه من أجلي، فالصيام لي وأنا أجازي به».","","","","Ibadi","","","","","V01P083"
"rabi_0329","329","al-Jami al-Sahih (Musnad al-Rabi ibn Habib)","Ibadi","1","54","329","في فضل رمضان","في فضل رمضان","","أبو عبيدة عن جابر بن زيد عن ابن عباس عن النبيء صلى الله عليه وسلم قال: «لا إيمان لمن لا صلاة له ... » الحديث إلى قوله: «ولا صوم إلا بالكف عن محارم الله».","","","","Ibadi","","","","","V01P083"
"rabi_0330","330","al-Jami al-Sahih (Musnad al-Rabi ibn Habib)","Ibadi","1","54","330","في فضل رمضان","في فضل رمضان","","ومن طريق أبي هريرة قال: قال رسول الله صلى الله عليه وسلم: «الصوم جنة، فإذا كان أحدكم صائما فلا يرفث ولا يجهل، وإن امرؤ قاتله أو شاتمه فليقل: إني صائم». كتاب الزكاة والصدقة","","","","Ibadi","","","","","V01P084"
"rabi_0331","331","al-Jami al-Sahih (Musnad al-Rabi ibn Habib)","Ibadi","1","55","331","في النصاب","في النصاب","","أبو عبيدة عن جابر بن زيد عن ابن عباس قال: قال رسول الله صلى الله عليه وسلم: فيما سقت السماء والعيون العشر، وما سقي بالدوالي والغرب نصف العشر.","","","","Ibadi","","","","","V01P084"
"rabi_0332","332","al-Jami al-Sahih (Musnad al-Rabi ibn Habib)","Ibadi","1","55","332","في النصاب","في النصاب","","ومن طريقه عنه عليه السلام قال: «ليس فيما دون خمس إواق صدقة والأوقية أربعون درهما، وليس فيما دون عشرين مثقالا صدقة، وليس فيما دون خمس ذود صدقة - يعني خمس أبعرة - وليس فيما دون أربعين شاة صدقة، وليس فيما دون خمسة أوسق صدقة».","","","","Ibadi","","","","","V01P084"
"rabi_0333","333","al-Jami al-Sahih (Musnad al-Rabi ibn Habib)","Ibadi","1","55","333","في النصاب","في النصاب","","أبو عبيدة عن جابر بن زيد عن عائشة أم المؤمنين رضي الله عنها قالت: سن رسول الله صلى الله عليه وسلم زكاة الفطر على الحر والعبد والذكر والأنثى والصغير والكبير، صاعا من تمر، أو صاعا من زبيب أو بر أو شعير أو من إقط .","","","","Ibadi","","","","","V01P084"
"rabi_0334","334","al-Jami al-Sahih (Musnad al-Rabi ibn Habib)","Ibadi","1","55","334","في النصاب","في النصاب","","أبو عبيدة عن جابر بن زيد عن أبي سعيد الخدري قال: قال رسول الله صلى الله عليه وسلم: «جرح العجماء جبار، والبئر جبار، والمعدن جبار، وفي الركاز الخمس».","","","","Ibadi","","","","","V01P084"
"rabi_0335","335","al-Jami al-Sahih (Musnad al-Rabi ibn Habib)","Ibadi","1","56","335","ما لا يؤخذ في الزكاة","ما لا يؤخذ في الزكاة","","أبو عبيدة عن جابر بن زيد قال: بلغني عن رسول الله صلى الله عليه وسلم قال للسعاة: «لا تأخذوا من أرباب الماشية سخلة ولا ربى ولا أكولة ولا فحلا ولا شارفة ولا ذات هزال ولا ذات عوار». ولدها، والأكولة شاة اللحم، وهي السمينة.","","","","Ibadi","","","","","V01P085"
"rabi_0336","336","al-Jami al-Sahih (Musnad al-Rabi ibn Habib)","Ibadi","1","56","336","ما لا يؤخذ في الزكاة","ما لا يؤخذ في الزكاة","","أبو عبيدة عن جابر بن زيد عن عمر بن الخطاب رضي الله عنه قال لسعاته: لا تأخذوا حزرات الناس ولا الحافل.","","","","Ibadi","","","","","V01P085"
"rabi_0337","337","al-Jami al-Sahih (Musnad al-Rabi ibn Habib)","Ibadi","1","56","337","ما لا يؤخذ في الزكاة","ما لا يؤخذ في الزكاة","","أبو عبيدة قال: نهى النبيء صلى الله عليه وسلم أن يعمد الرجل إلى شر ماله فيزكي منه، قال: «وخيركم عند الله من يخرج من ماله أحسنه».","","","","Ibadi","","","","","V01P085"
"rabi_0338","338","al-Jami al-Sahih (Musnad al-Rabi ibn Habib)","Ibadi","1","57","338","ما عفي عن زكاته","ما عفي عن زكاته","","أبو عبيدة عن جابر بن زيد عن ابن عباس عن النبيء صلى الله عليه وسلم قال: «ليس في الجارة ولا في الكسعة ولا في النخة ولا في الجبهة صدقة». والكسعة: الحمير، والنخة: الرقيق، والجبهة: الخيل.","","","","Ibadi","","","","","V01P085"
"rabi_0339","339","al-Jami al-Sahih (Musnad al-Rabi ibn Habib)","Ibadi","1","57","339","ما عفي عن زكاته","ما عفي عن زكاته","","أبو عبيدة عن جابر بن زيد عن أبي هريرة قال: قال رسول الله صلى الله عليه وسلم: «ليس على الرجل في عبده ولا في فرسه صدقة».","","","","Ibadi","","","","","V01P086"
"rabi_0340","340","al-Jami al-Sahih (Musnad al-Rabi ibn Habib)","Ibadi","1","58","340","الوعيد في منع الزكاة","الوعيد في منع الزكاة","","أبو عبيدة عن جابر بن زيد عن ابن عباس عن النبيء صلى الله عليه وسلم قال: «مانع الزكاة يقتل».","","","","Ibadi","","","","","V01P086"
"rabi_0341","341","al-Jami al-Sahih (Musnad al-Rabi ibn Habib)","Ibadi","1","58","341","الوعيد في منع الزكاة","الوعيد في منع الزكاة","","أبو عبيدة عن جابر بن زيد قال: بلغنا أن أبا بكر الصديق رضي الله عنه قال: والله لو منعوني عقالا لقاتلتهم عليه. غيره فلا يقتل من منعه إياها.","","","","Ibadi","","","","","V01P086"
"rabi_0342","342","al-Jami al-Sahih (Musnad al-Rabi ibn Habib)","Ibadi","1","58","342","الوعيد في منع الزكاة","الوعيد في منع الزكاة","","أبو عبيدة عن جابر بن زيد عن ابن عباس قال: قال رسول الله صلى الله عليه وسلم: «لا صلاة لمانع الزكاة - قالها ثلاثا - والمتعدي فيها كمانعها».","","","","Ibadi","","","","","V01P086"
"rabi_0343","343","al-Jami al-Sahih (Musnad al-Rabi ibn Habib)","Ibadi","1","58","343","الوعيد في منع الزكاة","الوعيد في منع الزكاة","","وعنه عليه السلام قال: «من كثر ماله ولم يزكه جاءه يوم القيامة في صورة شجاع أقرع له زبيبتان موكل بعذابه حتى يقضي الله بين الخلائق». السم بمنزلة الزبيبتين في التماحهما، ولم يرد بهما العينين.","","","","Ibadi","","","","","V01P086"
"rabi_0344","344","al-Jami al-Sahih (Musnad al-Rabi ibn Habib)","Ibadi","1","59","344","في الصدقة","في الصدقة","","أبو عبيدة عن جابر بن زيد عن ابن عباس عن النبيء صلى الله عليه وسلم قال: «اتقوا النار ولو بشق تمرة، فإن الصدقة تطفئ النار».","","","","Ibadi","","","","","V01P086"
"rabi_0345","345","al-Jami al-Sahih (Musnad al-Rabi ibn Habib)","Ibadi","1","59","345","في الصدقة","في الصدقة","","أبو عبيدة عن جابر بن زيد قال: بلغني عن رسول الله صلى الله عليه وسلم قال: «اليد العليا خير من اليد السفلى». والعليا هي المنفقة، والسفلى هي السائلة.","","","","Ibadi","","","","","V01P087"
"rabi_0346","346","al-Jami al-Sahih (Musnad al-Rabi ibn Habib)","Ibadi","1","59","346","في الصدقة","في الصدقة","","ومن طريق ابن عباس عنه عليه السلام قال: «تصدقوا فإن الصدقة تقي مصارع السوء، وتدفع ميتة السوء». عليه وسلم: «نفقة الرجل على أهله صدقة».","","","","Ibadi","","","","","V01P087"
"rabi_0347","347","al-Jami al-Sahih (Musnad al-Rabi ibn Habib)","Ibadi","1","59","347","في الصدقة","في الصدقة","","أبو عبيدة عن جابر بن زيد عن أنس بن مالك قال: قال رسول الله صلى الله عليه وسلم: «ردوا السائل ولو بظلف محرق».","","","","Ibadi","","","","","V01P087"
"rabi_0348","348","al-Jami al-Sahih (Musnad al-Rabi ibn Habib)","Ibadi","1","59","348","في الصدقة","في الصدقة","","أبو عبيدة قال: بلغني عن النبيء صلى الله عليه وسلم قال: «من أطعم مسلما ثمرة أطعمه الله من ثمار الجنة، ومن سقاه جرعة سقاه الله من الرحيق المختوم».","","","","Ibadi","","","","","V01P087"
"rabi_0349","349","al-Jami al-Sahih (Musnad al-Rabi ibn Habib)","Ibadi","1","59","349","في الصدقة","في الصدقة","","أبو عبيدة عن جابر بن زيد عن أبي هريرة عن النبيء صلى الله عليه وسلم قال: «ليس المسكين بهذا الطواف الذي يطوف على الناس ترده اللقمة واللقمتان والتمرة والتمرتان»؛ قالوا: فمن المسكين يا رسول الله؟ قال: «الذي لا يجد غناء من يغنيه، ولا يفطن به فيعطى، ولا يقوم فيسأل الناس».","","","","Ibadi","","","","","V01P087"
"rabi_0350","350","al-Jami al-Sahih (Musnad al-Rabi ibn Habib)","Ibadi","1","59","350","في الصدقة","في الصدقة","","أبو عبيدة قال: بلغني عن أبي هريرة قال: قال رسول الله صلى الله عليه وسلم: «من أنفق زوجين نودي في الجنة: يا عبد الله، هذا خير ، فمن كان من أهل الصلاة دعي من باب الصلاة، ومن كان من أهل الصدقة دعي من باب الصدقة، ومن كان من أهل الصوم دعي من باب الريان». قال أبو بكر: ما على من يدعى من هذه الأبواب كلها من ضرورة، فهل يدعى أحد من هذه الأبواب كلها يا رسول الله؟ قال: «نعم، وأرجو أن تكون منهم». والله أعلم.","","","","Ibadi","","","","","V01P088"
"rabi_0351","351","al-Jami al-Sahih (Musnad al-Rabi ibn Habib)","Ibadi","1","59","351","في الصدقة","في الصدقة","","أبو عبيدة عن جابر بن زيد عن أنس بن مالك قال: قال رسول الله صلى الله عليه وسلم: «سبعة يظلهم الله في ظله يوم لا ظل إلا ظله ... » وذكر الحديث ، حتى قال: «ورجل تصدق بصدقة فأخفاها حتى لا تعلم شماله ما تنفق يمينه».","","","","Ibadi","","","","","V01P088"
"rabi_0352","352","al-Jami al-Sahih (Musnad al-Rabi ibn Habib)","Ibadi","1","59","352","في الصدقة","في الصدقة","","ومن طريقه عنه عليه السلام قال: «المال الحلال رائح بصاحبه إلى الجنة». ذكره .","","","","Ibadi","","","","","V01P088"
"rabi_0353","353","al-Jami al-Sahih (Musnad al-Rabi ibn Habib)","Ibadi","1","60","353","في أفضل ما يتصدق به والبركة في الطعام","في أفضل ما يتصدق به والبركة في الطعام","","أبو عبيدة عن جابر بن زيد عن أنس بن مالك قال: كان أبو طلحة أكثر الأنصار مالا بالمدينة من نخل، وكان أحب أمواله إليه بيرحاء، وكانت مستقبلة المسجد، وكان رسول الله صلى الله عليه وسلم يدخلها ويشرب من مائها وهو طيب، قال أنس: فلما نزلت هذه الآية: {لن تنالوا البر حتى تنفقوا مما تحبون} قال أبو طلحة: إن أحب أموالي إلي بيرحاء، وإنها لصدقة لله أرجو برها وذخرها عند الله، فضعها يا رسول الله حيث شئت، فقال له رسول الله صلى الله عليه وسلم: «بخ بخ، ذلك مال رائح يروح بصاحبه إلى الجنة، وقد سمعت ما قلت وأنا أرى أن تجعلها في الأقربين». قال أبو طلحة: أفعل يا رسول الله صلى الله عليه وسلم، فقسمها أبو طلحة في أقاربه وبني عمه.","","","","Ibadi","","","","","V01P089"
"rabi_0354","354","al-Jami al-Sahih (Musnad al-Rabi ibn Habib)","Ibadi","1","60","354","في أفضل ما يتصدق به والبركة في الطعام","في أفضل ما يتصدق به والبركة في الطعام","","أبو عبيدة عن جابر بن زيد عن أبي هريرة قال: قال رسول الله صلى الله عليه وسلم: «نعم الصدقة المنيحة الصفي، تروح بإناء وتغدوا بآخر».","","","","Ibadi","","","","","V01P089"
"rabi_0355","355","al-Jami al-Sahih (Musnad al-Rabi ibn Habib)","Ibadi","1","60","355","في أفضل ما يتصدق به والبركة في الطعام","في أفضل ما يتصدق به والبركة في الطعام","","أبو عبيدة عن جابر بن زيد عن أنس بن مالك قال: قال أبو طلحة لأم سليم: قد سمعت صوت رسول الله صلى الله عليه وسلم ضعيفا أعرف فيه الجوع، هل عندك من شيء؟ قالت: نعم، فأخرجت أقراصا من شعير، ثم أخذت خمارا لها فلفت الخبز ببعضه ودسته تحت يدي وردتني ببعض، ثم أرسلتني إلى رسول الله صلى الله عليه وسلم. قال أنس: فذهبت فوجدت رسول الله صلى الله عليه وسلم جالسا في المسجد ومعه الناس فوقفت فقال: «أرسلك أبو طلحة؟» فقلت: نعم، فقال: «أبطعام؟» فقلت: نعم، فقال رسول الله صلى الله عليه وسلم لمن معه: «قوموا»، قال أنس: فانطلقنا حتى جئنا أبا طلحة فأخبرته، قال أبو طلحة: يا أم سليم لقد جاء رسول الله صلى الله عليه وسلم بالناس وليس عندنا من الطعام ما نطعمهم، قال أنس: فدخل رسول الله صلى الله عليه وسلم فقال: «يا أم سليم، ما عندك؟» قال: فأتيت بذلك الخبز، فأمر به رسول الله صلى الله عليه وسلم ففتت، فعصرت عليه أم سليم عكة لها فأدمته، ثم قال رسول الله صلى الله عليه وسلم على الطعام ما قال، ثم قال: «ائذن لعشرة» فدخلوا فأكلوا حتى شبعوا، ثم خرجوا، ثم قال: «ائذن لعشرة» فدخلوا فأكلوا حتى شبعوا كذلك حتى أكل القوم أجمعون، وكانوا سبعين رجلا.","","","","Ibadi","","","","","V01P090"
"rabi_0356","356","al-Jami al-Sahih (Musnad al-Rabi ibn Habib)","Ibadi","1","61","356","من تكره له الصدقة والمسألة","من تكره له الصدقة والمسألة","","أبو عبيدة عن جابر بن زيد عن عائشة رضي الله عنها قالت: قال رسول الله صلى الله عليه وسلم: «لا تحل الصدقة لغني، ولذي مرة سوي، ولا لمتأثل مالا».","","","","Ibadi","","","","","V01P090"
"rabi_0357","357","al-Jami al-Sahih (Musnad al-Rabi ibn Habib)","Ibadi","1","61","357","من تكره له الصدقة والمسألة","من تكره له الصدقة والمسألة","","أبو عبيدة عن جابر بن زيد عن أبي سعيد الخدري قال: كان ناس من الأنصار سألوا رسول الله صلى الله عليه وسلم فأعطاهم، ثم سألوه فأعطاهم، ثم سألوه فأعطاهم ثلاثا، حتى نفد ما عنده، ثم قال: «ما يكون عندي من خير فلن أدخره عنكم، ومن يستعفف يعفه الله، ومن يستغن يغنه الله، ومن تصبر يصبره الله، وما أعطي أحد عطاء هو لخير له وأوسع من الصبر».","","","","Ibadi","","","","","V01P091"
"rabi_0358","358","al-Jami al-Sahih (Musnad al-Rabi ibn Habib)","Ibadi","1","61","358","من تكره له الصدقة والمسألة","من تكره له الصدقة والمسألة","","أبو عبيدة عن جابر بن زيد عن أبي هريرة قال: قال رسول الله صلى الله عليه وسلم: «والذي نفسي بيده ليأخذ أحدكم حبلا فيحتطب على ظهره خير له من أن يأتي رجلا آتاه الله من فضله فيسأله أعطاه أو منعه».","","","","Ibadi","","","","","V01P091"
"rabi_0359","359","al-Jami al-Sahih (Musnad al-Rabi ibn Habib)","Ibadi","1","62","359","جامع الصدقة والطعام","جامع الصدقة والطعام","","أبو عبيدة عن جابر بن زيد قال: بلغني عن رسول الله صلى الله عليه وسلم قال: «يا نساء المؤمنات لا تحقرن إحداكن لجارتها ولو كراع شاة محرق».","","","","Ibadi","","","","","V01P091"
"rabi_0360","360","al-Jami al-Sahih (Musnad al-Rabi ibn Habib)","Ibadi","1","62","360","جامع الصدقة والطعام","جامع الصدقة والطعام","","أبو عبيدة عن جابر بن زيد عن أبي هريرة قال: قال رسول الله صلى الله عليه وسلم: «طعام الاثنين كافي الثلاثة، وطعام الثلاثة كافي الأربعة».","","","","Ibadi","","","","","V01P091"
"rabi_0361","361","al-Jami al-Sahih (Musnad al-Rabi ibn Habib)","Ibadi","1","62","361","جامع الصدقة والطعام","جامع الصدقة والطعام","","ومن طريقه أيضا عنه عليه السلام قال: كان الناس إذا رأوا أول الثمرة جاؤوا به إلى رسول الله صلى الله عليه وسلم فإذا أخذه دعا للمدينة بالبركة، ثم يدعوا أصغر ولد يراه فيعطيه تلك الثمرة.","","","","Ibadi","","","","","V01P091"
"rabi_0362","362","al-Jami al-Sahih (Musnad al-Rabi ibn Habib)","Ibadi","1","62","362","جامع الصدقة والطعام","جامع الصدقة والطعام","","أبو عبيدة قال: بلغني عن ابن عمر يروي عن رسول الله صلى الله عليه وسلم قال: «إذا دعي أحدكم إلى الوليمة فليأتها».","","","","Ibadi","","","","","V01P091"
"rabi_0363","363","al-Jami al-Sahih (Musnad al-Rabi ibn Habib)","Ibadi","1","62","363","جامع الصدقة والطعام","جامع الصدقة والطعام","","أبو عبيدة عن جابر بن زيد عن أبي هريرة قال: قال رسول الله صلى الله عليه وسلم: «شر الطعام طعام الوليمة يدعى إليها الأغنياء ويترك الفقراء».","","","","Ibadi","","","","","V01P091"
"rabi_0364","364","al-Jami al-Sahih (Musnad al-Rabi ibn Habib)","Ibadi","1","62","364","جامع الصدقة والطعام","جامع الصدقة والطعام","","ومن طريقه عنه عليه السلام قال: «لا يمنع أحدكم فضل الماء ليمنع به الكلأ». معنى ذلك رجل له بئر فيمنع ماءها، ليمنع ما حوله من الرعي.","","","","Ibadi","","","","","V01P092"
"rabi_0365","365","al-Jami al-Sahih (Musnad al-Rabi ibn Habib)","Ibadi","1","62","365","جامع الصدقة والطعام","جامع الصدقة والطعام","","ومن طريق ابن عباس عنه عليه السلام قال: «مكتوب على باب الجنة: العطية بعشر أمثالها، والقرض بثمانية عشر».","","","","Ibadi","","","","","V01P092"
"rabi_0366","366","al-Jami al-Sahih (Musnad al-Rabi ibn Habib)","Ibadi","1","62","366","جامع الصدقة والطعام","جامع الصدقة والطعام","","ومن طريق أبي هريرة قال: قال رسول الله صلى الله عليه وسلم: «لا يمنع أحدكم جاره أن يغرز خشبة في جداره، فإن ذلك حق واجب عليه».","","","","Ibadi","","","","","V01P092"
"rabi_0367","367","al-Jami al-Sahih (Musnad al-Rabi ibn Habib)","Ibadi","1","63","367","أدب الطعام والشراب","أدب الطعام والشراب","","أبو عبيدة عن جابر بن زيد عن أبي هريرة عن النبيء صلى الله عليه وسلم قال: «يأكل المسلم في معى واحد، والكافر في سبعة أمعاء».","","","","Ibadi","","","","","V01P092"
"rabi_0368","368","al-Jami al-Sahih (Musnad al-Rabi ibn Habib)","Ibadi","1","63","368","أدب الطعام والشراب","أدب الطعام والشراب","","ومن طريقه عنه عليه السلام قال: «طعام الاثنين كافي الثلاثة ... » الحديث .","","","","Ibadi","","","","","V01P092"
"rabi_0369","369","al-Jami al-Sahih (Musnad al-Rabi ibn Habib)","Ibadi","1","63","369","أدب الطعام والشراب","أدب الطعام والشراب","","أبو عبيدة عنه أيضا قال: أضاف رسول الله صلى الله عليه وسلم ضيفا، فأمر له بشاة، فحلبت، فشرب حلابها، ثم أخرى فشرب حلابها، حتى شرب حلاب سبع شياه، ثم إنه أصبح فأسلم، فأمر له النبيء صلى الله عليه وسلم بشاة، فحلبت، فشرب حلابها، ثم أخرى فلم يكملها ، فقال رسول الله صلى الله عليه وسلم: «إن المؤمن ليأكل في معى واحد، والكافر في سبعة أمعاء».","","","","Ibadi","","","","","V01P093"
"rabi_0370","370","al-Jami al-Sahih (Musnad al-Rabi ibn Habib)","Ibadi","1","63","370","أدب الطعام والشراب","أدب الطعام والشراب","","أبو عبيدة عن جابر بن زيد قال: قالت عائشة رضي الله عنها: كنت أشرب أنا ورسول الله صلى الله عليه وسلم بالقدح فيجعل فاه على موضع في، فيشرب وأنا حائض.","","","","Ibadi","","","","","V01P093"
"rabi_0371","371","al-Jami al-Sahih (Musnad al-Rabi ibn Habib)","Ibadi","1","63","371","أدب الطعام والشراب","أدب الطعام والشراب","","أبو عبيدة عن جابر بن زيد قال: سمعت عن رسول الله صلى الله عليه وسلم قال : «إذا وقع الذباب في إناء أحدكم فامقلوه، فإن في أحد جناحيه داء، وفي الآخر شفاء، وإنه يقدم الداء ويؤخر الدواء».","","","","Ibadi","","","","","V01P093"
"rabi_0372","372","al-Jami al-Sahih (Musnad al-Rabi ibn Habib)","Ibadi","1","63","372","أدب الطعام والشراب","أدب الطعام والشراب","","وقال أبو عبيدة عن جابر بن زيد وهذا يدل أن الذباب وما يشبهه مما ليس فيه دم لا ينجس ما وقع فيه.","","","","Ibadi","","","","","V01P093"
"rabi_0373","373","al-Jami al-Sahih (Musnad al-Rabi ibn Habib)","Ibadi","1","63","373","أدب الطعام والشراب","أدب الطعام والشراب","","أبو عبيدة عن جابر بن زيد قال: قال رسول الله صلى الله عليه وسلم في ماء مسته الهرة: «فإنها من الطوافين والطوافات عليكم».","","","","Ibadi","","","","","V01P093"
"rabi_0374","374","al-Jami al-Sahih (Musnad al-Rabi ibn Habib)","Ibadi","1","63","374","أدب الطعام والشراب","أدب الطعام والشراب","","أبو عبيدة عن جابر بن زيد قال: بلغني أن أبا سعيد الخدري دخل على مروان بن الحكم فقال له مروان: هل سمعت رسول الله صلى الله عليه وسلم ينهى عن التنفس في الشراب؟ فقال أبو سعيد: نعم، قال: فقيل له: يا رسول الله، إني لا أروى عن نفس واحد، فقال له: «فأبن القدح عن فيك ثم تنفس»، فقال الرجل: فإني لأرى القذى فيه، قال: «فأهرقه». فليبرده.","","","","Ibadi","","","","","V01P093"
"rabi_0375","375","al-Jami al-Sahih (Musnad al-Rabi ibn Habib)","Ibadi","1","63","375","أدب الطعام والشراب","أدب الطعام والشراب","","أبو عبيدة عن جابر بن زيد قال: بلغني عن رسول الله صلى الله عليه وسلم أنه أتي بشراب فشرب منه، وعن يمينه غلام صغير، وعن يساره شيوخ من أصحابه، فقال للغلام: «أتأذن لي أن أعطي هؤلاء؟» فقال: لا والله! لا أوثر بنفسي منك أحدا، قال: فتله رسول الله صلى الله عليه وسلم في يديه.","","","","Ibadi","","","","","V01P094"
"rabi_0376","376","al-Jami al-Sahih (Musnad al-Rabi ibn Habib)","Ibadi","1","63","376","أدب الطعام والشراب","أدب الطعام والشراب","","أبو عبيدة عن جابر قال: بلغني عن النبيء صلى الله عليه وسلم قال: «لا تعبوا الماء عبا، فإن من ذلك يتولد البهر ولكن مصوه مصا».","","","","Ibadi","","","","","V01P094"
"rabi_0377","377","al-Jami al-Sahih (Musnad al-Rabi ibn Habib)","Ibadi","1","63","377","أدب الطعام والشراب","أدب الطعام والشراب","","أبو عبيدة عن جابر بن زيد عن عائشة قالت: قدمنا لرسول الله صلى الله عليه وسلم حيسا ... » الحديث .","","","","Ibadi","","","","","V01P094"
"rabi_0378","378","al-Jami al-Sahih (Musnad al-Rabi ibn Habib)","Ibadi","1","63","378","أدب الطعام والشراب","أدب الطعام والشراب","","أبو عبيدة عن جابر بن زيد قال: قال ابن النعمان: خرجنا مع رسول الله صلى الله عليه وسلم حتى إذا كنا بالصهباء، وهي من أدنى خيبر، فصلى العصر، فدعا بالأزواد، فلم يؤت إلا بالسويق، فأمر به، فثري، فأكل وأكلنا، ثم قام إلى المغرب، فمضمض ومضمضنا، ثم صلى ولم يتوضأ.","","","","Ibadi","","","","","V01P094"
"rabi_0379","379","al-Jami al-Sahih (Musnad al-Rabi ibn Habib)","Ibadi","1","63","379","أدب الطعام والشراب","أدب الطعام والشراب","","أبو عبيدة عن جابر بن زيد قال: بلغني عن جابر بن عبد الله قال: بعث رسول الله صلى الله عليه وسلم بعثا، وأمر علينا أبا عبيدة بن الجراح، وهو في ثلاثمائة، وأنا فيهم، فخرجنا حتى إذا كنا ببعض الطريق، ففنى الزاد، فأمر أبو عبيدة بأزواد ذلك الجيش، فجمعه، وكان مزودي تمر، وكان يقوتنا كل يوم قليلا قليلا، حتى فنى ولم يصبنا إلا تمرة تمرة، قال: ولقد وجدنا فقدها حين فنيت، قال: ثم انتهينا إلى البحر فإذا بحوت مثل الظرب، فأكل منه ذلك الجيش ثماني عشرة ليلة، ثم أمر أبو عبيدة بضلعين من أضلاعها، فنصبتا، فأمر براحلته فرحلت، ثم مر تحتها، فلم يصبها.","","","","Ibadi","","","","","V01P095"
"rabi_0380","380","al-Jami al-Sahih (Musnad al-Rabi ibn Habib)","Ibadi","1","63","380","أدب الطعام والشراب","أدب الطعام والشراب","","أبو عبيدة قال: نهى رسول الله صلى الله عليه وسلم في الأكل عن ثلاثة أوجه: عن التقشير، والترميل، والتنقيب. فالقشار: الذي يأكل من كل ناحية، ويقشر وجه الطعام؛ والمرمل: الذي يرفع لفيه ما لا يسع؛ والنقاب: الذي يحفر في الطعام خبة ويرجع إلى الإدام.","","","","Ibadi","","","","","V01P095"
"rabi_0381","381","al-Jami al-Sahih (Musnad al-Rabi ibn Habib)","Ibadi","1","63","381","أدب الطعام والشراب","أدب الطعام والشراب","","أبو عبيدة عن جابر بن زيد عن ابن عباس عن النبيء صلى الله عليه وسلم أنه نهى عن الشرب قائما، ويروى أنه شرب من زمزم قائما. قال ابن عباس: المرجع فيه إلى كتاب الله، وهو قوله: {كلوا واشربوا} فهذه الآية تبيح الأكل والشرب على أي حال، إلا في موضع خصه النهي من النبيء صلى الله عليه وسلم.","","","","Ibadi","","","","","V01P095"
"rabi_0382","382","al-Jami al-Sahih (Musnad al-Rabi ibn Habib)","Ibadi","1","63","382","أدب الطعام والشراب","أدب الطعام والشراب","","أبو عبيدة عن جابر بن زيد عن ابن عباس عن النبيء صلى الله عليه وسلم أنه نهى عن الشرب في فم السقاء. وروي أنه خنث سقاء فشرب منه. قال ابن عباس: وإنما نهى عن ذلك إشفاق أن تكون فيه دابة.","","","","Ibadi","","","","","V01P095"
"rabi_0383","383","al-Jami al-Sahih (Musnad al-Rabi ibn Habib)","Ibadi","1","63","383","أدب الطعام والشراب","أدب الطعام والشراب","","أبو عبيدة عن جابر بن زيد عن أنس بن مالك قال: أتي رسول الله صلى الله عليه وسلم بلبن شيب بماء وعلى يمينه أعرابي، وعلى يساره أبو بكر، فشرب وأعطى الأعرابي وقال: «الأيمن فالأيمن».","","","","Ibadi","","","","","V01P096"
"rabi_0384","384","al-Jami al-Sahih (Musnad al-Rabi ibn Habib)","Ibadi","1","63","384","أدب الطعام والشراب","أدب الطعام والشراب","","أبو عبيدة عن جابر بن زيد عن أبي سعيد الخدري عن أم سلمة قالت: قال رسول الله صلى الله عليه وسلم: «من شرب في آنية الذهب والفضة فكأنما يجرجر في جوفه نار جهنم».","","","","Ibadi","","","","","V01P096"
"rabi_0385","385","al-Jami al-Sahih (Musnad al-Rabi ibn Habib)","Ibadi","1","63","385","أدب الطعام والشراب","أدب الطعام والشراب","","أبو عبيدة عن جابر بن زيد عن ابن عباس قال: قال خالد بن الوليد المخزومي: دخلت على رسول الله صلى الله عليه وسلم في بيت ميمونة، فأتي بضب محنوذ، فأهوى إليه رسول الله صلى الله عليه وسلم بيده، فقال بعض النسوة التي في البيت: أخبرن رسول الله صلى الله عليه وسلم بما يريد أن يأكل منه فقيل: هو ضب يا رسول الله، فرفع يده، قال خالد: فقلت: أحرام هو يا رسول الله؟ قال: «لا، ولكن ليس هو بأرض قومي فتجدني أعافه». قال خالد: فاجتررته فأكلته ورسول الله صلى الله عليه وسلم ينظر.","","","","Ibadi","","","","","V01P096"
"rabi_0386","386","al-Jami al-Sahih (Musnad al-Rabi ibn Habib)","Ibadi","1","63","386","أدب الطعام والشراب","أدب الطعام والشراب","","أبو عبيدة عن جابر قال: بلغني عن ابن عمرو قال: جاء رجل إلى رسول الله صلى الله عليه وسلم قال: ما تقول في الضب يا رسول الله؟ قال: «لست بآكله ولا محرمه». وحديث أبي طلحة قد تقدم .","","","","Ibadi","","","","","V01P096"
"rabi_0387","387","al-Jami al-Sahih (Musnad al-Rabi ibn Habib)","Ibadi","1","63","387","أدب الطعام والشراب","أدب الطعام والشراب","","أبو عبيدة عن جابر بن زيد عن أبي هريرة عن النبيء صلى الله عليه وسلم أنه قال: «أكل كل ذي ناب من السباع وذي مخالب من الطير حرام».","","","","Ibadi","","","","","V01P096"
"rabi_0387","387","al-Jami al-Sahih (Musnad al-Rabi ibn Habib)","Ibadi","1","63","387","أدب الطعام والشراب","أدب الطعام والشراب","","أبو عبيدة عن جابر بن زيد قال: بلغني عن علي بن أبي طالب قال: نهى رسول الله صلى الله عليه وسلم عن متعة النساء يوم خيبر، وعن أكل لحوم الحمر الإنسية.","","","","Ibadi","","","","","V01P097"
"rabi_0389","389","al-Jami al-Sahih (Musnad al-Rabi ibn Habib)","Ibadi","1","63","389","أدب الطعام والشراب","أدب الطعام والشراب","","أبو عبيدة عن جابر بن زيد عن ابن عباس قال: مر رسول الله صلى الله عليه وسلم بشاة ميتة كانت قد أعطيتها مولاة ميمونة فقال: «هل انتفعتم بجلدها؟» قيل: يا رسول الله، إنها ميتة، قال: «إنما حرم أكلها، وأيما إهاب دبغ فقد طهر».","","","","Ibadi","","","","","V01P097"
"rabi_0390","390","al-Jami al-Sahih (Musnad al-Rabi ibn Habib)","Ibadi","1","63","390","أدب الطعام والشراب","أدب الطعام والشراب","","أبو عبيدة عن جابر بن زيد عن عائشة رضي الله عنها قالت: أمر رسول الله صلى الله عليه وسلم أن ينتفع بجلد الميتة إذا دبغ.","","","","Ibadi","","","","","V01P097"
"rabi_0391","391","al-Jami al-Sahih (Musnad al-Rabi ibn Habib)","Ibadi","1","63","391","أدب الطعام والشراب","أدب الطعام والشراب","","أبو عبيدة عن جابر بن زيد عن أبي هريرة قال: قال رسول الله صلى الله عليه وسلم: «شر الطعام طعام الوليمة يدعى إليه الأغنياء ويترك المساكين».","","","","Ibadi","","","","","V01P097"
"rabi_0392","392","al-Jami al-Sahih (Musnad al-Rabi ibn Habib)","Ibadi","1","1","392","في فرض الحج","في فرض الحج","","أبو عبيدة عن جابر بن زيد عن ابن عباس قال: كان الفضل بن العباس رديف رسول الله صلى الله عليه وسلم، فجاءت امرأة من خثعم تستفتيه فجعل الفضل بن العباس ينظر إليها وتنظر إليه فجعل رسول الله صلى الله عليه وسلم يصرف وجه الفضل إلى الشق الآخر، قالت: يا رسول الله إن فريضة الله على العباد في الحج أدركت أبي شيخا كبيرا لا يستطيع أن يثبت على الراحلة أفأحج عنه؟ قال: «أرأيت لو كان على أبيك دين فقضيته عنه، أكنت قاضية عنه؟»، قالت: نعم، قال: «فذاك ذاك» .","","","","Ibadi","","","","","V01P103"
"rabi_0393","393","al-Jami al-Sahih (Musnad al-Rabi ibn Habib)","Ibadi","1","1","393","في فرض الحج","في فرض الحج","","ومن طريقه أيضا أن رسول الله صلى الله عليه وسلم لم يحج إلا بعد عشر حجج من هجرته ولا أنكر على من تخلف عن الحج من أمته.","","","","Ibadi","","","","","V01P103"
"rabi_0394","394","al-Jami al-Sahih (Musnad al-Rabi ibn Habib)","Ibadi","1","1","394","في فرض الحج","في فرض الحج","","أبو عبيدة عن جابر بن زيد عن أنس بن مالك قال: إن رسول الله صلى الله عليه وسلم صلى ذات يوم فجلس فقال: «سلوني عما شئتم ولا يسألني أحد منكم عن شيء إلا أخبرته به»، قال الأقرع بن حابس: يا رسول الله الحج علينا واجب في كل عام؟ فغضب رسول الله صلى الله عليه وسلم حتى احمرت وجنتاه وقال: «والذي نفسي بيده لو قلت نعم، لوجبت، ولو وجبت لم تفعلوا، ولو لم تفعلوا لكفرتم، ولكن إذا نهيتكم عن شيء فانتهوا، وإذا أمرتكم بشيء فأتوا منه ما استطعتم».","","","","Ibadi","","","","","V01P104"
"rabi_0395","395","al-Jami al-Sahih (Musnad al-Rabi ibn Habib)","Ibadi","1","1","395","في فرض الحج","في فرض الحج","","أبو عبيدة عن جابر بن زيد عن أنس بن مالك قال: أتى رجل إلى رسول الله صلى الله عليه وسلم فقال: يا رسول الله أن أمي عجوز كبيرة لا تستطيع أن أركبها على البعير، وإن ربطتها خفت عليها أن تموت، أفأحج عنها؟ قال: «نعم».","","","","Ibadi","","","","","V01P104"
"rabi_0396","396","al-Jami al-Sahih (Musnad al-Rabi ibn Habib)","Ibadi","1","2","396","في المواقيت والحرم","في المواقيت والحرم","","أبو عبيدة عن جابر بن زيد عن أبي سعيد الخدري قال: وقت رسول الله صلى الله عليه وسلم لأهل المدينة أن يهلوا من ذي الحليفة، ولأهل الشام الجحفة، ولأهل نجد قرنا، ولأهل اليمن يلملم، ولأهل العراق ذات عرق.","","","","Ibadi","","","","","V01P104"
"rabi_0397","397","al-Jami al-Sahih (Musnad al-Rabi ibn Habib)","Ibadi","1","2","397","في المواقيت والحرم","في المواقيت والحرم","","أبو عبيدة عن جابر بن زيد عن أنس بن مالك أن رسول الله صلى الله عليه وسلم طلع له أحد فقال: «هذا جبل يحبنا ونحبه، اللهم إن إبراهيم حرم مكة وأنا أحرم ما بين لابتيها».","","","","Ibadi","","","","","V01P104"
"rabi_0398","398","al-Jami al-Sahih (Musnad al-Rabi ibn Habib)","Ibadi","1","2","398","في المواقيت والحرم","في المواقيت والحرم","","أبو عبيدة عن جابر بن زيد عن أنس بن مالك قال: قال رسول الله صلى الله عليه وسلم: «مكة حرام حرمها الله، لا تحل لقطتها، ولا يعضد شجرها، ولا ينفر صيدها، ولا يختلى خلاها». فقال عمه العباس: إلا الإذخر يا رسول الله، فقال: «إلا الإذخر». الحصر، وتسقف منه البيوت.","","","","Ibadi","","","","","V01P105"
"rabi_0399","399","al-Jami al-Sahih (Musnad al-Rabi ibn Habib)","Ibadi","1","3","399","في الإهلال بالحج والتلبية","في الإهلال بالحج والتلبية","","أبو عبيدة عن جابر بن زيد عن أبي سعيد الخدري أن تلبية رسول الله صلى الله عليه وسلم: «لبيك اللهم لبيك، إن الحمد والنعمة لك والملك، لا شريك لك»، قال نافع: وكان ابن عمر يزيد فيها: لبيك وسعديك، والخير بيديك، والرغبة إليك والعمل.","","","","Ibadi","","","","","V01P105"
"rabi_0400","400","al-Jami al-Sahih (Musnad al-Rabi ibn Habib)","Ibadi","1","3","400","في الإهلال بالحج والتلبية","في الإهلال بالحج والتلبية","","أبو عبيدة عن جابر بن زيد عن أبي سعيد الخدري أن رسول الله صلى الله عليه وسلم كان إذا أقبل من حج أو غزو أو عمرة يكبر على كل شرف من الأرض ثلاث تكبيرات، ثم يقول: «لا إله إلا الله وحده لا شريك له، له الملك وله الحمد، وهو على كل شيء قدير، آيبون تائبون ساجدون عابدون لربنا حامدون، صدق الله وعده، ونصر عبده، وهزم الأحزاب وحده».","","","","Ibadi","","","","","V01P105"
"rabi_0401","401","al-Jami al-Sahih (Musnad al-Rabi ibn Habib)","Ibadi","1","3","401","في الإهلال بالحج والتلبية","في الإهلال بالحج والتلبية","","أبو عبيدة عن جابر بن زيد قال: جاء رجل إلى عبد الله بن عمر فقال: يا أبا عبد الرحمن، لقد رأيتك تصنع أربعا لم أر أحدا يصنعها من أصحابك، قال: وما هن؟ قال: رأيتك لا تمس من الأركان إلا اليماني، ورأيتك تلبس النعال السبتية، ورأيتك تصبغ بالصفرة، ورأيتك إذا كنت بمكة أهل الناس إذا رأوا الهلال ولم تهلل إلا يوم التروية، قال له ابن عمر: أما الأركان فإني لم أر رسول الله صلى الله عليه وسلم يمس إلا اليماني، وأما النعال السبتية فإني رأيت رسول الله صلى الله عليه وسلم يلبسها، وأما الصفرة فإني رأيت رسول الله صلى الله عليه وسلم يصبغ بها، وأما الإهلال فإني لم أر رسول الله صلى الله عليه وسلم يهل حتى تبعث به راحلته.","","","","Ibadi","","","","","V01P106"
"rabi_0402","402","al-Jami al-Sahih (Musnad al-Rabi ibn Habib)","Ibadi","1","3","402","في الإهلال بالحج والتلبية","في الإهلال بالحج والتلبية","","أبو عبيدة عن جابر بن زيد قال: اصطحب محمد بن أبي بكر وأنس بن مالك من منى إلى عرفات فقال له محمد بن أبي بكر: كيف تصنعون في مثل هذا اليوم وأنتم مع رسول الله صلى الله عليه وسلم فقال: يهل منا المهل فلا ينكر عليه ويكبر المكبر فلا ينكر عليه.","","","","Ibadi","","","","","V01P106"
"rabi_0403","403","al-Jami al-Sahih (Musnad al-Rabi ibn Habib)","Ibadi","1","4","403","في غسل المحرم","في غسل المحرم","","أبو عبيدة عن جابر بن زيد عن ابن عباس قال: يغسل المحرم بماء وسدر.","","","","Ibadi","","","","","V01P106"
"rabi_0404","404","al-Jami al-Sahih (Musnad al-Rabi ibn Habib)","Ibadi","1","4","404","في غسل المحرم","في غسل المحرم","","ومن طريقه أيضا عنه عليه السلام قال: «إذا مات المحرم غسل ولا يكفن إلا في ثوبيه اللذين أحرم فيهما، ولا يمس بطيب ولا يخمر رأسه».","","","","Ibadi","","","","","V01P106"
"rabi_0405","405","al-Jami al-Sahih (Musnad al-Rabi ibn Habib)","Ibadi","1","4","405","في غسل المحرم","في غسل المحرم","","وعن ابن عباس أيضا قال اختلفت أنا والمسور بن مخرمة بالأبواء، فقلت: يغسل المحرم رأسه وقال: لا يغسله، قال ابن عباس: فأرسلت رجلا اسمه عبد الله بن حنين إلى أبي أيوب الأنصاري، فوجده الرجل يغتسل بين القرنين، وهو يستتر بثوب، فسلم عليه، فقال له: من هذا؟ فقال الرجل: أنا رسول ابن عباس إليك يسألك: كيف يغتسل رسول الله صلى الله عليه وسلم وهو محرم؟ قال الرجل: فوضع يده على الثوب فطأطأه حتى بدا لي رأسه، ثم قال لإنسان يصب عليه: اصبب، فصب على رأسه ثم حركه بيده، فأقبل بهما وأدبر، ثم قال: هكذا رأيته يفعل صلوات الله عليه.","","","","Ibadi","","","","","V01P107"
"rabi_0406","406","al-Jami al-Sahih (Musnad al-Rabi ibn Habib)","Ibadi","1","5","406","ما يتقي المحرم وما لا يتقى","ما يتقي المحرم وما لا يتقى","","أبو عبيدة عن جابر بن زيد عن أبي سعيد الخدري قال: قال رسول الله صلى الله عليه وسلم: «لا يلبس المحرم القميص ولا العمامة ولا السراويلات ولا البرانس ولا الخفاف، فإن لم يجد نعلين فليلبس خفين، وليقطعهما من أسفل الكعبين»، قال: «ولا يلبس المحرم شيئا من ثياب مسها الزعفران ولا الورس».","","","","Ibadi","","","","","V01P107"
"rabi_0407","407","al-Jami al-Sahih (Musnad al-Rabi ibn Habib)","Ibadi","1","5","407","ما يتقي المحرم وما لا يتقى","ما يتقي المحرم وما لا يتقى","","أبو عبيدة عن جابر بن زيد عن عائشة زوج النبيء صلى الله عليه وسلم قالت: قال رسول الله صلى الله عليه وسلم: «خمس من الدواب ليس على المحرم في قتلهن جناح: الغراب والحدأة والفأرة والعقرب والكلب العقور».","","","","Ibadi","","","","","V01P107"
"rabi_0408","408","al-Jami al-Sahih (Musnad al-Rabi ibn Habib)","Ibadi","1","5","408","ما يتقي المحرم وما لا يتقى","ما يتقي المحرم وما لا يتقى","","أبو عبيدة عن جابر بن زيد عن أنس بن مالك قال: دخل رسول الله صلى الله عليه وسلم مكة عام الفتح وعلى رأسه المغفر، فلما نزعه جاءه رجل فقال له: يا رسول الله، ابن خطل متعلق بأستار الكعبة، فقال: «اقتلوه». قال جابر: وقد بلغني أن رسول الله صلى الله عليه وسلم يومئذ غير محرم.","","","","Ibadi","","","","","V01P108"
"rabi_0409","409","al-Jami al-Sahih (Musnad al-Rabi ibn Habib)","Ibadi","1","6","409","في الكعبة والمسجد والصفا والمروة","في الكعبة والمسجد والصفا والمروة","","أبو عبيدة قال: بلغني عن ابن عمر قال: سألت بلالا يوم دخل رسول الله صلى الله عليه وسلم الكعبة كيف صنع وما فعل؟ قال: جعل عمودا عن يساره، وعمودين عن يمينه، وثلاثة أعمدة وراءه، والبيت يومئذ على ستة أعمدة، ثم صلى وجعل بينه وبين الجدار نحوا من ثلاثة أذرع.","","","","Ibadi","","","","","V01P108"
"rabi_0410","410","al-Jami al-Sahih (Musnad al-Rabi ibn Habib)","Ibadi","1","6","410","في الكعبة والمسجد والصفا والمروة","في الكعبة والمسجد والصفا والمروة","","أبو عبيدة قال: بلغني عن عائشة أم المؤمنين رضي الله عنها قالت: قال رسول الله صلى الله عليه وسلم: «ألم تري قومك حين بنوا البيت اقتصروا على قواعد إبراهيم»؟ فقالت : يا رسول الله، ألا تردها إلى قواعد إبراهيم؟ قال: «لولا حدثان قومك بالكفر».","","","","Ibadi","","","","","V01P108"
"rabi_0411","411","al-Jami al-Sahih (Musnad al-Rabi ibn Habib)","Ibadi","1","6","411","في الكعبة والمسجد والصفا والمروة","في الكعبة والمسجد والصفا والمروة","","أبو عبيدة قال: بلغني أن رسول الله صلى الله عليه وسلم دخل الكعبة عام الفتح فصلى فيها ركعتين.","","","","Ibadi","","","","","V01P108"
"rabi_0412","412","al-Jami al-Sahih (Musnad al-Rabi ibn Habib)","Ibadi","1","6","412","في الكعبة والمسجد والصفا والمروة","في الكعبة والمسجد والصفا والمروة","","أبو عبيدة قال: سئل علي بن أبي طالب: بأي شيء بعثك رسول الله صلى الله عليه وسلم إلى أبي بكر في حجة عام تسع؟ قال: بأربع خصال: ألا يطوف بالبيت عريان، ولا تدخل الجنة إلا نفس مؤمنة، ولا يجتمع مسلم وكافر في الحرم بعد عامهم هذا، ومن كان له عند النبيء عهد فإلى عهده، ومن لم يكن له عهد فإلى أربعة أشهر.","","","","Ibadi","","","","","V01P109"
"rabi_0413","413","al-Jami al-Sahih (Musnad al-Rabi ibn Habib)","Ibadi","1","6","413","في الكعبة والمسجد والصفا والمروة","في الكعبة والمسجد والصفا والمروة","","أبو عبيدة عن جابر بن زيد عن جابر بن عبد الله قال رأيت رسول الله صلى الله عليه وسلم رمل إلى الحجر الأسود حتى انتهى إليه في ثلاثة أطواف، فإذا وقف على الصفا كبر ثلاثا ويقول: «لا إله إلا الله وحده لا شريك له له الملك وله الحمد يحيي ويميت وهو على كل شيء قدير». ويصنع على المروة مثل ذلك ثلاثا ثلاثا وإذا نزل من على الصفا مشى حتى إذا انصبت قدماه في بطن الوادي سعى حتى يخرج منه ونحر بعض هديه بيده ونحر بعضه غيره.","","","","Ibadi","","","","","V01P109"
"rabi_0414","414","al-Jami al-Sahih (Musnad al-Rabi ibn Habib)","Ibadi","1","6","414","في الكعبة والمسجد والصفا والمروة","في الكعبة والمسجد والصفا والمروة","","أبو عبيدة قال: بلغني عن عروة بن الزبير قال: قالت لي أم سلمة زوج النبيء صلى الله عليه وسلم: شكوت إلى رسول الله صلى الله عليه وسلم أني أشتكي قال: «طوفي بالبيت وراء الناس وأنت راكبة»، فطفت ورسول الله صلى الله عليه وسلم يصلي إلى جانب البيت وهو يقرأ {والطور وكتاب مسطور}.","","","","Ibadi","","","","","V01P109"
"rabi_0415","415","al-Jami al-Sahih (Musnad al-Rabi ibn Habib)","Ibadi","1","6","415","في الكعبة والمسجد والصفا والمروة","في الكعبة والمسجد والصفا والمروة","","أبو عبيدة قال: بلغني عن جابر بن عبد الله قال سمعت رسول الله صلى الله عليه وسلم يقول حين خرج من المسجد وهو يريد الصفا : «نبدأ بما بدأ الله به».","","","","Ibadi","","","","","V01P110"
"rabi_0416","416","al-Jami al-Sahih (Musnad al-Rabi ibn Habib)","Ibadi","1","6","416","في الكعبة والمسجد والصفا والمروة","في الكعبة والمسجد والصفا والمروة","","أبو عبيدة قال: بلغني عن عروة بن الزبير قال: قلت لعائشة وأنا يومئذ حديث السن: أرأيت قول الله تعالى: {إن الصفا والمروة من شعآئر الله فمن حج البيت أو اعتمر فلا جناح عليه أن يطوف بهما} فما أرى على أحد بأسا أن لا يطوف بهما، قالت عائشة رضي الله عنها: كلا، لو كان الأمر كما تقول كان: فلا جناح عليه أن لا يطوف بهما، وإنما نزلت هذه الآية في الأنصار كانوا يهلون من مناة، وكانت مناة خلف قديد، وكانوا يتحرجون أن يطوفوا بين الصفا والمروة، فلما جاء الإسلام سألوا رسول الله صلى الله عليه وسلم عن ذلك فأنزل الله تبارك وتعالى: {إن الصفا والمروة ... } الآية.","","","","Ibadi","","","","","V01P110"
"rabi_0417","417","al-Jami al-Sahih (Musnad al-Rabi ibn Habib)","Ibadi","1","6","417","في الكعبة والمسجد والصفا والمروة","في الكعبة والمسجد والصفا والمروة","","أبو عبيدة عن جابر بن زيد قال: جاء رجل إلى عبد الله بن عمر فقال: يا أبا عبد الرحمن، رأيتك تصنع أربعا ... الحديث .","","","","Ibadi","","","","","V01P110"
"rabi_0418","418","al-Jami al-Sahih (Musnad al-Rabi ibn Habib)","Ibadi","1","6","418","في الكعبة والمسجد والصفا والمروة","في الكعبة والمسجد والصفا والمروة","","أبو عبيدة عن جابر بن زيد قال: لما احترق بيت الله الحرام من أجل شرارة طارت بها الريح، قال بعض الناس قدر الله هذا: وقال آخرون: لم يقدر الله أن يحترق بيته، فمن ثم وقع الخلاف الأول في القدر. قال أبو عبيدة: وكان احتراقه يوم السبت لست ليال خلون من ربيع الأول سنة أربع وستين.","","","","Ibadi","","","","","V01P111"
"rabi_0419","419","al-Jami al-Sahih (Musnad al-Rabi ibn Habib)","Ibadi","1","6","419","في الكعبة والمسجد والصفا والمروة","في الكعبة والمسجد والصفا والمروة","","أبو عبيدة قال: بلغني أن رسول الله صلى الله عليه وسلم دخل الكعبة عام الفتح فصلى فيها ركعتين ثم خرج وقد أفضى بالناس حول الكعبة، فأخذ بعضادتي الباب فقال: «الحمد لله الذي صدق وعده، ونصر عبده، وهزم الأحزاب وحده، ماذا تقولون وماذا تظنون» قالوا: نقول خيرا، ونظن خيرا، أخ كريم، قدرت فأسجح ، قال: «وأنا أقول كما قال أخي يوسف: {لا تثريب عليكم اليوم يغفر الله لكم وهو أرحم الراحمين}، ألا إن كل ربا في الجاهلية ودم ومال أو مأثرة فهي تحت قدمي هاتين، إلا سدانة البيت وسقاية الحاج فإني قد أمضيتها لأهلها على ما كانتا عليه، ألا وإن الله تعالى قد أذهب نخوة الجاهلية وتكبرها بالآباء، كلكم لآدم وآدم من تراب، ليس إلا مؤمن تقي، أو فاجر شقي، وأكرمكم عند الله أتقاكم، ألا في قتيل العصا والسوط والخطأ شبه العمد الدية مغلظة: مائة من الإبل، منها أربعون خلفة. مكة حرام حرمها الله تعالى إلى يوم القيامة، لم تحل لأحد ولا تحل لأحد بعدي، وإنما أحلت لي ساعة من نهار» قال: فغمزها النبيء بيده وقال: «لا ينفر صيدها، ولا يقطع شجرها، ولا تحل لقطتها إلا لمنشد ولا يختلى خلاها»، فقال له العباس عمه - وكان شيخا مجربا -: إلا الإذخر يا رسول الله، فإنه لا بد منه للقبور ولظهور البيوت، فسكت النبيء صلى الله عليه وسلم قليلا ثم قال: «إلا الإذخر فإنه حلال».","","","","Ibadi","","","","","V01P112"
"rabi_0420","420","al-Jami al-Sahih (Musnad al-Rabi ibn Habib)","Ibadi","1","7","420","في عرفة والمزدلفة ومنى","في عرفة والمزدلفة ومنى","","أبو عبيدة عن جابر بن زيد عن أبي سعيد الخدري قال: اختلف ناس عند أم الفضل بنت الحارثة وهي والدة عبد الله بن العباس في يوم عرفة في صيام رسول الله صلى الله عليه وسلم، فقال قائلون: هو صائم، وقال آخرون: ليس بصائم، قال أبو سعيد: فأرسلت إليه أم الفضل بقدح لبن وهو واقف على بعيره، فشربه.","","","","Ibadi","","","","","V01P112"
"rabi_0421","421","al-Jami al-Sahih (Musnad al-Rabi ibn Habib)","Ibadi","1","7","421","في عرفة والمزدلفة ومنى","في عرفة والمزدلفة ومنى","","أبو عبيدة قال: بلغني عن أسامة بن زيد قال: دفع رسول الله صلى الله عليه وسلم من عرفة حتى إذا كان بالشعب فنزل وبال وتوضأ ولم يسبغ الوضوء، فقلت له الصلاة، فقال: «الصلاة أمامك»، فركب، فلما جاء المزدلفة نزل فتوضأ وأسبغ الوضوء، ثم أقيمت الصلاة فصلى المغرب ثم أناخ كل إنسان بعيره في منزله، ثم أقيمت العشاء فصلاها ولم يفصل بينهما بشيء.","","","","Ibadi","","","","","V01P112"
"rabi_0422","422","al-Jami al-Sahih (Musnad al-Rabi ibn Habib)","Ibadi","1","7","422","في عرفة والمزدلفة ومنى","في عرفة والمزدلفة ومنى","","أبو عبيدة قال: لما أذن الله تعالى لنبيئه أن يحج حجة الوداع وهي حجة التمام، فوقف بعرفة وقال: «أيها الناس إن الزمان قد استدار كهيئة يوم خلق الله السماوات والأرض، فلا شهر ينسى، ولا عدة تحصى، ألا وإن الحج في ذي الحجة إلى يوم القيامة». قال أبو عبيدة: لما أتم حجه خطب الناس بعرفة فقال: «إن أهل الشرك والأوثان كانوا يدفعون من عرفات إذا صارت الشمس على رؤوس الجبال كأنها عمائم الرجال في وجوههم، ويدفعون من المزدلفة إذا طلعت الشمس على رؤوس الجبال كأنها عمائم الرجال في وجوههم، وإنا لا ندفع من عرفات حتى تغرب الشمس، ويفطر الصائم، وندفع من المزدلفة غدا إن شاء الله قبل طلوع الشمس، هدينا مخالف لهدي أهل الشرك والأوثان».","","","","Ibadi","","","","","V01P113"
"rabi_0423","423","al-Jami al-Sahih (Musnad al-Rabi ibn Habib)","Ibadi","1","7","423","في عرفة والمزدلفة ومنى","في عرفة والمزدلفة ومنى","","أبو عبيدة عن جابر بن زيد قال: سئل أسامة بن زيد: كيف كان رسول الله صلى الله عليه وسلم يسير في حجة الوداع حين دفع؟ قال: كان يسير العنق، فإذا وجد فرجة نص والنص فوق العنق، والعنق هو السرعة في السير.","","","","Ibadi","","","","","V01P113"
"rabi_0424","424","al-Jami al-Sahih (Musnad al-Rabi ibn Habib)","Ibadi","1","7","424","في عرفة والمزدلفة ومنى","في عرفة والمزدلفة ومنى","","أبو عبيدة عن جابر بن زيد قال: بلغني عن أبي أيوب الأنصاري صاحب النبيء صلى الله عليه وسلم قال: صليت مع رسول الله صلى الله عليه وسلم في حجة الوداع المغرب والعشاء بالمزدلفة جميعا.","","","","Ibadi","","","","","V01P113"
"rabi_0425","425","al-Jami al-Sahih (Musnad al-Rabi ibn Habib)","Ibadi","1","7","425","في عرفة والمزدلفة ومنى","في عرفة والمزدلفة ومنى","","أبو عبيدة قال: بلغني عن ابن عمر قال: قال رسول الله صلى الله عليه وسلم: «إذا كنت بين الأخشبين بمنى - ونفخ بيده نحو المشرق - فإن هناك وادي السرر فيه سرحة سر تحتها سبعون نبيئا» يعني: قطعت فيه سررهم حين ولدوا.","","","","Ibadi","","","","","V01P114"
"rabi_0426","426","al-Jami al-Sahih (Musnad al-Rabi ibn Habib)","Ibadi","1","7","426","في عرفة والمزدلفة ومنى","في عرفة والمزدلفة ومنى","","أبو عبيدة قال: رخص رسول الله صلى الله عليه وسلم لرعاة الإبل في البيتوتة ويرمون يوم النحر ثم يرمون بالغداة ومن بعد الغد يرمون يومين ثم يرمون يوم النفر.","","","","Ibadi","","","","","V01P114"
"rabi_0427","427","al-Jami al-Sahih (Musnad al-Rabi ibn Habib)","Ibadi","1","8","427","في الهدي والجزاء والفدية","في الهدي والجزاء والفدية","","أبو عبيدة عن جابر بن زيد عن أبي سعيد الخدري قال: كتب زياد بن أبي سفيان إلى عائشة أم المؤمنين رضي الله عنها فقالت: إن عبد الله بن عباس يقول: من أهدى هديا يحرم عليه ما يحرم على الحاج حتى ينحر هديه، وقد بعثت بهديي فاكتبي إلي بأمرك، قال: قالت عائشة: ليس كما قال ابن عباس، أنا فتلت قليد هدي رسول الله صلى الله عليه وسلم بيدي، ثم قلدها رسول الله صلى الله عليه وسلم، ثم بعث بها مع أبي، فلم يحرم رسول الله شيئا أحله الله له حتى ينحر هديه.","","","","Ibadi","","","","","V01P114"
"rabi_0428","428","al-Jami al-Sahih (Musnad al-Rabi ibn Habib)","Ibadi","1","8","428","في الهدي والجزاء والفدية","في الهدي والجزاء والفدية","","أبو عبيدة عن جابر بن زيد عن أبي سعيد الخدري قال: قالت حفصة لرسول الله صلى الله عليه وسلم: ما بال الناس أحلوا بعمرة ولم تحلل أنت بعمرتك فقال: «إني لبدت رأسي وقلدت هديي فلا أحل حتى أنحر». به شعره.","","","","Ibadi","","","","","V01P115"
"rabi_0429","429","al-Jami al-Sahih (Musnad al-Rabi ibn Habib)","Ibadi","1","8","429","في الهدي والجزاء والفدية","في الهدي والجزاء والفدية","","أبو عبيدة عن جابر بن زيد عن أبي هريرة أن رسول الله رأى رجلا يسوق بدنة، فقال: اركبها، فقال: يا رسول الله إنها بدنة، قال: «اركبها» قال: إنها بدنة، قال: «اركبها ويلك» في الثانية أو الثالثة.","","","","Ibadi","","","","","V01P115"
"rabi_0430","430","al-Jami al-Sahih (Musnad al-Rabi ibn Habib)","Ibadi","1","8","430","في الهدي والجزاء والفدية","في الهدي والجزاء والفدية","","أبو عبيدة عن جابر بن زيد قال: قال جابر بن عبد الله: نحرنا مع رسول الله صلى الله عليه وسلم عام الحديبية البدنة عن سبعة، والبقرة عن سبعة.","","","","Ibadi","","","","","V01P115"
"rabi_0431","431","al-Jami al-Sahih (Musnad al-Rabi ibn Habib)","Ibadi","1","8","431","في الهدي والجزاء والفدية","في الهدي والجزاء والفدية","","أبو عبيدة عن جابر بن زيد عن عائشة أم المؤمنين رضي الله عنها قالت: خرجنا مع رسول الله صلى الله عليه وسلم لخمس ليال بقين من ذي القعدة، ولا نرى إلا أنه الحج، فلما دنونا من مكة أمر رسول الله صلى الله عليه وسلم من لم يكن معه هدي إذا طاف بالبيت وسعى بين الصفا والمروة أن يحل، قالت: فدخل علينا بلحم بقر يوم النحر، فقلت: ما هذا اللحم؟ فقال: نحر رسول الله صلى الله عليه وسلم عن أزواجه.","","","","Ibadi","","","","","V01P115"
"rabi_0432","432","al-Jami al-Sahih (Musnad al-Rabi ibn Habib)","Ibadi","1","8","432","في الهدي والجزاء والفدية","في الهدي والجزاء والفدية","","أبو عبيدة عن جابر بن زيد عن ابن عباس قال: خرج كعب بن عجرة يريد الحج مع رسول الله صلى الله عليه وسلم فآذاه القمل في رأسه، فأمره رسول الله أن يحلق رأسه، وقال له: «صم ثلاثة أيام، أو أطعم ستة مساكين مدين لكل مسكين، أو انسك بشاة أي ذلك فعلت أجزاك».","","","","Ibadi","","","","","V01P116"
"rabi_0433","433","al-Jami al-Sahih (Musnad al-Rabi ibn Habib)","Ibadi","1","9","433","في التمتع والإفراد والقران والرخصة","في التمتع والإفراد والقران والرخصة","","أبو عبيدة عن جابر بن زيد قال: بلغني عن سعد بن أبي وقاص والضحاك بن قيس اختلفا في التمتع بالعمرة إلى الحج فقال الضحاك: لا يصنع ذلك إلا من جهل أمر الله، فقال سعد: بئس ما قلت، فقال الضحاك: إن عمر بن الخطاب قد نهى عن ذلك فقال سعد: قد صنعها رسول الله صلى الله عليه وسلم وصنعناها معه.","","","","Ibadi","","","","","V01P116"
"rabi_0434","434","al-Jami al-Sahih (Musnad al-Rabi ibn Habib)","Ibadi","1","9","434","في التمتع والإفراد والقران والرخصة","في التمتع والإفراد والقران والرخصة","","أبو عبيدة عن جابر بن زيد عن عائشة رضي الله عنها قالت: أفرد رسول الله صلى الله عليه وسلم الحج.","","","","Ibadi","","","","","V01P116"
"rabi_0435","435","al-Jami al-Sahih (Musnad al-Rabi ibn Habib)","Ibadi","1","9","435","في التمتع والإفراد والقران والرخصة","في التمتع والإفراد والقران والرخصة","","أبو عبيدة عن جابر بن زيد قال: بلغني عن عبد الله بن عمرو بن العاص قال في حجة الوداع : إن رجلا جاء إلى رسول الله صلى الله عليه وسلم فقال: يا رسول الله لم أشعر فحلقت قبل أن أذبح، فقال له: «اذبح ولا حرج»، فجاءه آخر فقال له: يا رسول الله لم أشعر فنحرت قبل أن أرمي فقال: «ارم ولا حرج»، فما سئل في ذلك اليوم إلا وقال: «ولا حرج». ذلك اليوم.","","","","Ibadi","","","","","V01P117"
"rabi_0436","436","al-Jami al-Sahih (Musnad al-Rabi ibn Habib)","Ibadi","1","10","436","في الصيد للمحرم","في الصيد للمحرم","","أبو عبيدة عن جابر بن زيد عن ابن عباس قال: أهدى رجل إلى رسول الله صلى الله عليه وسلم حمارا وحشيا بالأبواء - يعني موضعا - فرد عليه، فلما رأى رسول الله صلى الله عليه وسلم الكراهة في وجهه قال: «إنا لم نرده عليك إلا أنا محرمون».","","","","Ibadi","","","","","V01P117"
"rabi_0437","437","al-Jami al-Sahih (Musnad al-Rabi ibn Habib)","Ibadi","1","10","437","في الصيد للمحرم","في الصيد للمحرم","","أبو عبيدة عن جابر بن زيد قال: قال ابن عباس: خرج رسول الله صلى الله عليه وسلم يريد مكة وهو محرم، حتى إذا بلغ الروحاء إذا هو بحمار وحش عقير، فذكر لرسول الله صلى الله عليه وسلم فقال: «دعوه يوشك أن يأتيه صاحبه». وأتى البهزي - وهو صاحبه - فقال: يا رسول الله شأنكم بهذا الحمار، فأمر رسول الله صلى الله عليه وسلم أبا بكر فقسمه بين الرفاق، ثم مضى حتى إذا كان بالأثاية بين الرويثة والعرج وهي مواضع فإذا بظبي حاقف في ظل وفيه سهم، فأمر رسول الله رجلا أن يقف عليه ولا يريبه أحد حتى يجاوزه. موضع المفازة، وقوله: «لا يريبه» أي لا يمسه بسوء.","","","","Ibadi","","","","","V01P118"
"rabi_0438","438","al-Jami al-Sahih (Musnad al-Rabi ibn Habib)","Ibadi","1","11","438","ما تفعل الحائض في الحج","ما تفعل الحائض في الحج","","أبو عبيدة عن جابر بن زيد عن عائشة أم المؤمنين رضي الله عنها قالت: خرجنا مع رسول الله صلى الله عليه وسلم في حجة الوداع، فأهللنا بعمرة، ثم قال رسول الله صلى الله عليه وسلم: «من كان معه هدي فليهل بالحج مع العمرة، ثم لا يحل حتى يتمهما جميعا». قالت: فقدمت مكة وأنا حائض فلم أطف بالبيت ولا بين الصفا والمروة، فشكوت ذلك إلى رسول الله صلى الله عليه وسلم فقال: «انقضي رأسك وامتشطي وأهلي بالحج ودعي العمرة»، قالت: ففعلت، فلما قضيت الحج أرسلني رسول الله صلى الله عليه وسلم مع عبد الرحمن بن أبي بكر إلى التنعيم، فاعتمرت، فقال: «هذا مكان عمرتك»، قالت: فطاف الذين أهلوا بالعمرة بالبيت وبين الصفا والمروة، ثم أحلوا، ثم طافوا طوافا آخر بعد أن رجعوا من منى لحجهم، وأما الذين أهلوا بالحج أو جمعوا الحج والعمرة فإنما طافوا طوافا واحدا.","","","","Ibadi","","","","","V01P118"
"rabi_0439","439","al-Jami al-Sahih (Musnad al-Rabi ibn Habib)","Ibadi","1","11","439","ما تفعل الحائض في الحج","ما تفعل الحائض في الحج","","أبو عبيدة عن جابر بن زيد عن عائشة رضي الله عنها قالت: قلت لرسول الله صلى الله عليه وسلم: إن صفية بنت حيي قد حاضت، فقال لها رسول الله صلى الله عليه وسلم: «لعلها حابستنا، ألم تكن قد طافت معكن بالبيت»؟ قلت: بلى، قال: «فاخرجن».","","","","Ibadi","","","","","V01P118"
"rabi_0440","440","al-Jami al-Sahih (Musnad al-Rabi ibn Habib)","Ibadi","1","11","440","ما تفعل الحائض في الحج","ما تفعل الحائض في الحج","","أبو عبيدة عن جابر بن زيد عن عائشة رضي الله عنها أنها قالت: قدمت مكة وأنا حائض ولم أطف بالبيت ولا بين الصفا والمروة، فشكوت ذلك إلى رسول الله صلى الله عليه وسلم فقال: «افعلي ما يفعل الحاج غير أنك لا تطوفي بالبيت حتى تطهري».","","","","Ibadi","","","","","V01P119"
"rabi_0441","441","al-Jami al-Sahih (Musnad al-Rabi ibn Habib)","Ibadi","1","11","441","ما تفعل الحائض في الحج","ما تفعل الحائض في الحج","","أبو عبيدة عن جابر بن زيد عن عائشة رضي الله عنها قالت: إن صفية بنت حيي زوج النبيء صلى الله عليه وسلم حاضت ، فذكرت ذلك لرسول الله صلى الله عليه وسلم فقال: «أحابستنا هي»؟ فقيل: إنها أفاضت، قال: «فلا إذن».","","","","Ibadi","","","","","V01P119"
"rabi_0442","442","al-Jami al-Sahih (Musnad al-Rabi ibn Habib)","Ibadi","1","11","442","ما تفعل الحائض في الحج","ما تفعل الحائض في الحج","","أبو عبيدة عن جابر بن زيد عن عائشة أم المؤمنين رضي الله عنها قالت: إن أسماء بنت عميس ولدت محمد بن أبي بكر بالبيداء، فذكر أبو بكر لرسول الله صلى الله عليه وسلم فقال: «مرها فلتغتسل ثم لتهلل».","","","","Ibadi","","","","","V01P119"
"rabi_0443","443","al-Jami al-Sahih (Musnad al-Rabi ibn Habib)","Ibadi","1","12","443","في فضل الحج والعمرة","في فضل الحج والعمرة","","أبو عبيدة عن جابر بن زيد عن أبي هريرة قال: قال رسول الله صلى الله عليه وسلم: «العمرة إلى العمرة كفارة لما بينهما، والحج المبرور ليس له جزاء إلا الجنة».","","","","Ibadi","","","","","V01P119"
"rabi_0444","444","al-Jami al-Sahih (Musnad al-Rabi ibn Habib)","Ibadi","1","12","444","في فضل الحج والعمرة","في فضل الحج والعمرة","","أبو عبيدة عن جابر بن زيد عن عائشة رضي الله عنها قالت: قال رسول الله صلى الله عليه وسلم: «اللهم ارحم المحلقين» قالوا: يا رسول الله والمقصرين، قال: «والمقصرين». كتاب الجهاد","","","","Ibadi","","","","","V01P120"
"rabi_0445","445","al-Jami al-Sahih (Musnad al-Rabi ibn Habib)","Ibadi","1","13","445","في البيعة","في البيعة","","أبو عبيدة عن جابر بن زيد قال عبادة بن الصامت قال: بايعنا رسول الله صلى الله عليه وسلم على السمع والطاعة في العسر واليسر، والمكره والمنشط، ولا ننازع الأمر أهله، وأن نقول الحق، ونقوم بالحق حيثما كنا، ولا نخاف في الله لومة لائم.","","","","Ibadi","","","","","V01P120"
"rabi_0446","446","al-Jami al-Sahih (Musnad al-Rabi ibn Habib)","Ibadi","1","13","446","في البيعة","في البيعة","","أبو عبيدة عن جابر بن زيد عن ابن عمر قال: بايعنا رسول الله على السمع والطاعة، ويقول: «فيما استطعتم». قال جابر: وسمعت من الصحابة من يقول: بايعهم على أن لا يفروا.","","","","Ibadi","","","","","V01P120"
"rabi_0447","447","al-Jami al-Sahih (Musnad al-Rabi ibn Habib)","Ibadi","1","13","447","في البيعة","في البيعة","","أبو عبيدة عن جابر بن زيد قال: سمعت جابر بن عبد الله يقول: بايع أعرابي رسول الله صلى الله عليه وسلم وأصاب الأعرابي وعك بالمدينة، فقال: يا رسول الله أقلني بيعتي فأبى له رسول الله صلى الله عليه وسلم، ثم جاءه ثانية وثالثة، فأبى له، فخرج الأعرابي، فقال رسول الله صلى الله عليه وسلم: «إنما المدينة كالكير تنفي خبثها وتمسك طيبها».","","","","Ibadi","","","","","V01P120"
"rabi_0448","448","al-Jami al-Sahih (Musnad al-Rabi ibn Habib)","Ibadi","1","14","448","في عدة الشهداء","في عدة الشهداء","","أبو عبيدة عن جابر بن زيد عن ابن عباس عن النبيء صلى الله عليه وسلم قال: «المقتول دون ماله شهيد». وقال أيضا: «أفضل الأعمال كلمة حق يقتل عليها عند سلطان جائر».","","","","Ibadi","","","","","V01P121"
"rabi_0449","449","al-Jami al-Sahih (Musnad al-Rabi ibn Habib)","Ibadi","1","14","449","في عدة الشهداء","في عدة الشهداء","","أبو عبيدة عن جابر بن زيد عن أبي هريرة قال: قال رسول الله صلى الله عليه وسلم: «الشهداء خمسة: المطعون، والمبطون، والغريق، وصاحب الهدم، والشهيد في سبيل الله».","","","","Ibadi","","","","","V01P121"
"rabi_0450","450","al-Jami al-Sahih (Musnad al-Rabi ibn Habib)","Ibadi","1","14","450","في عدة الشهداء","في عدة الشهداء","","قال الربيع: قال ابن عباس: قال النبيء صلى الله عليه وسلم: «الشهيد يغفر له عند أول قطرة تقطر من دمه في سبيل الله، ويجار من عذاب القبر».","","","","Ibadi","","","","","V01P121"
"rabi_0451","451","al-Jami al-Sahih (Musnad al-Rabi ibn Habib)","Ibadi","1","14","451","في عدة الشهداء","في عدة الشهداء","","وقال صلى الله عليه وسلم: «إن لم يكن الشهداء من أمتي إلا من قتل بالسيف فهم إذن قليل»، ثم قال صلى الله عليه وسلم: «القتيل شهيد وصاحب الهدم شهيد، والمبطون شهيد، والغريق شهيد، ومن أكله السبع شهيد، والسليم شهيد - يعني اللذيغ - وصاحب السل شهيد، ومن مات مرابطا في سبيل الله شهيد، ومن ذكر الله تعالى إذا أخذ مضجعه ثم مات فهو شهيد، والنفساء ومن مات على فراشه يريد أن تكون كلمة الله هي العليا وكلمة الذين كفروا السفلى شهيد».","","","","Ibadi","","","","","V01P121"
"rabi_0452","452","al-Jami al-Sahih (Musnad al-Rabi ibn Habib)","Ibadi","1","15","452","في فضل الشهادة (¬2)","في فضل الشهادة (¬2)","","أبو عبيدة عن جابر بن زيد عن أبي هريرة عن النبيء صلى الله عليه وسلم قال: «والذي نفسي بيده لوددت أن أقاتل في سبيل الله فأقتل، ثم أحيا ثم أقتل، ثم أحيا ثم أقتل».","","","","Ibadi","","","","","V01P122"
"rabi_0453","453","al-Jami al-Sahih (Musnad al-Rabi ibn Habib)","Ibadi","1","15","453","في فضل الشهادة (¬2)","في فضل الشهادة (¬2)","","أبو عبيدة عن جابر بن زيد عن أبي هريرة عن النبيء صلى الله عليه وسلم قال: «والذي نفسي بيده لا يكلم أحد في سبيل الله - والله أعلم بمن يكلم في سبيله إلا جاء يوم القيامة وجرحه يثعب دما، اللون لون الدم والريح ريح المسك».","","","","Ibadi","","","","","V01P122"
"rabi_0454","454","al-Jami al-Sahih (Musnad al-Rabi ibn Habib)","Ibadi","1","15","454","في فضل الشهادة (¬2)","في فضل الشهادة (¬2)","","ومن طريقه أيضا عنه عليه السلام قال: «مثل المجاهد في سبيل الله كمثل الصائم القائم الذي لا يفتر عن صلاة ولا صيام حتى يرجع».","","","","Ibadi","","","","","V01P122"
"rabi_0455","455","al-Jami al-Sahih (Musnad al-Rabi ibn Habib)","Ibadi","1","15","455","في فضل الشهادة (¬2)","في فضل الشهادة (¬2)","","أبو عبيدة عن جابر بن زيد قال: قال رسول الله صلى الله عليه وسلم: «أفضل الأعمال كلمة حق يقتل عليها صاحبها عند سلطان جائر».","","","","Ibadi","","","","","V01P122"
"rabi_0456","456","al-Jami al-Sahih (Musnad al-Rabi ibn Habib)","Ibadi","1","15","456","في فضل الشهادة (¬2)","في فضل الشهادة (¬2)","","أبو عبيدة عن جابر بن زيد عن أبي هريرة عن النبيء صلى الله عليه وسلم قال: «تكفل الله للمجاهد في سبيل الله ولا يخرجه من بيته إلا الجهاد في سبيل الله وتصديق كلماته أن يدخله الجنة، أو يرده إلى مسكنه الذي خرج منه مع ما نال من أجر أو غنيمة» .","","","","Ibadi","","","","","V01P122"
"rabi_0457","457","al-Jami al-Sahih (Musnad al-Rabi ibn Habib)","Ibadi","1","15","457","في فضل الشهادة (¬2)","في فضل الشهادة (¬2)","","أبو عبيدة عن جابر بن زيد قال: حدثني عبد الله بن عمر قال: جاء رجل إلى رسول الله صلى الله عليه وسلم فقال: يا رسول الله إن قتلت في سبيل الله صابرا محتسبا مقبلا غير مدبر، أيكفر الله عني خطاياي؟ قال: «نعم»، فلما أدبر الرجل ناداه رسول الله صلى الله عليه وسلم، فنودي له، فقال: «كيف قلت»؟ فأعاد قوله، فقال: «نعم، إلا الدين، كذلك قال لي جبريل عليه السلام».","","","","Ibadi","","","","","V01P123"
"rabi_0458","458","al-Jami al-Sahih (Musnad al-Rabi ibn Habib)","Ibadi","1","15","458","في فضل الشهادة (¬2)","في فضل الشهادة (¬2)","","أبو عبيدة عن جابر بن زيد عن ابن عباس عن النبيء صلى الله عليه وسلم قال: «المقتول في المعركة لا يغسل، فإن دمه يعود مسكا يوم القيامة».","","","","Ibadi","","","","","V01P123"
"rabi_0459","459","al-Jami al-Sahih (Musnad al-Rabi ibn Habib)","Ibadi","1","15","459","في فضل الشهادة (¬2)","في فضل الشهادة (¬2)","","أبو عبيدة عن جابر بن زيد عن ابن عباس قال: قال رسول الله صلى الله عليه وسلم في الشهداء: «زملوهم في ثيابهم»، أي لفوهم فيها من غير غسل.","","","","Ibadi","","","","","V01P123"
"rabi_0460","460","al-Jami al-Sahih (Musnad al-Rabi ibn Habib)","Ibadi","1","15","460","في فضل الشهادة (¬2)","في فضل الشهادة (¬2)","","أبو عبيدة عن جابر بن زيد عن أبي هريرة قال: قال رسول الله صلى الله عليه وسلم: «لولا أن أشق على أمتي لأحببت أن لا أتخلف عن سرية تخرج في سبيل الله، ولكن لا أجد ما أحملكم عليه ولا تجدون ما تحملون عليه، ويشق عليكم أن تتخلفوا بعدي».","","","","Ibadi","","","","","V01P123"
"rabi_0461","461","al-Jami al-Sahih (Musnad al-Rabi ibn Habib)","Ibadi","1","16","461","في الخيل","في الخيل","","أبو عبيدة قال: بلغني عن رسول الله صلى الله عليه وسلم إنه سابق بين الخيل التي ضمرت من الحفياء وكان أمدها ثنية الوداع، وسابق بين الخيل التي لم تضمر من الثنية إلى مسجد بني زريق، وقد بلغني أن عبد الله بن عمر كان ممن سبق .","","","","Ibadi","","","","","V01P123"
"rabi_0462","462","al-Jami al-Sahih (Musnad al-Rabi ibn Habib)","Ibadi","1","16","462","في الخيل","في الخيل","","أبو عبيدة عن جابر بن زيد عن أبي سعيد الخدري أن عمر بن الخطاب رضي الله عنه حمل رجلا على فرس عتيق في سبيل الله فوجده يباع في السوق فسأل عنه رسول الله صلى الله عليه وسلم فقال: «لا تبتعه ولا تعد في صدقتك فإن العائد في صدقته كالكلب العائد في قيئه».","","","","Ibadi","","","","","V01P124"
"rabi_0463","463","al-Jami al-Sahih (Musnad al-Rabi ibn Habib)","Ibadi","1","16","463","في الخيل","في الخيل","","أبو عبيدة عن جابر بن زيد عن أبي هريرة قال: قال رسول الله صلى الله عليه وسلم: «الخيل لرجل أجر ولرجل ستر، وعلى رجل وزر، فأما التي هي له أجر فرجل ربطها في سبيل الله فأطال لها في مرج أو روضة فما أصابت في طيلها ذلك من المرج أو الروضة كان له حسنات، ولو أنها قطعت طيلها ذلك فاستنت شرفا أو شرفين كانت آثارها وأرواثها حسنات له لو أنها مرت بنهر فشربت منه ولم يرد أن تشرب منه كان له ذلك حسنات فهي له أجر؛ ورجل ربطها تغنيا وتعففا ولم ينس حق الله في رقابها ولا في ظهورها فهي له ستر؛ ورجل ربطها فخرا ورياءا ونواء لأهل الإسلام فهي على ذلك وزر». الرعي. فاستنت أي مرحت تجري. ولم ينس حق الله أي لم يترك حق الله. ونواء لأهل الإسلام أي عداوة لأهل الإسلام.","","","","Ibadi","","","","","V01P125"
"rabi_0464","464","al-Jami al-Sahih (Musnad al-Rabi ibn Habib)","Ibadi","1","17","464","جامع الغزو في سبيل الله","جامع الغزو في سبيل الله","","أبو عبيدة عن جابر بن زيد عن ابن عباس قال: قال رسول الله صلى الله عليه وسلم: «أمرت أن أقاتل الناس حتى يقولوا لا إله إلا الله، فإذا قالوها عصموا مني دماءهم وأموالهم إلا بحقها». وفي رواية أخرى: «دماؤكم وأموالكم عليكم حرام».","","","","Ibadi","","","","","V01P125"
"rabi_0465","465","al-Jami al-Sahih (Musnad al-Rabi ibn Habib)","Ibadi","1","17","465","جامع الغزو في سبيل الله","جامع الغزو في سبيل الله","","أبو عبيدة عن جابر بن زيد عن عائشة رضي الله عنها قالت: قال رسول الله صلى الله عليه وسلم: «من حمل علينا السلاح فليس منا».","","","","Ibadi","","","","","V01P125"
"rabi_0466","466","al-Jami al-Sahih (Musnad al-Rabi ibn Habib)","Ibadi","1","17","466","جامع الغزو في سبيل الله","جامع الغزو في سبيل الله","","الربيع عن أبي أيوب الأنصاري قال: سمعت رسول الله صلى الله عليه وسلم يقول: «غدوة في سبيل الله أو روحة خير مما طلعت عليه الشمس».","","","","Ibadi","","","","","V01P125"
"rabi_0467","467","al-Jami al-Sahih (Musnad al-Rabi ibn Habib)","Ibadi","1","17","467","جامع الغزو في سبيل الله","جامع الغزو في سبيل الله","","أبو عبيدة عن جابر بن زيد قال: بلغني عن أبي قتادة قال: خرجنا مع رسول الله صلى الله عليه وسلم عام حنين، فلما التقينا كان للمسلمين جولة، قال: فرأيت رجلا من المشركين قد علا رجلا من المسلمين، قال: فاستدرت له حتى أتيته من خلفه وضربته بالسيف على حبل عاتقه حتى قطعت الدرع، قال: فأقبل علي وضمني ضمة وجدت منها ريح الموت ثم أدركه الموت فأرسلني، ثم مضيت فسمعت رسول الله صلى الله عليه وسلم يقول: «من قتل قتيلا له عليه بينة فله سلبه». قال: فقمت فقلت: من يشهد لي؟ فجلست، ثم قال رسول الله صلى الله عليه وسلم: «كذلك أيضا» فقمت فقلت: من يشهد لي؟ ثم قال: «الثالثة» فقمت، فقال رسول الله: «ما لك يا أبا قتادة»، فقصصت عليه القصة، فقال رجل من القوم: صدق يا رسول الله وسلبه عندي، فأرضه منه، فقال أبو بكر الصديق: لا والله، لا يعمد إلى أسد من أسود الله يقاتل عن الله ورسوله فيعطيك سلبه، فقال رسول الله صلى الله عليه وسلم: «صدق فأعطه إياه»، قال أبو قتادة: فأعطانيه، فبعت الدرع وابتعت منها مخرفا في بني سلمة وإنه لأول مال تأثلته في الإسلام.","","","","Ibadi","","","","","V01P126"
"rabi_0468","468","al-Jami al-Sahih (Musnad al-Rabi ibn Habib)","Ibadi","1","17","468","جامع الغزو في سبيل الله","جامع الغزو في سبيل الله","","أبو عبيدة قال: سمعت عن أنس بن مالك قال: خرج رسول الله صلى الله عليه وسلم إلى خيبر فأتاها ليلا، وكان إذا أتى قوما ليلا لم يغر حتى يصبح، فأصبح فخرجت يهود بمساحيهم ومكاتلهم، فلما رأوه قالوا: محمد والله والخميس! فقال: رسول الله صلى الله عليه وسلم: «الله أكبر خرجت خيبر إنا إذا نزلنا بساحة قوم فساء صباح المنذرين».","","","","Ibadi","","","","","V01P126"
"rabi_0469","469","al-Jami al-Sahih (Musnad al-Rabi ibn Habib)","Ibadi","1","17","469","جامع الغزو في سبيل الله","جامع الغزو في سبيل الله","","الربيع عن عبادة بن الصامت قال: صلى بنا رسول الله صلى الله عليه وسلم ومر بنا بعير من المغنم فلما انصرفت تناول قرادة من دبر البعير فقال: «ما يحل لي من غنائمكم ما يزن هذه إلا الخمس وهو مردود فيكم». وغزوة السلاسل مذكورة في باب التيمم، وغزوة ذي أنمار مذكورة في باب الثياب، وغزوة أبي عبيدة بن الجراح مذكورة في باب الطعام.","","","","Ibadi","","","","","V01P126"
"rabi_0470","470","al-Jami al-Sahih (Musnad al-Rabi ibn Habib)","Ibadi","1","17","470","جامع الغزو في سبيل الله","جامع الغزو في سبيل الله","","أبو عبيدة عن جابر بن زيد عن أبي هريرة قال: خرجنا مع رسول الله صلى الله عليه وسلم عام خيبر ولم نغنم ذهبا ولا فضة إلا الأموال والمتاع، فأهدى رجل من بني الضبيب يقال له رفاعة بن زيد إلى رسول الله صلى الله عليه وسلم غلاما أسود يقال له مدعم، فوجه رسول الله صلى الله عليه وسلم إلى وادي القرى حتى إذا كنا بينما مدعم يحط رحال رسول الله صلى الله عليه وسلم إذ جاء سهم غرب فأصابه فقتله فقال الناس هنيئا له الجنة، فقال النبيء صلى الله عليه وسلم: «لا والذي نفسي بيده إن الشملة التي أخذها من المغانم يوم خيبر لم تصبها المقاسم لتشتعل عليه نارا». فلما سمع الناس ذلك جاء رجل بشراك أو شراكين، فقال له رسول الله صلى الله عليه وسلم: «شراك أو شراكان من النار». كتاب الجنائز","","","","Ibadi","","","","","V01P127"
"rabi_0471","471","al-Jami al-Sahih (Musnad al-Rabi ibn Habib)","Ibadi","1","18","471","الكفن والغسل","الكفن والغسل","","أبو عبيدة عن جابر بن زيد عن ابن عباس قال: قال رسول الله صلى الله عليه وسلم: «عليكم بهذه الثياب البيض، ألبسوها أحياءكم وكفنوا فيها موتاكم، فإنها خير ثيابكم، ولا تكفنوهم في حرير، ولا مع شيء من الذهب، لأنهما محرمان على رجال أمتي، ومحللان لنسائها».","","","","Ibadi","","","","","V01P127"
"rabi_0472","472","al-Jami al-Sahih (Musnad al-Rabi ibn Habib)","Ibadi","1","18","472","الكفن والغسل","الكفن والغسل","","ومن طريقه أيضا عنه عليه السلام قال: «المقتول في المعركة لا يغسل، فإن دمه يعود يوم القيامة مسكا ». قال ابن عباس: الكفن من رأس المال، لقول رسول الله صلى الله عليه وسلم في ميت مات بحضرته: «كفنوه في ثوبيه» فأضافهما إليه.","","","","Ibadi","","","","","V01P128"
"rabi_0473","473","al-Jami al-Sahih (Musnad al-Rabi ibn Habib)","Ibadi","1","18","473","الكفن والغسل","الكفن والغسل","","ومن طريق ابن عباس قال: دفع النبيء صلى الله عليه وسلم في كفن ابنته أم كلثوم خمسة أثواب.","","","","Ibadi","","","","","V01P128"
"rabi_0474","474","al-Jami al-Sahih (Musnad al-Rabi ibn Habib)","Ibadi","1","18","474","الكفن والغسل","الكفن والغسل","","أبو عبيدة عن جابر بن زيد عن عائشة رضي الله عنها قالت: كفن رسول الله صلى الله عليه وسلم في ثلاثة أثواب بيض سحولية ليس فيها قميص ولا عمامة.","","","","Ibadi","","","","","V01P128"
"rabi_0475","475","al-Jami al-Sahih (Musnad al-Rabi ibn Habib)","Ibadi","1","18","475","الكفن والغسل","الكفن والغسل","","أبو عبيدة قال: بلغنا عن محمد بن سيرين قال: قالت أم عطية الأنصارية: دخل علينا رسول الله صلى الله عليه وسلم حين توفيت ابنته فقال: «اغسلنها ثلاثا أو خمسا أو أكثر من ذلك، إن رأيتن ذلك بماء وسدر واجعلن في الآخرة شيئا من كافور، فإذا فرغتن فآذنني»، فلما فرغنا آذناه فأعطانا حقوه وقال: «أشعرنها إياه».","","","","Ibadi","","","","","V01P128"
"rabi_0476","476","al-Jami al-Sahih (Musnad al-Rabi ibn Habib)","Ibadi","1","18","476","الكفن والغسل","الكفن والغسل","","ومن طريق ابن عباس قال: لا ينبغي أن تحبس جيفة مسلم بين ظهراني أهله، وقال صلى الله عليه وسلم: «اغسلوا موتاكم»، فوجب غسل الميت على من حضره لقوله عليه السلام.","","","","Ibadi","","","","","V01P128"
"rabi_0477","477","al-Jami al-Sahih (Musnad al-Rabi ibn Habib)","Ibadi","1","18","477","الكفن والغسل","الكفن والغسل","","أبو عبيدة عن جابر بن زيد عن ابن عباس قال: سئل رسول الله صلى الله عليه وسلم عن امرأة ماتت، فأمر بتفريق شعر رأسها عند غسلها، والله أعلم.","","","","Ibadi","","","","","V01P129"
"rabi_0478","478","al-Jami al-Sahih (Musnad al-Rabi ibn Habib)","Ibadi","1","19","478","صلاة الجنائز","صلاة الجنائز","","أبو عبيدة عن جابر بن زيد عن ابن عباس عن النبيء صلى الله عليه وسلم قال: «أولى بالصلاة على الميت أفضل القوم ورعا وأسنهم في ذكر الله».","","","","Ibadi","","","","","V01P129"
"rabi_0479","479","al-Jami al-Sahih (Musnad al-Rabi ibn Habib)","Ibadi","1","19","479","صلاة الجنائز","صلاة الجنائز","","أبو عبيدة عن جابر بن زيد عن أبي هريرة أن النبيء صلى الله عليه وسلم نعى للناس النجاشي في اليوم الذي مات فيه، فخرج بهم إلى المصلى، فصفهم ، وكبر أربع تكبيرات.","","","","Ibadi","","","","","V01P129"
"rabi_0480","480","al-Jami al-Sahih (Musnad al-Rabi ibn Habib)","Ibadi","1","19","480","صلاة الجنائز","صلاة الجنائز","","أبو عبيدة عن جابر عن عائشة رضي الله عنها قالت: قام رسول الله صلى الله عليه وسلم ذات يوم فلبس ثيابه، ثم قام فأمرت جاريتي بريرة تتبعه، فتبعته حتى جاء إلى البقيع، فوقف، فوقفت بقربه ما شاء الله أن يقف، فانصرف، فسبقته، فأخبرتني، فلم أذكر شيئا لرسول الله صلى الله عليه وسلم حتى أصبح فسألته فقال: «بعثت إلى أهل البقيع لأصلي عليهم».","","","","Ibadi","","","","","V01P129"
"rabi_0481","481","al-Jami al-Sahih (Musnad al-Rabi ibn Habib)","Ibadi","1","20","481","في القبور","في القبور","","أبو عبيدة عن جابر بن زيد أبو عبيدة عن جابر عن ابن عباس عن النبيء صلى الله عليه وسلم قال: «كنت نهيتكم عن زيارة القبور، ألا فزوروها ولا تقولوا هجرا». لا تدعوا بالويل والعويل وبما يسخط الرب.","","","","Ibadi","","","","","V01P129"
"rabi_0482","482","al-Jami al-Sahih (Musnad al-Rabi ibn Habib)","Ibadi","1","20","482","في القبور","في القبور","","ومن طريق ابن عباس عن النبيء صلى الله عليه وسلم أنه نهى عن تقصيص القبور، أي عن تجصيصها.","","","","Ibadi","","","","","V01P130"
"rabi_0483","483","al-Jami al-Sahih (Musnad al-Rabi ibn Habib)","Ibadi","1","20","483","في القبور","في القبور","","أبو عبيدة عن جابر عن عائشة رضي الله عنها قالت: سمعت أن عبد الله بن عمر يقول: إن الميت ليعذب ببكاء الأحياء، قالت عائشة: يغفر الله لأبي عبد الرحمن، أما إنه لم يكذب ولكنه نسي أو أخطأ، ولعله إنما سمع من رسول الله صلى الله عليه وسلم ما قال حين مر بيهودية ماتت وأهلها يبكون عليها فقال: «إنهم ليبكون عليها وإنها لتعذب في قبرها». قال جابر: قالت عائشة رضي الله عنها: ولا يعذب أحد ببكاء أهله، وإنما يعذب بعمله السوء.","","","","Ibadi","","","","","V01P130"
"rabi_0484","484","al-Jami al-Sahih (Musnad al-Rabi ibn Habib)","Ibadi","1","20","484","في القبور","في القبور","","أبو عبيدة عن جابر بن زيد عن أبي سعيد الخدري أن رسول الله صلى الله عليه وسلم قال: «إن أحدكم إذا مات عرض عليه مقعده بالغداة والعشي، إن كان من أهل الجنة فمن أهل الجنة، وإن كان من أهل النار فمن أهل النار، فيقال له: هذا مقعدك حتى يبعثك الله يوم القيامة».","","","","Ibadi","","","","","V01P130"
"rabi_0485","485","al-Jami al-Sahih (Musnad al-Rabi ibn Habib)","Ibadi","1","20","485","في القبور","في القبور","","أبو عبيدة عن جابر بن زيد عن أبي هريرة أن الرسول صلى الله عليه وسلم خرج إلى المقبرة فقال: «السلام عليكم دار قوم مؤمنين ... » الحديث .","","","","Ibadi","","","","","V01P130"
"rabi_0486","486","al-Jami al-Sahih (Musnad al-Rabi ibn Habib)","Ibadi","1","20","486","في القبور","في القبور","","أبو عبيدة قال: مرت جنازة برسول الله صلى الله عليه وسلم فقال: «مستريح أو مستراح منه» فقالوا: يا رسول الله ما المستريح وما المستراح منه؟ قال: «العبد المؤمن يستريح من نصب الدنيا وأذاها إلى رحمة الله، والعبد الفاجر تستريح منه البلاد والناس والدواب والشجر».","","","","Ibadi","","","","","V01P131"
"rabi_0487","487","al-Jami al-Sahih (Musnad al-Rabi ibn Habib)","Ibadi","1","20","487","في القبور","في القبور","","أبو عبيدة عن جابر قال: بلغنا عن رسول الله صلى الله عليه وسلم أنه مر برجلين يعذبان في القبر فقال: «يعذبان وما يعذبان بكبيرة، أما أحدهما فقد كان لا يستبرئ من البول، وأما الآخر فقد كان يمشي بين الناس بالنميمة». قال أبو عبيدة: وكان جابر ممن يثبت عذاب القبر.","","","","Ibadi","","","","","V01P131"
"rabi_0488","488","al-Jami al-Sahih (Musnad al-Rabi ibn Habib)","Ibadi","1","20","488","في القبور","في القبور","","الربيع عن أبي أيوب الأنصاري أن رسول الله صلى الله عليه وسلم سمع صوتا حين غربت الشمس فقال: «هذه أصوات اليهود يعذبون في قبورهم».","","","","Ibadi","","","","","V01P131"
"rabi_0489","489","al-Jami al-Sahih (Musnad al-Rabi ibn Habib)","Ibadi","1","20","489","في القبور","في القبور","","أبو عبيدة عن جابر عن أبي هريرة أن رسول الله صلى الله عليه وسلم قال: «لا تقوم الساعة حتى يمر رجل بقبر الرجل فيقول: ياليتني كنت مكانه». كتاب الأذكار","","","","Ibadi","","","","","V01P131"
"rabi_0490","490","al-Jami al-Sahih (Musnad al-Rabi ibn Habib)","Ibadi","1","21","490","في الدعاء","في الدعاء","","أبو عبيدة عن جابر بن زيد عن ابن عباس أن النبيء صلى الله عليه وسلم كان يعلمهم هذا الدعاء كما يعلمهم السورة من القرآن: «اللهم إني أعوذ بك من عذاب القبر، وأعوذ بك من عذاب جهنم، وأعوذ بك من فتنة المسيح الدجال، وأعوذ بك من فتنة المحيا والممات».","","","","Ibadi","","","","","V01P132"
"rabi_0491","491","al-Jami al-Sahih (Musnad al-Rabi ibn Habib)","Ibadi","1","21","491","في الدعاء","في الدعاء","","أبو عبيدة عن جابر بن زيد عن ابن عباس أن النبيء صلى الله عليه وسلم كان إذا قام إلى الصلاة في جوف الليل قال: «اللهم لك الحمد أنت نور السماوات والأرض، ولك الحمد أنت قيوم السماوات والأرض، ولك الحمد أنت رب السماوات والأرض ومن فيهن، أنت الحق وقولك الحق، ووعدك الحق، اللهم لك أسلمت، وبك آمنت، وعليك توكلت، وإليك أنبت، وبك خاصمت، وإليك حاكمت، فاغفر لي ما قدمت وأخرت، وأسررت وأعلنت، أنت إلهي لا إله إلا أنت».","","","","Ibadi","","","","","V01P132"
"rabi_0492","492","al-Jami al-Sahih (Musnad al-Rabi ibn Habib)","Ibadi","1","21","492","في الدعاء","في الدعاء","","الربيع عن عبادة بن الصامت قال: كان رسول الله صلى الله عليه وسلم إذا رأى الهلال قال: «الله أكبر الله أكبر» مرتين «الحمد لله لا حول ولا قوة إلا بالله، اللهم إني أسألك خير هذا الشهر، وأعوذ بك من سوء القدر، ومن شر يوم المحشر».","","","","Ibadi","","","","","V01P132"
"rabi_0493","493","al-Jami al-Sahih (Musnad al-Rabi ibn Habib)","Ibadi","1","21","493","في الدعاء","في الدعاء","","أبو عبيدة عن جابر عن عائشة رضي الله عنها أنها قالت: سمعت رسول الله صلى الله عليه وسلم يقول قبل أن يموت وهو مستند على صدري وأصغيت إليه: «اللهم اغفر لي وارحمني، وألحقني بالرفيق الأعلى».","","","","Ibadi","","","","","V01P132"
"rabi_0494","494","al-Jami al-Sahih (Musnad al-Rabi ibn Habib)","Ibadi","1","21","494","في الدعاء","في الدعاء","","قال: وبلغنا عن عائشة أنها قالت: قال رسول الله صلى الله عليه وسلم: «ما من نبيء يموت حتى يخير» وهو يقول: «اللهم الرفيق الأعلى». فعرفت أنه ذاهب.","","","","Ibadi","","","","","V01P133"
"rabi_0495","495","al-Jami al-Sahih (Musnad al-Rabi ibn Habib)","Ibadi","1","21","495","في الدعاء","في الدعاء","","الربيع عن عبادة بن الصامت عن رسول الله صلى الله عليه وسلم أن جبريل عليه السلام رقاه وهو يوعك، فقال: «بسم الله أرقيك من كل داء يؤذيك، ومن كل حاسد إذا حسد، ومن كل عين، واسم الله يشفيك».","","","","Ibadi","","","","","V01P133"
"rabi_0496","496","al-Jami al-Sahih (Musnad al-Rabi ibn Habib)","Ibadi","1","21","496","في الدعاء","في الدعاء","","أبو عبيدة عن جابر بن زيد عن أنس بن مالك قال: جاء رجل إلى رسول الله صلى الله عليه وسلم فقال: يا رسول الله هلكت المواشي، وانقطعت السبل، فادع الله أن يأتينا برحمة، قال أنس: فدعا رسول الله صلى الله عليه وسلم، فمطرنا من الجمعة إلى الجمعة، فجاء رجل إلى رسول الله فقال: انهدمت البيوت وهلكت المواشي وانقطعت السبل، فدعا رسول الله صلى الله عليه وسلم فقال في دعائه: «اللهم على رؤوس الجبال والآكام وبطون الأودية ومنابت الشجر». قال أنس: فانجابت السحابة على المدينة كانجياب الثوب. أي فدارت السحابة بالمدينة وليس بينها وبين السماء سحاب.","","","","Ibadi","","","","","V01P133"
"rabi_0497","497","al-Jami al-Sahih (Musnad al-Rabi ibn Habib)","Ibadi","1","21","497","في الدعاء","في الدعاء","","أبو عبيدة عن جابر بن زيد عن عائشة رضي الله عنها قالت: فقدت رسول الله ذات ليلة فطلبته، فوقعت يدي على أخمص رجليه ... الحديث .","","","","Ibadi","","","","","V01P134"
"rabi_0498","498","al-Jami al-Sahih (Musnad al-Rabi ibn Habib)","Ibadi","1","22","498","أدب الدعاء وفضيلته","أدب الدعاء وفضيلته","","أبو عبيدة عن جابر بن زيد عن عائشة رضي الله عنها عن النبيء صلى الله عليه وسلم قال: «ألظوا بياذا الجلال والإكرام». إلا استجيب له.","","","","Ibadi","","","","","V01P134"
"rabi_0499","499","al-Jami al-Sahih (Musnad al-Rabi ibn Habib)","Ibadi","1","22","499","أدب الدعاء وفضيلته","أدب الدعاء وفضيلته","","أبو عبيدة قال: بلغني عن رسول الله صلى الله عليه وسلم أنه قال: «لكل نبيء دعوة، وأنا أردت أن أختبئ دعوتي شفاعة لأمتي يوم القيامة».","","","","Ibadi","","","","","V01P134"
"rabi_0500","500","al-Jami al-Sahih (Musnad al-Rabi ibn Habib)","Ibadi","1","22","500","أدب الدعاء وفضيلته","أدب الدعاء وفضيلته","","أبو عبيدة قال: بلغني عن رسول الله صلى الله عليه وسلم قال: «تضرعوا إلى ربكم وادعوه في الرخاء فإن الله قال: من دعاني في الرخاء أجبته في الشدة، ومن سألني أعطيته، ومن تواضع لي رفعته، ومن تضرع إلي رحمته، ومن استغفرني غفرت له».","","","","Ibadi","","","","","V01P134"
"rabi_0501","501","al-Jami al-Sahih (Musnad al-Rabi ibn Habib)","Ibadi","1","22","501","أدب الدعاء وفضيلته","أدب الدعاء وفضيلته","","أبو عبيدة عن جابر بن زيد قال: بلغني عن أبي هريرة قال: قال رسول الله صلى الله عليه وسلم: «يقول ربنا تبارك وتعالى حين يبقى ثلث الليل الآخر : من يدعني فأستجيب له، من يسألني فأعطيه، من يستغفرني فأغفر له».","","","","Ibadi","","","","","V01P135"
"rabi_0502","502","al-Jami al-Sahih (Musnad al-Rabi ibn Habib)","Ibadi","1","22","502","أدب الدعاء وفضيلته","أدب الدعاء وفضيلته","","أبو عبيدة عن جابر بن زيد عن أبي هريرة قال: قال رسول الله صلى الله عليه وسلم: «يستجاب لأحدكم ما لم يعجل فيقول: دعوت فلم يستجب لي ».","","","","Ibadi","","","","","V01P135"
"rabi_0503","503","al-Jami al-Sahih (Musnad al-Rabi ibn Habib)","Ibadi","1","22","503","أدب الدعاء وفضيلته","أدب الدعاء وفضيلته","","أبو عبيدة عن جابر بن زيد عن أبي هريرة قال: قال رسول الله صلى الله عليه وسلم: «لا يقولن أحدكم: اللهم اغفر لي إن شئت، اللهم ارحمني إن شئت، ولكن ليعزم على المسألة، فإنه لا مكره له».","","","","Ibadi","","","","","V01P135"
"rabi_0504","504","al-Jami al-Sahih (Musnad al-Rabi ibn Habib)","Ibadi","1","23","504","في التسبيح والصلاة على رسول الله صلى الله عليه وسلم","في التسبيح والصلاة على رسول الله صلى الله عليه وسلم","","أبو عبيدة عن جابر بن زيد عن النبيء صلى الله عليه وسلم قال: «ما من أحد يصلي علي مائة مرة إلا كتب من الذاكرين».","","","","Ibadi","","","","","V01P135"
"rabi_0505","505","al-Jami al-Sahih (Musnad al-Rabi ibn Habib)","Ibadi","1","23","505","في التسبيح والصلاة على رسول الله صلى الله عليه وسلم","في التسبيح والصلاة على رسول الله صلى الله عليه وسلم","","أبو عبيدة عن جابر بن زيد عن أبي مسعود قال: أتانا رسول الله صلى الله عليه وسلم في مجلس سعد بن عبادة فقال له بشير بن سعد: أمرنا الله أن نصلي عليك، فكيف نصلي عليك؟ فسكت حتى نسينا أنه سأله، فقال: «اللهم صل على نبيئنا محمد وعلى آل محمد كما صليت على آل إبراهيم ، وبارك على محمد وعلى آل محمد كما باركت على إبراهيم وعلى آل إبراهيم في العالمين إنك حميد مجيد، والسلام كما قد علمتم ». هكذا علمناه.","","","","Ibadi","","","","","V01P136"
"rabi_0506","506","al-Jami al-Sahih (Musnad al-Rabi ibn Habib)","Ibadi","1","23","506","في التسبيح والصلاة على رسول الله صلى الله عليه وسلم","في التسبيح والصلاة على رسول الله صلى الله عليه وسلم","","أبو عبيدة عن جابر بن زيد عن أبي هريرة قال: قال رسول الله صلى الله عليه وسلم: «من قال لا إله إلا الله وحده لا شريك له، له الملك وله الحمد وهو على كل شيء قدير، في يوم مائة مرة كانت له عدل عشر رقاب، وكتب له مائة حسنة، ومحيت عنه مائة سيئة، وكانت حرزا من الشيطان يومه ذلك حتى يمسي ولم يأت أحد بأفضل مما جاء به إلا من عمل أكثر من ذلك».","","","","Ibadi","","","","","V01P136"
"rabi_0507","507","al-Jami al-Sahih (Musnad al-Rabi ibn Habib)","Ibadi","1","23","507","في التسبيح والصلاة على رسول الله صلى الله عليه وسلم","في التسبيح والصلاة على رسول الله صلى الله عليه وسلم","","أبو عبيدة عن جابر بن زيد عن أبي هريرة قال: قال رسول الله صلى الله عليه وسلم: «من قال على إثر صلاته سبحان الله والحمد لله مائة مرة حطت عنه خطاياه ولو كانت مثل زبد البحر».","","","","Ibadi","","","","","V01P136"
"rabi_0508","508","al-Jami al-Sahih (Musnad al-Rabi ibn Habib)","Ibadi","1","23","508","في التسبيح والصلاة على رسول الله صلى الله عليه وسلم","في التسبيح والصلاة على رسول الله صلى الله عليه وسلم","","أبو عبيدة عن جابر بن زيد قال: سمعت أن رسول الله صلى الله عليه وسلم صلى ذات يوم بأصحابه، فلما انصرف من صلاته أقبل على الناس فقال: «من المتكلم آنفا وهو يقول ربنا ولك الحمد حمدا كثيرا طيبا مباركا فيه ... » الحديث .","","","","Ibadi","","","","","V01P136"
"rabi_0509","509","al-Jami al-Sahih (Musnad al-Rabi ibn Habib)","Ibadi","1","23","509","في التسبيح والصلاة على رسول الله صلى الله عليه وسلم","في التسبيح والصلاة على رسول الله صلى الله عليه وسلم","","أبو عبيدة عن جابر بن زيد عن أبي سعيد الخدري أن رسول الله صلى الله عليه وسلم كان إذا أقبل من حج أو غزو يكبر على كل شرف ثلاث تكبيرات ... » مذكور . كتاب النكاح","","","","Ibadi","","","","","V01P137"
"rabi_0510","510","al-Jami al-Sahih (Musnad al-Rabi ibn Habib)","Ibadi","1","24","510","في الأولياء","في الأولياء","","أبو عبيدة عن جابر بن زيد عن ابن عباس أن رسول صلى الله عليه وسلم قال: «لا طلاق إلا بعد نكاح، ولا ظهار إلا بعد نكاح، ولا عتاق إلا بعد ملك، ولا نكاح إلا بولي وصداق وبينة».","","","","Ibadi","","","","","V01P137"
"rabi_0511","511","al-Jami al-Sahih (Musnad al-Rabi ibn Habib)","Ibadi","1","24","511","في الأولياء","في الأولياء","","أبو عبيدة عن جابر بن زيد عن ابن عباس قال: قال رسول الله صلى الله عليه وسلم: «الأيم أحق بنفسها من وليها، والبكر تستأذن في نفسها، وإذنها صماتها».","","","","Ibadi","","","","","V01P137"
"rabi_0512","512","al-Jami al-Sahih (Musnad al-Rabi ibn Habib)","Ibadi","1","24","512","في الأولياء","في الأولياء","","أبو عبيدة عن جابر بن زيد عن عائشة رضي الله عنها قالت: كانت خنساء بنت خدام الأنصارية زوجها أبوها وهي ثيب، فكرهت ذلك، فأتت إلى رسول الله صلى الله عليه وسلم فأخبرته فرد نكاحها. أبو عبيدة عن جابر قال: قال رسول الله صلى الله عليه وسلم: «إذ خطب إليكم كفؤ فلا تردوه، فنعوذ بالله من بوار البنات». وقال صلى الله عليه وسلم: «الأحرار من أهل التوحيد كلهم أكفاء، إلا أربعة: المولى، والحجام، والنساج، والبقال».","","","","Ibadi","","","","","V01P137"
"rabi_0514","514","al-Jami al-Sahih (Musnad al-Rabi ibn Habib)","Ibadi","1","24","514","في الأولياء","في الأولياء","","أبو عبيدة عن جابر بن زيد عن أبي سعيد الخدري عن النبيء صلى الله عليه وسلم أنه نهى عن الشغار، وهو أن يزوج الرجل ابنته لرجل على أن يزوج له الآخر ابنته وليس بينهما صداق، وكذلك الأخت بالأخت.","","","","Ibadi","","","","","V01P138"
"rabi_0515","515","al-Jami al-Sahih (Musnad al-Rabi ibn Habib)","Ibadi","1","24","515","في الأولياء","في الأولياء","","أبو عبيدة عن جابر بن زيد عن ابن عباس قال: جاءت امرأة إلى رسول الله صلى الله عليه وسلم فقالت له: وهبت لك نفسي، فسكت طويلا، فقال له رجل: زوجنيها يا رسول الله إن لم تكن لك بها حاجة، فقال له رسول الله صلى الله عليه وسلم: «هل عندك من شيء تصدقه إياها»؟ فقال: ما عندي إلا إزاري هذا، فقال له رسول الله صلى الله عليه وسلم: «إن أعطيتها إزارك جلست بلا إزار، فالتمس شيئا آخر غيره»، فقال: ما أجد شيئا، فقال له رسول الله: «فالتمس ولو خاتما من حديد»، فالتمس الرجل فلم يجد شيئا، فقال له رسول الله صلى الله عليه وسلم: «هل عندك شيء من القرآن»؟ فقال: معي سورة كذا وسورة كذا - لسور سماها - فقال رسول الله صلى الله عليه وسلم: «زوجتها لك بما معك من القرآن».","","","","Ibadi","","","","","V01P138"
"rabi_0516","516","al-Jami al-Sahih (Musnad al-Rabi ibn Habib)","Ibadi","1","25","516","ما يجوز من النكاح وما لا يجوز","ما يجوز من النكاح وما لا يجوز","","أبو عبيدة عن جابر بن زيد عن أبي سعيد الخدري عن النبيء صلى الله عليه وسلم قال: «لا يخطبن أحدكم على خطبة أخيه، ولا يساوم على سوم أخيه».","","","","Ibadi","","","","","V01P138"
"rabi_0517","517","al-Jami al-Sahih (Musnad al-Rabi ibn Habib)","Ibadi","1","25","517","ما يجوز من النكاح وما لا يجوز","ما يجوز من النكاح وما لا يجوز","","أبو عبيدة عن جابر بن زيد عن أبي هريرة عن النبيء صلى الله عليه وسلم قال: «لا يجمع بين المرأة وعمتها، ولا بين المرأة وخالتها».","","","","Ibadi","","","","","V01P138"
"rabi_0518","518","al-Jami al-Sahih (Musnad al-Rabi ibn Habib)","Ibadi","1","25","518","ما يجوز من النكاح وما لا يجوز","ما يجوز من النكاح وما لا يجوز","","أبو عبيدة عن جابر قال: بلغني عن علي بن أبي طالب قال: نهى رسول الله صلى الله عليه وسلم عن متعة النساء يوم خيبر ... الحديث .","","","","Ibadi","","","","","V01P139"
"rabi_0519","519","al-Jami al-Sahih (Musnad al-Rabi ibn Habib)","Ibadi","1","25","519","ما يجوز من النكاح وما لا يجوز","ما يجوز من النكاح وما لا يجوز","","أبو عبيدة قال: بلغني عن عثمان بن عفان قال: قال رسول الله صلى الله عليه وسلم: «لا ينكح المحرم، ولا ينكح، ولا يخطب».","","","","Ibadi","","","","","V01P139"
"rabi_0520","520","al-Jami al-Sahih (Musnad al-Rabi ibn Habib)","Ibadi","1","25","520","ما يجوز من النكاح وما لا يجوز","ما يجوز من النكاح وما لا يجوز","","قال الربيع: قال ضمام بن السائب عن جابر بن زيد عن ابن عباس أن النبيء صلى الله عليه وسلم تزوج بخالته ميمونة بنت الحارث وهو محرم.","","","","Ibadi","","","","","V01P139"
"rabi_0521","521","al-Jami al-Sahih (Musnad al-Rabi ibn Habib)","Ibadi","1","25","521","ما يجوز من النكاح وما لا يجوز","ما يجوز من النكاح وما لا يجوز","","أبو عبيدة عن جابر عن أنس بن مالك قال: جاء عبد الرحمن بن عوف إلى رسول الله صلى الله عليه وسلم وبه أثر صفرة، فقال له رسول الله صلى الله عليه وسلم: «ما بك»؟ فقال: يا رسول الله تزوجت امرأة من الأنصار، فقال: «كم سقت إليها»؟ قال: نواة من ذهب، فقال رسول الله صلى الله عليه وسلم: «أولم ولو بشاة».","","","","Ibadi","","","","","V01P139"
"rabi_0522","522","al-Jami al-Sahih (Musnad al-Rabi ibn Habib)","Ibadi","1","25","522","ما يجوز من النكاح وما لا يجوز","ما يجوز من النكاح وما لا يجوز","","أبو عبيدة عن جابر بن زيد قال: كانت عائشة تزوجها رسول الله صلى الله عليه وسلم وهي بنت ست سنين، وابتنى بها وهي بنت تسع سنين، وما تزوج في نسائه بكرا إلا هي، ومات عنها وهي بنت ثماني عشرة سنة، وعاشت بعده ثماني وأربعين سنة، وماتت في زمان معاوية، وذلك في رمضان سنة ثماني وخمسين، وصلى عليها أبو هريرة، ودفنت بالبقيع.","","","","Ibadi","","","","","V01P139"
"rabi_0523","523","al-Jami al-Sahih (Musnad al-Rabi ibn Habib)","Ibadi","1","26","523","في الرضاع","في الرضاع","","أبو عبيدة عن جابر بن زيد عن عائشة رضي الله عنها قالت: إن أفلح أخا أبي القعيس، وهو عمي من الرضاعة استأذن علي، وذلك بعد أن نزل الحجاب، فأبيت أن آذن له، فجاء رسول الله صلى الله عليه وسلم فأخبرته، فقال: «ائذني له فإن الرضاع مثل النسب».","","","","Ibadi","","","","","V01P140"
"rabi_0524","524","al-Jami al-Sahih (Musnad al-Rabi ibn Habib)","Ibadi","1","26","524","في الرضاع","في الرضاع","","أبو عبيدة عن جابر عن عائشة رضي الله عنها: قالت: كنت قاعدة أنا ورسول الله صلى الله عليه وسلم إذ سمعت صوت إنسان يستأذن في بيت حفصة، فقلت: يا رسول الله هذا رجل يستأذن في بيتك، فقال: «أراه فلانا» لعم حفصة من الرضاعة، فقلت: يا رسول الله لو كان عمي فلان حيا دخل علي - لعم لها من الرضاعة - قال: «نعم، يحرم من الرضاع ما يحرم من النسب».","","","","Ibadi","","","","","V01P140"
"rabi_0525","525","al-Jami al-Sahih (Musnad al-Rabi ibn Habib)","Ibadi","1","26","525","في الرضاع","في الرضاع","","أبو عبيدة عن جابر بن زيد عن عائشة رضي الله عنها قالت: أخبرتني جدامة بنت وهب الأسدية أنها سمعت رسول الله صلى الله عليه وسلم يقول: «لقد هممت أن أنهى عن الغيلة حتى ذكرت أن الروم وفارس يصنعون ذلك ولا يضر بأولادهم شيئا».","","","","Ibadi","","","","","V01P140"
"rabi_0526","526","al-Jami al-Sahih (Musnad al-Rabi ibn Habib)","Ibadi","1","27","526","في السبايا والعزلة","في السبايا والعزلة","","أبو عبيدة عن جابر بن زيد أن النبيء صلى الله عليه وسلم نهى عن وطء السبايا من الإماء، فقال: «لا تطؤوا الحوامل حتى يضعن، ولا الحوائل حتى يحضن».","","","","Ibadi","","","","","V01P140"
"rabi_0527","527","al-Jami al-Sahih (Musnad al-Rabi ibn Habib)","Ibadi","1","27","527","في السبايا والعزلة","في السبايا والعزلة","","أبو عبيدة عن جابر بن زيد عن أبي سعيد الخدري قال: خرجنا مع رسول الله صلى الله عليه وسلم في غزوة بني المصطلق فأصبنا سبايا فاشتهينا النساء، واشتدت علينا العزبة، فأردنا أن نعزل، فقلنا: نعزل وفينا رسول الله صلى الله عليه وسلم قبل أن نسأله عن ذلك، قال: فسألناه، فقال: «ما عليكم أن لا تفعلوا، فما نسمة كائنة إلا وهي كائنة إلى يوم القيامة».","","","","Ibadi","","","","","V01P141"
"rabi_0528","528","al-Jami al-Sahih (Musnad al-Rabi ibn Habib)","Ibadi","1","27","528","في السبايا والعزلة","في السبايا والعزلة","","أبو عبيدة عن جابر بن زيد عن ابن عباس عن النبيء صلى الله عليه وسلم قال: «من خاف من شدة الميعة فليصم، فإن الصوم له وجاء». بكبشين أملحين موجوءين، والأملحان الأبلقان. كتاب الطلاق","","","","Ibadi","","","","","V01P141"
"rabi_0529","529","al-Jami al-Sahih (Musnad al-Rabi ibn Habib)","Ibadi","1","28","529","في الخلع والنفقة","في الخلع والنفقة","","أبو عبيدة عن جابر بن زيد أن ابن عمر طلق امرأته وهي حائض، فجاء عمر إلى رسول الله صلى الله عليه وسلم فسأله عما فعل، فقال: «مره أن يراجعها ويمسكها حتى تطهر، ثم تحيض ثم تطهر، فإن شاء أمسك وإن شاء طلق قبل أن يمس، فتلك العدة التي أمر الله عز وجل أن يطلق لها النساء».","","","","Ibadi","","","","","V01P141"
"rabi_0530","530","al-Jami al-Sahih (Musnad al-Rabi ibn Habib)","Ibadi","1","28","530","في الخلع والنفقة","في الخلع والنفقة","","أبو عبيدة عن جابر بن زيد عن ابن عباس أن رسول الله صلى الله عليه وسلم قال: «لا طلاق إلا بعد نكاح ... » الحديث","","","","Ibadi","","","","","V01P141"
"rabi_0531","531","al-Jami al-Sahih (Musnad al-Rabi ibn Habib)","Ibadi","1","28","531","في الخلع والنفقة","في الخلع والنفقة","","أبو عبيدة قال: قال رسول الله صلى الله عليه وسلم: «لا تسأل امرأة طلاق أختها لتستفرغ صحفتها فإنما لها ما قدر لها».","","","","Ibadi","","","","","V01P142"
"rabi_0532","532","al-Jami al-Sahih (Musnad al-Rabi ibn Habib)","Ibadi","1","28","532","في الخلع والنفقة","في الخلع والنفقة","","أبو عبيدة عن جابر بن زيد عن ابن عباس قال: طلق أبو عمرو بن حفص زوجته وهو غائب طلاقا باتا، فأرسل إليها وكيله بشعير، فسخطته، فقال: أما والله ما لك علينا شيء، فجاءت إلى رسول الله صلى الله عليه وسلم فذكرت ذلك له فقال: «ليس لك عليه من نفقة»، فأمرها أن تعتد في بيت أم شريك، ثم قال: «تلك امرأة يغشاها أصحابي، اعتدي عند ابن أم مكتوم فإنه رجل أعمى تضعين ثيابك، فإذا حللت فآذنيني»، فلما حلت ذكرت له أن معاوية بن أبي سفيان وأبا جهم بن هشام خطباني، فقال لها رسول الله صلى الله عليه وسلم: «أما أبو جهم فلا يضع عصاه عن عاتقه، وأما معاوية فصعلوك لا مال له، ولكن انكحي أسامة بن زيد» قالت: فكرهته ، ثم قال لها: «انكحي أسامة بن زيد» قالت: فنكحته فجعل الله فيه خيرا فاغتبطت به.","","","","Ibadi","","","","","V01P142"
"rabi_0533","533","al-Jami al-Sahih (Musnad al-Rabi ibn Habib)","Ibadi","1","28","533","في الخلع والنفقة","في الخلع والنفقة","","أبو عبيدة عن جابر قال: قال ابن عباس: تزوج رسول الله صلى الله عليه وسلم امرأة يقال لها عمرة، فطلقها ولم يبتن بها، وذلك أن أباها قال له: إنها لم تمرض قط، فقال: «ما لهذه عند الله من خير» فطلقها.","","","","Ibadi","","","","","V01P142"
"rabi_0534","534","al-Jami al-Sahih (Musnad al-Rabi ibn Habib)","Ibadi","1","28","534","في الخلع والنفقة","في الخلع والنفقة","","أبو عبيدة عن جابر بن زيد عن ابن عباس قال: نشزت أم جميلة بنت عبد الله بن أبي عن زوجها ثابت بن قيس بن الشماس ، فأتت أباها مرتين تشكو زوجها ويردها ويقول: يا بنية، ارجعي إلى زوجك واصبري، فلما رأت أباها لا يشكيها أتت رسول الله صلى الله عليه وسلم تشكو إليه، وذكرت أنها كارهة له، فأرسل النبيء صلى الله عليه وسلم إلى زوجها فقال: «يا ثابت، ما لك ولأهلك»؟ فقال: والذي بعثك بالحق ما على وجه الأرض أحب إلي منها غيرك، وإني إليها لمحسن جهدي، فقال: «ما تقولين فيما يقول ثابت»، فكرهت أن تكذب رسول الله صلى الله عليه وسلم حين سألها وقالت: صدق يا رسول الله، ولكن تخوفت أن يدخلني النار، تعني أنها مبغضة له، فقال لها رسول الله صلى الله عليه وسلم: «أتردين عليه ما أخذت منه ويخلي سبيلك»؟ قالت: نعم، فقال: «يا ثابت، أترضى أن ترد عليك ما أخذت وتخلي سبيلها»؟ قال: يا رسول الله قد أخذت مني حائطا ترده علي وأخلي سبيلها، فردته عليه فخلى سبيلها. قال ابن عباس: هذا أول خلع في الإسلام.","","","","Ibadi","","","","","V01P143"
"rabi_0535","535","al-Jami al-Sahih (Musnad al-Rabi ibn Habib)","Ibadi","1","28","535","في الخلع والنفقة","في الخلع والنفقة","","أبو عبيدة عن جابر بن زيد عن عائشة رضي الله عنها قالت: كانت في بريرة ثلاث سنن، أما الأولى فإنها عتقت فخيرها رسول الله صلى الله عليه وسلم في أن تقيم مع زوجها أو تفارقه. والثانية: أنها جاءت إلي فقالت: إن أهلي كاتبوني فأعينيني بشيء، فقلت لها: أعد لهم ما كاتبوك به فيكون ولاؤك لي، فسمع رسول الله صلى الله عليه وسلم فقال: «الولاء لمن أعتق». والثالثة: دخل علينا رسول الله صلى الله عليه وسلم والبرمة تفور بلحم، فقرب إليه خبز وإدام، فقال: «ألم أر البرمة تفور باللحم»؟ قلنا: بلى يا رسول الله، ولكن ذلك لحم تصدق به على بريرة، وأنت لا تأكل الصدقة، فقال عليه السلام: «هو عليها صدقة وهو إلينا منها هدية».","","","","Ibadi","","","","","V01P144"
"rabi_0536","536","al-Jami al-Sahih (Musnad al-Rabi ibn Habib)","Ibadi","1","29","536","الحداد والعدة","الحداد والعدة","","أبو عبيدة عن جابر بن زيد عن أبي سعيد الخدري قال: قالت حفصة: قال رسول الله صلى الله عليه وسلم: «لا يحل لامرأة تؤمن بالله واليوم الآخر أن تحد على ميت فوق ثلاث ليال، إلا على زوج أربعة أشهر وعشرا».","","","","Ibadi","","","","","V01P144"
"rabi_0537","537","al-Jami al-Sahih (Musnad al-Rabi ibn Habib)","Ibadi","1","29","537","الحداد والعدة","الحداد والعدة","","أبو عبيدة عن جابر بن زيد قال: بلغني عن أم حبيبة زوج النبيء صلى الله عليه وسلم لما توفي أبوها سفيان بن حرب دعت بطيب فيه صفرة خلوق، فدهنت به جارية، ثم مسحت عارضيها فقالت: والله ما لي بالطيب من حاجة، إلا أني سمعت رسول الله صلى الله عليه وسلم يقول: «لا يحل لامرأة تؤمن بالله واليوم الآخر أن تحد على ميت فوق ثلاث ليال، إلا على زوج أربعة أشهر وعشرا».","","","","Ibadi","","","","","V01P144"
"rabi_0538","538","al-Jami al-Sahih (Musnad al-Rabi ibn Habib)","Ibadi","1","29","538","الحداد والعدة","الحداد والعدة","","أبو عبيدة عن جابر بن زيد قال: بلغني عن أم سلمة زوج النبيء صلى الله عليه وسلم قالت: جاءت امرأة إلى رسول الله صلى الله عليه وسلم فقالت: يا رسول الله إن ابنتي توفي عنها زوجها وقد اشتكت عينها أفتكحلها؟ فقال لها رسول الله صلى الله عليه وسلم: «لا» ثلاثا، ثم قال: «إنما هي أربعة أشهر وعشرا وكانت إحداكن في الجاهلية ترمي بالبعرة عند رأس الحول». تمس طيبا، وتلبس شر ثيابها، حتى تمر عليها سنة، ثم تؤتى بحمار أو شاة أو طير فتقتض به، فقلما تقتض بشيء إلا مات، ثم تخرج فتعطى بعرة فترمي بها، ثم تراجع ما شاءت من طيب وغيره. ومعنى تقتض به أي تمسح به. والحفش طرف الخص، والله أعلم.","","","","Ibadi","","","","","V01P145"
"rabi_0539","539","al-Jami al-Sahih (Musnad al-Rabi ibn Habib)","Ibadi","1","29","539","الحداد والعدة","الحداد والعدة","","أبو عبيدة عن جابر بن زيد عن أبي سعيد الخدري قال: كانت أختي الفريعة بنت مالك جاءت إلى رسول الله صلى الله عليه وسلم تسأله أن ترجع إلى أهلها في بني خدرة من أجل أن زوجها خرج في طلب عبيد له أبقوا، حتى إذا كانوا بطرف القدوم لحقهم فقتلوه، فسألت رسول الله صلى الله عليه وسلم أن ترجع إلى أهلها، فقالت: إن زوجي لم يتركني في مسكن يملكه، ولا ترك لي نفقة، فأذن لها بالخروج، حتى إذا كانت بالحجرة دعاها فدعيت له فقال لها: «كيف قلت» فردت عليه القصة، فقال لها: «امكثي في بيتك حتى يبلغ الكتاب أجله». قال: فاعتدت فيه أربعة أشهر وعشرا.","","","","Ibadi","","","","","V01P146"
"rabi_0540","540","al-Jami al-Sahih (Musnad al-Rabi ibn Habib)","Ibadi","1","29","540","الحداد والعدة","الحداد والعدة","","أبو عبيدة عن جابر بن زيد عن ابن عباس قال: اختلفت أنا وأبو سلمة بن عبد الرحمن في المرأة الحامل إذا وضعت بعد وفاة زوجها بليال، قال: فقلت: عدتها آخر الأجلين، فقال أبو سلمة: إذا وضعت حلت، فجاء أبو هريرة فسئل فقال: أنا مع أبي سلمة، فبعثنا كريبا مولى ابن عباس إلى أم سلمة فسألها عن ذلك فقالت: ولدت سبيعة الأسلمية بعد وفاة زوجها بليال، فذكرت ذلك لرسول الله صلى الله عليه وسلم فقال: «قد حلت». للأسلمية، وأما العمل فعلى ما قال ابن عباس، وهو المأخوذ به، وهو قول الله عز وجل في كتابه.","","","","Ibadi","","","","","V01P146"
"rabi_0541","541","al-Jami al-Sahih (Musnad al-Rabi ibn Habib)","Ibadi","1","30","541","في الحيض","في الحيض","","أبو عبيدة عن جابر بن زيد قال: قال أنس بن مالك: قال رسول الله صلى الله عليه وسلم: «أقل الحيض ثلاثة أيام، وأكثره عشرة أيام».","","","","Ibadi","","","","","V01P146"
"rabi_0542","542","al-Jami al-Sahih (Musnad al-Rabi ibn Habib)","Ibadi","1","30","542","في الحيض","في الحيض","","أبو عبيدة عن جابر عن عائشة رضي الله عنها قالت: قال رسول الله صلى الله عليه وسلم «الرجل أحق بامرأته ما لم تغتسل من الحيضة الثالثة».","","","","Ibadi","","","","","V01P146"
"rabi_0543","543","al-Jami al-Sahih (Musnad al-Rabi ibn Habib)","Ibadi","1","30","543","في الحيض","في الحيض","","أبو عبيدة عن جابر بن زيد عن ابن عباس عن النبيء صلى الله عليه وسلم: «لا تطهر المرأة ببياض الجص.","","","","Ibadi","","","","","V01P147"
"rabi_0544","544","al-Jami al-Sahih (Musnad al-Rabi ibn Habib)","Ibadi","1","30","544","في الحيض","في الحيض","","أبو عبيدة عن جابر بن زيد قال: قال رسول الله صلى الله عليه وسلم: «لا توطأ حامل حتى تضع ولا حائل حتى تحيض». يستبرين، وأما الزوج فحلال له الوطء لامرأته الحامل والحائل، إلا الحائض فإنها لا توطأ حتى تطهر، فإن وطئت قبل أن تطهر فإن جابر بن زيد قال: لا أحللها ولا أحرمها، وأحب إلي أن يفارقها.","","","","Ibadi","","","","","V01P147"
"rabi_0545","545","al-Jami al-Sahih (Musnad al-Rabi ibn Habib)","Ibadi","1","30","545","في الحيض","في الحيض","","أبو عبيدة عن جابر بن زيد عن عائشة رضي الله عنها: قالت كنت أنام مع رسول الله صلى الله عليه وسلم وأنا حائض. بدن الجنب على هذا الحال. قال جابر بن زيد: فذكرت لي عائشة رضي الله عنها أن رسول الله صلى الله عليه وسلم قال: «ليست حيضتك في يدك ».","","","","Ibadi","","","","","V01P147"
"rabi_0546","546","al-Jami al-Sahih (Musnad al-Rabi ibn Habib)","Ibadi","1","30","546","في الحيض","في الحيض","","ومن طريقها قالت: كنت أرجل رأس رسول الله صلى الله عليه وسلم وأنا حائض.","","","","Ibadi","","","","","V01P147"
"rabi_0547","547","al-Jami al-Sahih (Musnad al-Rabi ibn Habib)","Ibadi","1","30","547","في الحيض","في الحيض","","أبو عبيدة عن جابر بن زيد عن ابن عباس قال: قال رسول الله صلى الله عليه وسلم: «إذا أدبرت الحيضة فقد وجب الغسل».","","","","Ibadi","","","","","V01P147"
"rabi_0548","548","al-Jami al-Sahih (Musnad al-Rabi ibn Habib)","Ibadi","1","30","548","في الحيض","في الحيض","","أبو عبيدة عن جابر بن زيد عن عائشة رضي الله عنها قالت: كان رسول الله صلى الله عليه وسلم يأمرني بغسل دم الحيضة من الثوب.","","","","Ibadi","","","","","V01P148"
"rabi_0549","549","al-Jami al-Sahih (Musnad al-Rabi ibn Habib)","Ibadi","1","31","549","في المستحاضة","في المستحاضة","","أبو عبيدة عن جابر بن زيد عن ابن عباس قال: قال رسول الله صلى الله عليه وسلم: «دم الاستحاضة نجس، لأنه دم عرق، ينقض الوضوء».","","","","Ibadi","","","","","V01P148"
"rabi_0550","550","al-Jami al-Sahih (Musnad al-Rabi ibn Habib)","Ibadi","1","31","550","في المستحاضة","في المستحاضة","","ومن طريق ابن عباس أيضا عنه عليه السلام قال للأنصارية حين سألته فقالت: يا رسول الله: أثج ثجا، فقال: «اغتسلي واستثفري وصلي». أي احتشي بالقطن.","","","","Ibadi","","","","","V01P148"
"rabi_0551","551","al-Jami al-Sahih (Musnad al-Rabi ibn Habib)","Ibadi","1","31","551","في المستحاضة","في المستحاضة","","ومن طريقه أيضا عنه عليه السلام قال: «إذا أدبرت الحيضة وجب الغسل».","","","","Ibadi","","","","","V01P148"
"rabi_0552","552","al-Jami al-Sahih (Musnad al-Rabi ibn Habib)","Ibadi","1","31","552","في المستحاضة","في المستحاضة","","أبو عبيدة عن جابر عن عائشة رضي الله عنها قالت: قالت فاطمة بنت أبي حبيش لرسول الله صلى الله عليه وسلم: إني لا أطهر، أفأدفع الصلاة؟ فقال لها: «إنما ذلك دم عرق نجس ليس بالحيضة، فإذا أقبلت الحيضة فاتركي لها الصلاة، وإذا أدبرت وذهب قدرها فاغسلي الدم عنك وصلي».","","","","Ibadi","","","","","V01P148"
"rabi_0553","553","al-Jami al-Sahih (Musnad al-Rabi ibn Habib)","Ibadi","1","31","553","في المستحاضة","في المستحاضة","","ومن طريقها أيضا قالت: أرجل رأس رسول الله صلى الله عليه وسلم وأنا حائض.","","","","Ibadi","","","","","V01P148"
"rabi_0554","554","al-Jami al-Sahih (Musnad al-Rabi ibn Habib)","Ibadi","1","31","554","في المستحاضة","في المستحاضة","","أبو عبيدة عن جابر قال: بلغني أن امرأة تسمى أسماء الحارثية كانت مستحاضة، فجاءت إلى رسول الله صلى الله عليه وسلم فسألته عن أمرها فقال لها: «اقعدي أيامك التي تحيضين، فيها فإذا دام بك الدم فاستظهري بثلاثة أيام، ثم اغتسلي وصلي».","","","","Ibadi","","","","","V01P149"
"rabi_0555","555","al-Jami al-Sahih (Musnad al-Rabi ibn Habib)","Ibadi","1","31","555","في المستحاضة","في المستحاضة","","أبو عبيدة عن جابر بن زيد قال: بلغني عن رسول الله صلى الله عليه وسلم قال : «المستحاضة تتوضأ لكل صلاة». قال جابر : إنما عائشة ذكرت مسألة فاطمة بنت أبي حبيش ولم تذكر أن النبيء صلى الله عليه وسلم أوجب عليها الوضوء عند كل صلاة. كتاب البيوع باب ما ينهى عنه من البيوع","","","","Ibadi","","","","","V01P149"
"rabi_0556","556","al-Jami al-Sahih (Musnad al-Rabi ibn Habib)","Ibadi","1","31","556","في المستحاضة","في المستحاضة","","أبو عبيدة عن جابر بن زيد عن ابن عباس عن النبيء صلى الله عليه وسلم قال: «لا تتلقوا السوالع». يعني: لا تتلقوا أجلابها فتشتروا منهم قبل أن يبلغوا الأسواق.","","","","Ibadi","","","","","V01P149"
"rabi_0557","557","al-Jami al-Sahih (Musnad al-Rabi ibn Habib)","Ibadi","1","31","557","في المستحاضة","في المستحاضة","","ومن طريقه عنه صلى الله عليه وسلم أنه نهى عن بيع الملامسة والمنابذة وعن بيع حبل الحبلة وعن الملاقيح والمضامين. فيلزمه البيع، والمنابذة أن يرمي الرجل ثوبه للآخر ويرمي له الآخر ثوبه ولم ينظر كل واحد منهما إلى ثوب صاحبه. وحبل الحبلة ما في بطن الناقة. والملاقيح: ما في ظهور الفحول. والمضامين ما في بطون الإناث.","","","","Ibadi","","","","","V01P150"
"rabi_0558","558","al-Jami al-Sahih (Musnad al-Rabi ibn Habib)","Ibadi","1","31","558","في المستحاضة","في المستحاضة","","أبو عبيدة عن جابر عن أنس بن مالك قال: نهى النبيء صلى الله عليه وسلم عن بيع الثمار حتى تزهو، فقيل له: يا رسول الله وما تزهو؟ قال: «تحمر» فقال رسول الله صلى الله عليه وسلم: «أرأيتم لو منع الله الثمرة فبم يأخذ أحدكم مال أخيه».","","","","Ibadi","","","","","V01P150"
"rabi_0559","559","al-Jami al-Sahih (Musnad al-Rabi ibn Habib)","Ibadi","1","31","559","في المستحاضة","في المستحاضة","","أبو عبيدة عن جابر بن زيد عن أبي سعيد الخدري قال: قال رسول الله صلى الله عليه وسلم: «لا يساوم أحدكم على سوم أخيه».","","","","Ibadi","","","","","V01P150"
"rabi_0560","560","al-Jami al-Sahih (Musnad al-Rabi ibn Habib)","Ibadi","1","31","560","في المستحاضة","في المستحاضة","","وعن أبي سعيد الخدري أيضا قال: نهى رسول الله صلى الله عليه وسلم عن بيع الثمار حتى يبدو صلاحها. والنهي واقع على البائع والمشتري.","","","","Ibadi","","","","","V01P150"
"rabi_0561","561","al-Jami al-Sahih (Musnad al-Rabi ibn Habib)","Ibadi","1","31","561","في المستحاضة","في المستحاضة","","وعن أبي سعيد أن رسول الله صلى الله عليه وسلم نهى عن النجش. قال الربيع: الناجش الذي يزيد في السلعة وهو لا يشتريها .","","","","Ibadi","","","","","V01P150"
"rabi_0562","562","al-Jami al-Sahih (Musnad al-Rabi ibn Habib)","Ibadi","1","31","562","في المستحاضة","في المستحاضة","","أبو عبيدة عن جابر بن زيد عن أبي هريرة أن رسول الله صلى الله عليه وسلم قال: «لا تناجشوا، ولا تتلقوا الركبان للبيع، ولا يبع حاضر لباد، ولا تصروا الإبل والغنم». يعظم فيظن المشتري كذلك هي.","","","","Ibadi","","","","","V01P150"
"rabi_0563","563","al-Jami al-Sahih (Musnad al-Rabi ibn Habib)","Ibadi","1","31","563","في المستحاضة","في المستحاضة","","أبو عبيدة عن جابر بن زيد قال: بلغني عن رسول الله صلى الله عليه وسلم أنه نهى عن الاحتكار، وعن سلف جر منفعة، وعن بيع ما ليس عندك.","","","","Ibadi","","","","","V01P151"
"rabi_0564","564","al-Jami al-Sahih (Musnad al-Rabi ibn Habib)","Ibadi","1","31","564","في المستحاضة","في المستحاضة","","أبو عبيدة عن جابر بن زيد قال: نهى رسول الله صلى الله عليه وسلم عن بيع وسلف. وهو أن يستلف من رجل على أن يشتري منه.","","","","Ibadi","","","","","V01P151"
"rabi_0565","565","al-Jami al-Sahih (Musnad al-Rabi ibn Habib)","Ibadi","1","31","565","في المستحاضة","في المستحاضة","","أبو عبيدة عن جابر بن زيد عن أنس بن مالك عن النبيء صلى الله عليه وسلم أنه نهى عن كراء الأرض.","","","","Ibadi","","","","","V01P151"
"rabi_0566","566","al-Jami al-Sahih (Musnad al-Rabi ibn Habib)","Ibadi","1","31","566","في المستحاضة","في المستحاضة","","أبو عبيدة عن جابر عن أبي سعيد الخدري قال: نهى رسول الله صلى الله عليه وسلم عن المزابنة والمحاقلة. فالمزابنة: بيع التمر بالتمر على رؤوس النخل، والمحاقلة: كراء الأرض.","","","","Ibadi","","","","","V01P151"
"rabi_0567","567","al-Jami al-Sahih (Musnad al-Rabi ibn Habib)","Ibadi","1","31","567","في المستحاضة","في المستحاضة","","أبو عبيدة عن جابر بن زيد عن ابن عباس قال: بلغني أن رسول الله صلى الله عليه وسلم نهى عن قيل وقال، وعن تضييع المال. المال هو أن لا يقف الرجل على نفسه في البيع والشراء، ولا يحوط ماله من الضياع، والله أعلم.","","","","Ibadi","","","","","V01P151"
"rabi_0568","568","al-Jami al-Sahih (Musnad al-Rabi ibn Habib)","Ibadi","1","33","568","في بيع الخيار وبيع الشرط","في بيع الخيار وبيع الشرط","","أبو عبيدة عن جابر بن زيد عن ابن عباس عن النبيء صلى الله عليه وسلم قال: «البيعان بالخيار ما لم يفترقا». وليس كما قال من خالفنا: افتراق الأبدان، أرأيت إن لم يفترقا يومين أو ثلاثة أو أكثر، فلا يستقيم على هذا الحال بيع لأحد.","","","","Ibadi","","","","","V01P152"
"rabi_0569","569","al-Jami al-Sahih (Musnad al-Rabi ibn Habib)","Ibadi","1","33","569","في بيع الخيار وبيع الشرط","في بيع الخيار وبيع الشرط","","أبو عبيدة عن جابر عن ابن عباس قال: نهى النبيء صلى الله عليه وسلم: عن شرطين في بيع، وهو أن يبيع الرجل الغلام لرجل بثمن معلوم على أن يبيع له الآخر غلاما بثمن معلوم أو بثمن يتفقان عليه.","","","","Ibadi","","","","","V01P152"
"rabi_0570","570","al-Jami al-Sahih (Musnad al-Rabi ibn Habib)","Ibadi","1","33","570","في بيع الخيار وبيع الشرط","في بيع الخيار وبيع الشرط","","أبو عبيدة عن جابر عن ابن عباس قال: اشترى رسول الله صلى الله عليه وسلم من جابر بن عبد الله بعيرا واشترط جابر ظهره من مكة إلى المدينة، فأجاز النبيء صلى الله عليه وسلم البيع والشرط. قال ابن عباس: وإنما أجاز النبيء صلى الله عليه وسلم ذلك لأن الشرط لم يكن في عقدة البيع، والله أعلم. قال ابن عباس: وكان تميم الداري باع دارا واشترط سكناها، فأبطل النبيء صلى الله عليه وسلم البيع والشرط لأن الشرط كان في عقدة البيع، ويحتمل أن يكون إنما أبطل ذلك لجهل مدة السكنى.","","","","Ibadi","","","","","V01P152"
"rabi_0571","571","al-Jami al-Sahih (Musnad al-Rabi ibn Habib)","Ibadi","1","33","571","في بيع الخيار وبيع الشرط","في بيع الخيار وبيع الشرط","","أبو عبيدة عن جابر عن ابن عباس عن النبيء صلى الله عليه وسلم قال: «إذا اختلف الجنسان فبيعوا كيف شئتم إلا ما نهيتكم عنه». وعنه أيضا عليه السلام أنه ابتاع بعيرا ببعيرين وأجاز عبدا بعبدين، إلا أن هذا يدا بيد.","","","","Ibadi","","","","","V01P152"
"rabi_0572","572","al-Jami al-Sahih (Musnad al-Rabi ibn Habib)","Ibadi","1","33","572","في بيع الخيار وبيع الشرط","في بيع الخيار وبيع الشرط","","أبو عبيدة عن جابر عن أبي سعيد الخدري قال: قال رسول الله صلى الله عليه وسلم: «من باع نخلا قد أبرت فثمرتها للبائع، إلا أن يشترطها المبتاع».","","","","Ibadi","","","","","V01P152"
"rabi_0573","573","al-Jami al-Sahih (Musnad al-Rabi ibn Habib)","Ibadi","1","33","573","في بيع الخيار وبيع الشرط","في بيع الخيار وبيع الشرط","","أبو عبيدة عن جابر عن عائشة رضي الله عنها قالت: كانت في بريرة ثلاث سنن ... الحديث","","","","Ibadi","","","","","V01P153"
"rabi_0574","574","al-Jami al-Sahih (Musnad al-Rabi ibn Habib)","Ibadi","1","34","574","في الربا والانفساخ والغش","في الربا والانفساخ والغش","","أبو عبيدة عن جابر بن زيد عن ابن عباس قال رسول الله صلى الله عليه وسلم: «الذهب بالذهب والفضة بالفضة والبر بالبر والشعير بالشعير والملح بالملح يد بيد».","","","","Ibadi","","","","","V01P153"
"rabi_0575","575","al-Jami al-Sahih (Musnad al-Rabi ibn Habib)","Ibadi","1","34","575","في الربا والانفساخ والغش","في الربا والانفساخ والغش","","أبو عبيدة عن جابر عن أبي سعيد الخدري قال: قال رسول الله صلى الله عليه وسلم: «لا تبيعوا الذهب بالذهب ولا الفضة بالفضة ولا البر بالبر إلا مثلا بمثل، ولا تبيعوا بعضها ببعض على التأخير ».","","","","Ibadi","","","","","V01P153"
"rabi_0576","576","al-Jami al-Sahih (Musnad al-Rabi ibn Habib)","Ibadi","1","34","576","في الربا والانفساخ والغش","في الربا والانفساخ والغش","","أبو عبيدة عن جابر قال: بلغني عن طلحة بن عبيد الله أنه التمس من رجل صرفا، فأخذ طلحة الذهب بيده يقلبه، فقال: حتى يجيء خازني من الغابة، وعمر بن الخطاب رضي الله عنه حاضر يسمع كلامهما، فقال: والله لا أفارقكما حتى يتم الأمر بينكما، فإني سمعت رسول الله قال: «الذهب بالورق ربا إلا هاء وهاء، والبر بالبر ربا إلا هاء وهاء، والتمر بالتمر ربا إلا هاء وهاء، والشعير بالشعير ربا إلا هاء وهاء».","","","","Ibadi","","","","","V01P153"
"rabi_0577","577","al-Jami al-Sahih (Musnad al-Rabi ibn Habib)","Ibadi","1","34","577","في الربا والانفساخ والغش","في الربا والانفساخ والغش","","الربيع عن عبادة بن الصامت قال: خرجنا في غزوة وعلينا معاوية، فأصبنا ذهبا وفضة، فأمر معاوية رجلا يبيعها للناس في أعطياتهم، فسارع الناس فيها، فقام عبادة فنهاهم، فردوها، فأتى الرجل معاوية فشكى إليه، فقام معاوية خطيبا فقال: ما بال رجال يحدثون عن رسول الله صلى الله عليه وسلم أحاديث يكذبون فيها على رسول الله صلى الله عليه وسلم لم نسمعها منه؟ فقام عبادة فقال: والله لأحدثن بما سمعت من رسول الله صلى الله عليه وسلم ولو كره معاوية، فقال: قال رسول الله صلى الله عليه وسلم: «لا تبيعوا الذهب بالذهب ولا الفضة بالفضة ولا البر بالبر ولا الشعير بالشعير ولا الملح بالملح إلا مثلا بمثل، يدا بيد، سواء بسواء، عينا بعين».","","","","Ibadi","","","","","V01P154"
"rabi_0578","578","al-Jami al-Sahih (Musnad al-Rabi ibn Habib)","Ibadi","1","34","578","في الربا والانفساخ والغش","في الربا والانفساخ والغش","","أبو عبيدة عن جابر بن زيد عن ابن عباس عن النبيء صلى الله عليه وسلم أنه ابتاع بعيرا ببعيرين، وأجاز بيع عبد بعبدين إلا أن هذا يدا بيد.","","","","Ibadi","","","","","V01P154"
"rabi_0579","579","al-Jami al-Sahih (Musnad al-Rabi ibn Habib)","Ibadi","1","34","579","في الربا والانفساخ والغش","في الربا والانفساخ والغش","","أبو عبيدة عن جابر بن زيد عن عن أبي سعيد الخدري أن رسول الله صلى الله عليه وسلم استعمل على خيبر رجلا، فجاءه بتمر جنيب، فقال له رسول الله صلى الله عليه وسلم: «أكل تمر خيبر هكذا»؟ فقال: لا والله، إنا لنأخذ الصاع من هذا بصاعين، والصاع بثلاثة، فقال رسول الله: «لا تفعل، بع الجمع بالدراهم، وابتع بالدراهم جنيبا».","","","","Ibadi","","","","","V01P154"
"rabi_0580","580","al-Jami al-Sahih (Musnad al-Rabi ibn Habib)","Ibadi","1","34","580","في الربا والانفساخ والغش","في الربا والانفساخ والغش","","أبو عبيدة عن جابر عن أبي سعيد أن رسول الله صلى الله عليه وسلم رخص لصاحب العرايا أن يبيعها بخرصها تمرا. قال الربيع: قال جابر: بلغنا ذلك أيضا عن زيد بن ثابت رفعه إلى رسول الله صلى الله عليه وسلم. لا طريق لك علي، فرخص له رسول صلى الله عليه وسلم أن يبيعها بخرصها تمرا.","","","","Ibadi","","","","","V01P154"
"rabi_0581","581","al-Jami al-Sahih (Musnad al-Rabi ibn Habib)","Ibadi","1","34","581","في الربا والانفساخ والغش","في الربا والانفساخ والغش","","أبو عبيدة عن جابر عن ابن عباس عن أبي رافع مولى رسول الله صلى الله عليه وسلم قال: استسلف رسول الله صلى الله عليه وسلم بكرا، فجاءته إبل الصدقة فأمرني أن أقضي الرجل بكره، فقلت: لم أجد في الإبل إلا جملا رباعيا خيارا، فقال: «اقضه إياه فإن خير الناس أحسنهم قضاء».","","","","Ibadi","","","","","V01P155"
"rabi_0582","582","al-Jami al-Sahih (Musnad al-Rabi ibn Habib)","Ibadi","1","34","582","في الربا والانفساخ والغش","في الربا والانفساخ والغش","","أبو عبيدة عن جابر عن ابن عباس عن النبيء صلى الله عليه وسلم قال: «ألا ومن غشنا فليس منا، ومن لم يرحم صغيرنا ولم يوقر كبيرنا فليس منا». يعني: ليس بولي لنا.","","","","Ibadi","","","","","V01P155"
"rabi_0583","583","al-Jami al-Sahih (Musnad al-Rabi ibn Habib)","Ibadi","1","34","583","في الربا والانفساخ والغش","في الربا والانفساخ والغش","","ومن طريقه عنه عليه السلام قال: «إذا اختلف الجنسان ... » الحديث .","","","","Ibadi","","","","","V01P155"
"rabi_0584","584","al-Jami al-Sahih (Musnad al-Rabi ibn Habib)","Ibadi","1","34","584","في الربا والانفساخ والغش","في الربا والانفساخ والغش","","وقال الربيع عن عبادة بن الصامت قال: قال رسول الله صلى الله عليه وسلم: «إذا اختلف الجنسان فبيعوا كيف شئتم».","","","","Ibadi","","","","","V01P155"
"rabi_0585","585","al-Jami al-Sahih (Musnad al-Rabi ibn Habib)","Ibadi","1","34","585","في الربا والانفساخ والغش","في الربا والانفساخ والغش","","أبو عبيدة عن جابر عن ابن عباس عن النبيء صلى الله عليه وسلم أنه سئل عام سنة - وإنما سمي عام سنة لشدة غلائها - أن يسعر عليهم الأسواق، فامتنع فقال رسول الله صلى الله عليه وسلم: «القابض الباسط هو المسعر، ولكن سلوا الله».","","","","Ibadi","","","","","V01P155"
"rabi_0586","586","al-Jami al-Sahih (Musnad al-Rabi ibn Habib)","Ibadi","1","34","586","في الربا والانفساخ والغش","في الربا والانفساخ والغش","","أبو عبيدة عن جابر بن زيد عن أبي هريرة عن رسول الله صلى الله عليه وسلم قال: «أيما رجل أفلس فأدرك الرجل ماله بعينه فهو أحق به من غيره».","","","","Ibadi","","","","","V01P155"
"rabi_0587","587","al-Jami al-Sahih (Musnad al-Rabi ibn Habib)","Ibadi","1","34","587","في الربا والانفساخ والغش","في الربا والانفساخ والغش","","أبو عبيدة عن جابر عن ابن عباس قال: قال رسول الله صلى الله عليه وسلم: «لا شفعة إلا لشريك، ولا رهن إلا بقبض، ولا قراض إلا بعين». كتاب الأحكام [35] باب","","","","Ibadi","","","","","V01P156"
"rabi_0588","588","al-Jami al-Sahih (Musnad al-Rabi ibn Habib)","Ibadi","1","34","588","في الربا والانفساخ والغش","في الربا والانفساخ والغش","","أبو عبيدة عن جابر بن زيد عن ابن عباس عن النبيء صلى الله عليه وسلم قال: «إنما أنا بشر مثلكم تختصمون إلي فأحكم بينكم، ولعل بعضكم ألحن بحجته من بعض فأقضي له على نحو ما أسمع منه، فمن قضيت له بشيء من حق أخيه فلا يأخذ منه شيئا فإنما أقطع له قطعة من نار».","","","","Ibadi","","","","","V01P156"
"rabi_0589","589","al-Jami al-Sahih (Musnad al-Rabi ibn Habib)","Ibadi","1","34","589","في الربا والانفساخ والغش","في الربا والانفساخ والغش","","أبو عبيدة عن جابر بن زيد قال: قال رسول الله صلى الله عليه وسلم: «يأتي القاضي يوم القيامة مغلول اليدين، إما أن يفك عنه عدله، أو يهوي به جوره في النار».","","","","Ibadi","","","","","V01P156"
"rabi_0590","590","al-Jami al-Sahih (Musnad al-Rabi ibn Habib)","Ibadi","1","34","590","في الربا والانفساخ والغش","في الربا والانفساخ والغش","","أبو عبيدة قال: سمعت ناسا من الصحابة يقولون: قال رسول الله صلى الله عليه وسلم: «من حكم بين اثنين فكأنما ذبح نفسه بغير سكين».","","","","Ibadi","","","","","V01P156"
"rabi_0591","591","al-Jami al-Sahih (Musnad al-Rabi ibn Habib)","Ibadi","1","34","591","في الربا والانفساخ والغش","في الربا والانفساخ والغش","","أبو عبيدة عن جابر بن زيد عن ابن مسعود يقول: قال النبيء صلى الله عليه وسلم: «لزوم الفقير حرام، والمدعي ما ليس له والمنكر لما عليه كافران».","","","","Ibadi","","","","","V01P156"
"rabi_0592","592","al-Jami al-Sahih (Musnad al-Rabi ibn Habib)","Ibadi","1","34","592","في الربا والانفساخ والغش","في الربا والانفساخ والغش","","أبو عبيدة عن جابر بن زيد عن ابن عباس قال: قال رسول الله صلى الله عليه وسلم: «البينة على من ادعى، واليمين على من أنكر».","","","","Ibadi","","","","","V01P156"
"rabi_0593","593","al-Jami al-Sahih (Musnad al-Rabi ibn Habib)","Ibadi","1","34","593","في الربا والانفساخ والغش","في الربا والانفساخ والغش","","ومن طريقه أيضا عنه عليه الصلاة والسلام قال: «بين كل حالفين يمين»","","","","Ibadi","","","","","V01P157"
"rabi_0594","594","al-Jami al-Sahih (Musnad al-Rabi ibn Habib)","Ibadi","1","34","594","في الربا والانفساخ والغش","في الربا والانفساخ والغش","","ومن طريق عائشة رضي الله عنها عنه عليه السلام قال: «ألا أخبركم بخير الشهداء»؟ قالوا: بلى يا رسول الله، قال: «الذي يأتي بشهادته قبل أن يسأل عنها».","","","","Ibadi","","","","","V01P157"
"rabi_0595","595","al-Jami al-Sahih (Musnad al-Rabi ibn Habib)","Ibadi","1","34","595","في الربا والانفساخ والغش","في الربا والانفساخ والغش","","أبو عبيدة عن جابر بن زيد قال: بلغني أن رجلا يسمى بشيرا أتى بابنه النعمان إلى رسول الله صلى الله عليه وسلم فقال: يا رسول الله إني نحلت ابني هذا غلاما كان لي، فقال رسول الله صلى الله عليه وسلم: «أكل ولدك نحلته مثل هذا»؟ فقال: لا، فقال رسول الله صلى الله عليه وسلم: «لا تشهدنا إلا على الحق».","","","","Ibadi","","","","","V01P157"
"rabi_0596","596","al-Jami al-Sahih (Musnad al-Rabi ibn Habib)","Ibadi","1","34","596","في الربا والانفساخ والغش","في الربا والانفساخ والغش","","أبو عبيدة قال: بلغني عن رسول الله صلى الله عليه وسلم قال: «الصلح خير الأحكام»، أو قال: «سيد الأحكام». وهو جائز بين الناس، إلا صلحا أحل حراما أو حرم حلالا، وهو أحرز للحاكم من الإثم والجور.","","","","Ibadi","","","","","V01P157"
"rabi_0597","597","al-Jami al-Sahih (Musnad al-Rabi ibn Habib)","Ibadi","1","34","597","في الربا والانفساخ والغش","في الربا والانفساخ والغش","","أبو عبيدة عن جابر بن زيد عن ابن عباس قال: اختصم رجلان إلى رسول الله صلى الله عليه وسلم فقال أحدهما: اقض بيننا بكتاب الله، وقال الآخر: أجل يا رسول الله، اقض بيننا بكتاب الله، وائذن لي أن أتكلم، فقال: «تكلم»، فقال: إن ابني كان عسيفا لهذا الرجل، فزنى بامرأته، فأخبرت أن على ابني الرجم، فافتديته منه بمائة شاة وبجارية، ثم إني سألت أهل العلم فأخبروني أنما على ابني مائة جلدة وتغريب عام، وإنما الرجم على المرأة ، قال رسول الله صلى الله عليه وسلم: «والذي نفسي بيده، لأقضين بينكم بكتاب الله، أما غنمك وجاريتك فرد عليك». وجلد ابنه مائة جلدة وغربه عاما، وأمر أنيسا الأسلمي أن يأتي امرأة الآخر، فإن اعترفت رجمها، فاعترفت فرجمها.","","","","Ibadi","","","","","V01P158"
"rabi_0598","598","al-Jami al-Sahih (Musnad al-Rabi ibn Habib)","Ibadi","1","34","598","في الربا والانفساخ والغش","في الربا والانفساخ والغش","","أبو عبيدة عن جابر عن ابن عباس أن النبيء صلى الله عليه وسلم قال: «مطل الغني ظلم».","","","","Ibadi","","","","","V01P158"
"rabi_0599","599","al-Jami al-Sahih (Musnad al-Rabi ibn Habib)","Ibadi","1","34","599","في الربا والانفساخ والغش","في الربا والانفساخ والغش","","أبو عبيدة عن جابر بن زيد عن ابن عباس عن النبيء صلى الله عليه وسلم أنه أذن لهند بنت عتبة وقد شكت إليه زوجها أبا سفيان بن حرب أنه قطع عنها وعن أولادها النفقة والكسوة أن تأخذ من ماله بغير إذن.","","","","Ibadi","","","","","V01P158"
"rabi_0600","600","al-Jami al-Sahih (Musnad al-Rabi ibn Habib)","Ibadi","1","34","600","في الربا والانفساخ والغش","في الربا والانفساخ والغش","","أبو عبيدة عن جابر بن زيد عن أبي سعيد الخدري قال: قال رسول الله صلى الله عليه وسلم: «جرح العجماء جبار ... » الحديث ، حتى قال: «وفي الركاز الخمس».","","","","Ibadi","","","","","V01P158"
"rabi_0601","601","al-Jami al-Sahih (Musnad al-Rabi ibn Habib)","Ibadi","1","34","601","في الربا والانفساخ والغش","في الربا والانفساخ والغش","","أبو عبيدة عن جابر بن زيد عن ابن عباس عن النبيء صلى الله عليه وسلم قال: «من حاز أرضا وعمرها عشر سنين والخصم حاضر لا يغير ولا ينكر فهي للذي حازها وعمرها، ولا حجة للخصم فيها».","","","","Ibadi","","","","","V01P158"
"rabi_0602","602","al-Jami al-Sahih (Musnad al-Rabi ibn Habib)","Ibadi","1","34","602","في الربا والانفساخ والغش","في الربا والانفساخ والغش","","أبو عبيدة عن جابر بن زيد قال: بلغني عن جابر بن عبد الله قال: قال رسول الله صلى الله عليه وسلم: «أيما رجل عمر عمرى له ولعقبه فهي للذي يعطاها أبدا».","","","","Ibadi","","","","","V01P159"
"rabi_0603","603","al-Jami al-Sahih (Musnad al-Rabi ibn Habib)","Ibadi","1","36","603","في الرجم والحدود","في الرجم والحدود","","أبو عبيدة عن جابر قال: بلغني عن رسول الله صلى الله عليه وسلم قال: «أحصن من ملك أو ملك له».","","","","Ibadi","","","","","V01P159"
"rabi_0604","604","al-Jami al-Sahih (Musnad al-Rabi ibn Habib)","Ibadi","1","36","604","في الرجم والحدود","في الرجم والحدود","","أبو عبيدة عن جابر قال: الرجم والاختتان والاستنجاء والوتر سنن واجبة ، فأما الوتر فلقوله عليه السلام لأصحابه: «زادكم الله صلاة هي الوتر».","","","","Ibadi","","","","","V01P159"
"rabi_0605","605","al-Jami al-Sahih (Musnad al-Rabi ibn Habib)","Ibadi","1","36","605","في الرجم والحدود","في الرجم والحدود","","أبو عبيدة عن جابر قال: سأل سعد بن عبادة رسول الله صلى الله عليه وسلم فقال: أرأيت لو وجدت مع امرأتي رجلا أمهله حتى آتي بأربعة؟! فقال له رسول الله صلى الله عليه وسلم: «نعم».","","","","Ibadi","","","","","V01P159"
"rabi_0606","606","al-Jami al-Sahih (Musnad al-Rabi ibn Habib)","Ibadi","1","36","606","في الرجم والحدود","في الرجم والحدود","","أبو عبيدة عن جابر قال: أتى رجل إلى رسول الله صلى الله عليه وسلم يقال له عاصم بن عدي الأنصاري، فقال: يا رسول الله، أرأيت رجلا وجد مع امرأته رجلا أيقتله فتقتلونه، أم كيف يصنع؟ فكره النبيء صلى الله عليه وسلم المسألة حتى عابها، وبلغ ذلك بالرجل مبلغا عظيما، ثم أتاه بعد ذلك رجل يقال له عويمر العجلاني، فسأل النبيء صلى الله عليه وسلم عن المسألة بعينها، فقال له رسول الله صلى الله عليه وسلم: «قد أنزلت فيك وفي صاحبتك، فاذهب فأت بها» فأتى بها، فتلاعنا، ففرق رسول الله صلى الله عليه وسلم بينهما. أو طلقها.","","","","Ibadi","","","","","V01P159"
"rabi_0607","607","al-Jami al-Sahih (Musnad al-Rabi ibn Habib)","Ibadi","1","36","607","في الرجم والحدود","في الرجم والحدود","","أبو عبيدة عن جابر عن ابن عمر قال: إن اليهود جاءوا إلى رسول الله صلى الله عليه وسلم فذكروا له أن رجلا منهم وامرأة زنيا، فقال لهم: «ما تجدون في التوراة في شأن الرجم»؟ فقالوا: نفضحهما ويجلدان، فقال لهم عبد الله بن سلام: «كذبتم، إن فيها للرجم آية، فأتوا بالتوراة فاتلوها»، قال: فأتوا بها ونشروها، فوضع أحدهم يده على آية الرجم، فقرأ ما قبلها وما بعدها، فقال له ابن سلام: ارفع يدك، فرفع يده، فإذا آية الرجم تتلألأ ، فقالوا: صدق يا محمد، فيها آية الرجم، فأمر بهما رسول الله صلى الله عليه وسلم فرجما. قال ابن عمر: فرأيت الرجل يجافى على المرأة يقيها الحجارة.","","","","Ibadi","","","","","V01P160"
"rabi_0608","608","al-Jami al-Sahih (Musnad al-Rabi ibn Habib)","Ibadi","1","36","608","في الرجم والحدود","في الرجم والحدود","","أبو عبيدة عن أبي سعيد أن رجلا لاعن امرأته في زمان النبيء صلى الله عليه وسلم فانتفى من الولد، ففرق رسول الله صلى الله عليه وسلم بينهما، وألحق الولد بالمرأة.","","","","Ibadi","","","","","V01P160"
"rabi_0609","609","al-Jami al-Sahih (Musnad al-Rabi ibn Habib)","Ibadi","1","36","609","في الرجم والحدود","في الرجم والحدود","","أبو عبيدة عن جابر عن عائشة رضي الله عنها قالت: كان عتبة بن أبي وقاص عهد إلى أخيه سعد بن أبي وقاص فقال: إن ابن وليدة زمعة هو ابني فاقبضه إليك، فلما كان عام الفتح أخذه سعد بن أبي وقاص وقال: ابن أخي وقد كان عهد إلي فيه، فقام إليه عبد بن زمعة فقال: أخي ابن وليدة أبي وقد ولد على فراشه، فتساوقاه إلى رسول الله صلى الله عليه وسلم فتكلم سعد بحجته وتكلم عبد بن زمعة بحجته، فقال رسول الله صلى الله عليه وسلم: «هو لك يا عبد بن زمعة، الولد للفراش وللعاهر الحجر». ثم قال رسول الله صلى الله عليه وسلم لزوجته سودة بنت زمعة: «احتجبي منه يا سودة» لما رأى إشباهه عتبة. قالت عائشة فما رآها حتى لقي الله.","","","","Ibadi","","","","","V01P161"
"rabi_0610","610","al-Jami al-Sahih (Musnad al-Rabi ibn Habib)","Ibadi","1","36","610","في الرجم والحدود","في الرجم والحدود","","أبو عبيدة عن جابر بن زيد عن ابن عباس قال: اختصم رجلان إلى رسول الله صلى الله عليه وسلم فقال أحدهما: اقض بيننا بكتاب الله ... الحديث .","","","","Ibadi","","","","","V01P161"
"rabi_0611","611","al-Jami al-Sahih (Musnad al-Rabi ibn Habib)","Ibadi","1","36","611","في الرجم والحدود","في الرجم والحدود","","أبو عبيدة عن جابر عن عائشة رضي الله عنها قالت: سمعت رسول الله صلى الله عليه وسلم يقول: «القطع في ربع دينار فصاعدا».","","","","Ibadi","","","","","V01P161"
"rabi_0612","612","al-Jami al-Sahih (Musnad al-Rabi ibn Habib)","Ibadi","1","36","612","في الرجم والحدود","في الرجم والحدود","","أبو عبيدة عن جابر عن أبي سعيد أن رسول الله صلى الله عليه وسلم قطع يد سارق في مجن قيمته أربعة دراهم.","","","","Ibadi","","","","","V01P161"
"rabi_0613","613","al-Jami al-Sahih (Musnad al-Rabi ibn Habib)","Ibadi","1","36","613","في الرجم والحدود","في الرجم والحدود","","أبو عبيدة عن جابر بن زيد عن ابن عباس عن النبيء صلى الله عليه وسلم أنه سئل عن الأمة إذا زنت ولم تحصن، فقال: «إن زنت فاجلدوها، ثم إن زنت فاجلدوها، ثم إن زنت فاجلدوها، ثم إن زنت فاجلدوها، ثم بيعوها ولو بضفير». يعني بحبل.","","","","Ibadi","","","","","V01P161"
"rabi_0614","614","al-Jami al-Sahih (Musnad al-Rabi ibn Habib)","Ibadi","1","37","614","في الضالة","في الضالة","","أبو عبيدة عن جابر بن زيد عن ابن عباس أن النبيء صلى الله عليه وسلم قال: «لا يؤوي الضالة إلا ضال». وقال: «ضالة المؤمن حرق النار».","","","","Ibadi","","","","","V01P161"
"rabi_0615","615","al-Jami al-Sahih (Musnad al-Rabi ibn Habib)","Ibadi","1","37","615","في الضالة","في الضالة","","ومن طريق ابن عباس عنه عليه السلام أنه سئل عن ضالة الغنم، فقال: «خذها فهي لك أو لأخيك أو للذئب». ثم قيل له: ما تقول في ضالة الإبل؟ فاحمر وجهه وغضب وقال: «ما لك ولها؟ معها حذاؤها وسقاؤها ترد الماء وتأكل الشجر حتى يجدها ربها». كروشها تمسكه زمانا.","","","","Ibadi","","","","","V01P162"
"rabi_0616","616","al-Jami al-Sahih (Musnad al-Rabi ibn Habib)","Ibadi","1","37","616","اللقطة","اللقطة","","ومن طريق ابن عباس أنه صلى الله عليه وسلم سأله أعرابي عن لقطة التقطها، فقال: «عرفها سنة، فإن جاء مدعيها بوصف عفاصها ووكائها فهي له، وإلا فانتفع بها».","","","","Ibadi","","","","","V01P162"
"rabi_0617","617","al-Jami al-Sahih (Musnad al-Rabi ibn Habib)","Ibadi","1","37","617","اللقطة","اللقطة","","ومن طريق ابن عباس أيضا أن زيد بن ثابت التقط صرة فيها مائة دينار، فجاء إلى النبيء صلى الله عليه وسلم فقال له: «عرفها سنة، فمن جاءك بالعلامة فادفعها له»، فجاءه عند تمام السنة فقال له: عرفتها يا رسول الله سنة، فقال له: «عرفها سنة أخرى»، فجاءه عند انقضاء السنة الثانية فأخبره أنه عرفها سنة أخرى، فقال: «هو مال الله يؤتيه من يشاء». وفي مكة لا تحل لقطتها إلا لمنشد. في كتاب الحج .","","","","Ibadi","","","","","V01P163"
"rabi_0618","618","al-Jami al-Sahih (Musnad al-Rabi ibn Habib)","Ibadi","1","39","618","الذبائح (¬1)","الذبائح (¬1)","","أبو عبيدة عن جابر بن زيد عن ابن عباس عن النبيء صلى الله عليه وسلم قال: «أحلت لكم ميتتان ودمان، فالميتتان: الجراد والسمك، والدمان: الكبد والطحال».","","","","Ibadi","","","","","V01P163"
"rabi_0619","619","al-Jami al-Sahih (Musnad al-Rabi ibn Habib)","Ibadi","1","39","619","الذبائح (¬1)","الذبائح (¬1)","","أبو عبيدة عن جابر بن زيد عن أبي سعيد قال: كانت جارية لكعب بن مالك ترعى غنما له، فأصيبت منها شاة فذبحتها بحجر، فسئل رسول الله صلى الله عليه وسلم عن ذلك فقال: «لا بأس بها فكلوها» .","","","","Ibadi","","","","","V01P163"
"rabi_0620","620","al-Jami al-Sahih (Musnad al-Rabi ibn Habib)","Ibadi","1","39","620","الذبائح (¬1)","الذبائح (¬1)","","أبو عبيدة عن جابر بن زيد قال: سمعت ناسا من الصحابة يروون عن النبيء صلى الله عليه وسلم: أنه نهى في الذبح عن أربعة أوجه: الخزل والوخز والنخع والترداد. والوخر: الطعن برأس الحديدة في رقبة الشاة بعد الذبح. والنخع: كسر الرقبة. والترداد: الذبح بالحديدة الكليلة التي تتردد في اللحم.","","","","Ibadi","","","","","V01P163"
"rabi_0621","621","al-Jami al-Sahih (Musnad al-Rabi ibn Habib)","Ibadi","1","39","621","الذبائح (¬1)","الذبائح (¬1)","","أبو عبيدة عن جابر عن عائشة رضي الله عنها قالت: دف ناس من أهل المدينة حضرة الأضحى في زمان النبيء صلى الله عليه وسلم فقال رسول الله صلى الله عليه وسلم: «كلوا وتصدقوا بما بقي بعد ثلاثة أيام». قالت: فلما كان بعد ذلك قيل لرسول الله صلى الله عليه وسلم: كان الناس ينتفعون بضحاياهم ويجعلون جم الودك ، ويتخذون منها الأسقية، فقال رسول الله صلى الله عليه وسلم: «وما ذلك»؟ فقالوا: يا رسول الله نهيت عن إمساك الضحايا بعد ثلاثة أيام، فقال: «إنما نهيتكم من أجل الدافة التي دفت عليكم، فكلوا وتصدقوا وادخروا».","","","","Ibadi","","","","","V01P164"
"rabi_0622","622","al-Jami al-Sahih (Musnad al-Rabi ibn Habib)","Ibadi","1","39","622","الذبائح (¬1)","الذبائح (¬1)","","ومن طريق ابن عباس عنه عليه السلام قال: «من خاف من شدة الميعة ... » الحديث ، حتى قال: «ضحى بكبشين أملحين موجوءين» والأملحان الأبلقان.","","","","Ibadi","","","","","V01P164"
"rabi_0623","623","al-Jami al-Sahih (Musnad al-Rabi ibn Habib)","Ibadi","1","39","623","الذبائح (¬1)","الذبائح (¬1)","","أبو عبيدة عن جابر بن زيد قال: سئل النبيء صلى الله عليه وسلم عن العقيقة فقال: «لا أحب العقوق»، ثم قال: «من ولد له ولد وأحب أن ينسك عن ولده فليفعل». كتاب الأشربة من الخمر والنبيذ","","","","Ibadi","","","","","V01P165"
"rabi_0624","624","al-Jami al-Sahih (Musnad al-Rabi ibn Habib)","Ibadi","1","40","624","في الأشربة من الخمر والنبيذ","في الأشربة من الخمر والنبيذ","","أبو عبيدة عن جابر بن زيد عن ابن عباس أهدى رجل إلى رسول الله صلى الله عليه وسلم راويتي خمر فقال له: «أما علمت أن الله حرمها»؟ فقال: لا، فسار إنسانا، فقال له: «بم ساررته»؟ فقال له: أمرته أن يبيعها، فقال له رسول الله صلى الله عليه وسلم: «إن الذي حرم شربها حرم بيعها»، ففتح المزادتين وهما الراويتان حتى ذهب ما فيهما.","","","","Ibadi","","","","","V01P165"
"rabi_0625","625","al-Jami al-Sahih (Musnad al-Rabi ibn Habib)","Ibadi","1","40","625","في الأشربة من الخمر والنبيذ","في الأشربة من الخمر والنبيذ","","أبو عبيدة عن جابر بن زيد عن ابن عباس قال: قال رسول الله صلى الله عليه وسلم: «لعن الله الخمر وبائعها ومشتريها وعاصرها وحاملها والمحمولة إليه وشاربها».","","","","Ibadi","","","","","V01P165"
"rabi_0626","626","al-Jami al-Sahih (Musnad al-Rabi ibn Habib)","Ibadi","1","40","626","في الأشربة من الخمر والنبيذ","في الأشربة من الخمر والنبيذ","","الربيع عن عبادة بن الصامت قال: قال رسول الله صلى الله عليه وسلم: «ليستحلن آخر أمتي الخمر بأسماء يسمونها بها».","","","","Ibadi","","","","","V01P165"
"rabi_0627","627","al-Jami al-Sahih (Musnad al-Rabi ibn Habib)","Ibadi","1","40","627","في الأشربة من الخمر والنبيذ","في الأشربة من الخمر والنبيذ","","أبو عبيدة عن جابر عن أبي سعيد الخدري قال: قال رسول الله صلى الله عليه وسلم: «من شرب الخمر في الدنيا ثم لم يتب منها حرمها في الآخرة».","","","","Ibadi","","","","","V01P165"
"rabi_0628","628","al-Jami al-Sahih (Musnad al-Rabi ibn Habib)","Ibadi","1","40","628","في الأشربة من الخمر والنبيذ","في الأشربة من الخمر والنبيذ","","أبو عبيدة عن جابر بن زيد عن أنس بن مالك قال: كنت أسقي أبا دجانة وأبا طلحة وأبي بن كعب شرابا من فضيخ التمر، فجاءهم آت فقال: إن الخمر قد حرمت، فقال أبو طلحة: يا أنس، قم إلى هذه الجرار فاكسرها، قال أنس: فقمت إلى مهراس لنا فضربتها بأسفله حتى انكسرت.","","","","Ibadi","","","","","V01P166"
"rabi_0629","629","al-Jami al-Sahih (Musnad al-Rabi ibn Habib)","Ibadi","1","40","629","في الأشربة من الخمر والنبيذ","في الأشربة من الخمر والنبيذ","","أبو عبيدة عن جابر عن عائشة رضي الله عنها قالت: سئل رسول الله صلى الله عليه وسلم عن شراب البتع فقال: «كل شراب أسكر فهو حرام». والبتع المقرص.","","","","Ibadi","","","","","V01P166"
"rabi_0630","630","al-Jami al-Sahih (Musnad al-Rabi ibn Habib)","Ibadi","1","40","630","في الأشربة من الخمر والنبيذ","في الأشربة من الخمر والنبيذ","","أبو عبيدة عن جابر عن أبي سعيد أن رسول الله صلى الله عليه وسلم نهى أن يشرب التمر والزبيب جميعا، وكذلك كل خليطين. الوجه فلا بأس.","","","","Ibadi","","","","","V01P166"
"rabi_0631","631","al-Jami al-Sahih (Musnad al-Rabi ibn Habib)","Ibadi","1","40","631","في الأشربة من الخمر والنبيذ","في الأشربة من الخمر والنبيذ","","أبو عبيدة عن جابر بن زيد عن أبي سعيد الخدري أن رسول الله صلى الله عليه وسلم نهى أن ينبذ في الدباء والمزفت والنقير والحنتم». والحنتم: القلال الخضر.","","","","Ibadi","","","","","V01P166"
"rabi_0632","632","al-Jami al-Sahih (Musnad al-Rabi ibn Habib)","Ibadi","1","40","632","في الأشربة من الخمر والنبيذ","في الأشربة من الخمر والنبيذ","","أبو عبيدة عن جابر بن زيد قال: الذي يروى عن عبد الله بن مسعود ليلة الجن في إجازة النبيء له أن يتوضأ بالنبيذ، تقدم في باب الوضوء.","","","","Ibadi","","","","","V01P166"
"rabi_0633","633","al-Jami al-Sahih (Musnad al-Rabi ibn Habib)","Ibadi","1","41","633","في المحرمات","في المحرمات","","أبو عبيدة عن جابر بن زيد عن ابن عباس عن النبيء صلى الله عليه وسلم أنه نهى عن ثمن الكلب، ومهر البغي، وحلوان الكاهن. الأجرة، والكاهن: الذي ينظر في الكتف.","","","","Ibadi","","","","","V01P167"
"rabi_0634","634","al-Jami al-Sahih (Musnad al-Rabi ibn Habib)","Ibadi","1","41","634","في المحرمات","في المحرمات","","أبو عبيدة عن جابر عن ابن عباس أن النبيء صلى الله عليه وسلم نهى عن عسب الفحل.","","","","Ibadi","","","","","V01P167"
"rabi_0635","635","al-Jami al-Sahih (Musnad al-Rabi ibn Habib)","Ibadi","1","41","635","في المحرمات","في المحرمات","","أبو عبيدة عن جابر بن زيد عن ابن عباس عن النبيء صلى الله عليه وسلم قال: «العينان تزنيان، واليدان تزنيان، والرجلان تزنيان، ويصدق ذلك ويكذبه الفرج».","","","","Ibadi","","","","","V01P167"
"rabi_0636","636","al-Jami al-Sahih (Musnad al-Rabi ibn Habib)","Ibadi","1","41","636","في المحرمات","في المحرمات","","ومن طريق ابن عباس عنه عليه السلام قال: «صوتان ملعونان في الدنيا والآخرة: صوت مزمار عند نغمة ، وصوت مرنة عند مصيبة» وزيد فيها في رواية أخرى: «لعنت النائحة والجالسة إليها والمستمعة».","","","","Ibadi","","","","","V01P167"
"rabi_0637","637","al-Jami al-Sahih (Musnad al-Rabi ibn Habib)","Ibadi","1","41","637","في المحرمات","في المحرمات","","ومن طريق ابن عباس عنه عليه السلام قال: «لعن الله النامصة والمتنمصة والواصلة والمستوصلة والواشمة والمستوشمة والمتفلجات للحسن». والمتنمصة: التي يفعل بها ذلك، والواصلة: التي توصل شعر رأسها ليقال: إنه طويل، والمستوصلة: التي يفعل بها ذلك، والواشمة: التي تجعل الوشم في وجهها أو في ذراعها، والمستوشمة: التي يفعل بها ذلك، والمتفلجات: اللاتي يفلجن ما بين أسنانهن للجمال.","","","","Ibadi","","","","","V01P168"
"rabi_0638","638","al-Jami al-Sahih (Musnad al-Rabi ibn Habib)","Ibadi","1","41","638","في المحرمات","في المحرمات","","ومن طريق ابن عباس عنه عليه السلام قال: «ملعون من نظر إلى فرج أخيه»، أو قال: «إلى عورة أخيه، وملعون من أبدى عورته للناس».","","","","Ibadi","","","","","V01P168"
"rabi_0639","639","al-Jami al-Sahih (Musnad al-Rabi ibn Habib)","Ibadi","1","41","639","في المحرمات","في المحرمات","","أبو عبيدة عن جابر بن زيد قال: بلغني عن معاوية بن أبي سفيان قال وهو على المنبر عام حج، فتناول قصة من شعر في يد حرسي فقال: يا أهل المدينة أين علماؤكم؟ سمعت رسول الله صلى الله عليه وسلم يقول: «إنما هلكت بنو إسرائيل حين اتخذت مثل هذه نساؤهم».","","","","Ibadi","","","","","V01P168"
"rabi_0640","640","al-Jami al-Sahih (Musnad al-Rabi ibn Habib)","Ibadi","1","42","640","في الطاعون","في الطاعون","","أبو عبيدة قال سعد بن أبي وقاص لأسامة بن زيد: ماذا سمعت من رسول الله صلى الله عليه وسلم يقول في الطاعون؟ قال: سمعته يقول: «الطاعون رجز أرسل على طائفة من بني إسرائيل أو على من كان قبلكم، فإذا سمعتم به بأرض فلا تدخلوها عليه، وإذا وقع في أرض وأنتم فيها فلا تخرجوا فرارا منه».","","","","Ibadi","","","","","V01P168"
"rabi_0641","641","al-Jami al-Sahih (Musnad al-Rabi ibn Habib)","Ibadi","1","42","641","في الطاعون","في الطاعون","","أبو عبيدة عن جابر عن ابن عباس أن عمر بن الخطاب رضي الله عنه خرج إلى الشام، حتى إذا كان بسرغ - وهو موضع بالشام - لقيه أمراء الأجناد أبو عبيدة بن الجراح رضي الله عنه مع أصحابه، وأخبروه أن الوباء وقع في أرض الشام، فاختلفوا، فقال بعضهم: خرجت لأمر ولا نرى أن ترجع عنه؛ وقال بعضهم: معك بقية الناس وأصحاب رسول الله صلى الله عليه وسلم ولا نرى أن تقدمهم على هذا الوباء، فقال عمر: ارتفعوا عني. قال ابن عباس: فقال عمر: ادع لي المهاجرين الأولين، فدعوتهم، فاستشارهم، فاختلفوا، فقال بعضهم: معك بقية الناس وأصحاب رسول الله صلى الله عليه وسلم ولا نرى أن تقدمهم على هذا الوباء، وقال بعضهم: خرجت لأمر ولا نرى أن ترجع عنه؛ فقال: ارتفعوا عني، فارتفعوا، ثم قال: ادع لي الأنصار، فدعوتهم، فاستشارهم، فسلكوا سبيل المهاجرين واختلفوا كاختلافهم. فقال: ارتفعوا عني، فارتفعوا، ثم قال: ادع لي من كان هاهنا من مشيخة قريش ومن مهاجرة الفتح، فدعوتهم، فلم يختلف عليه منهم رجلان، فقالوا: نرى أن ترجع بالناس ولا تقدمهم على هذا الوباء، فنادى عمر في الناس: إني مصبح على ظهر فأصبحوا عليه، فقال أبو عبيدة: أفرارا من قدر الله تعالى يا عمر؟ فقال عمر: لو غيرك قالها يا أبا عبيدة! نعم، نفر من قدر الله إلى قدر الله. قال ابن عباس: فجاء عبد الرحمن بن عوف وكان متغيبا في بعض حاجته، فقال: إن عندي من هذا علما، سمعت رسول الله صلى الله عليه وسلم يقول: «إذا سمعتم به بأرض فلا تقدموا عليه، وإذا وقع بأرض وأنتم بها فلا تخرجوا فرارا منه». قال: فحمد الله عمر وأثنى عليه، ثم انصرف.","","","","Ibadi","","","","","V01P170"
"rabi_0642","642","al-Jami al-Sahih (Musnad al-Rabi ibn Habib)","Ibadi","1","42","642","في الطاعون","في الطاعون","","أبو عبيدة عن جابر عن أبي هريرة قال: قال رسول الله صلى الله عليه وسلم: «الشهداء خمسة: المطعون ... » الحديث .","","","","Ibadi","","","","","V01P170"
"rabi_0643","643","al-Jami al-Sahih (Musnad al-Rabi ibn Habib)","Ibadi","1","43","643","في الحمى والوعك","في الحمى والوعك","","أبو عبيدة عن جابر بن زيد عن أبي سعيد الخدري أن رسول الله صلى الله عليه وسلم قال: «إن الحمى من فيح جهنم فأطفئوها بالماء».","","","","Ibadi","","","","","V01P170"
"rabi_0644","644","al-Jami al-Sahih (Musnad al-Rabi ibn Habib)","Ibadi","1","43","644","في الحمى والوعك","في الحمى والوعك","","أبو عبيدة عن جابر بن زيد عن ابن الزبير أن أسماء بنت أبي بكر إذا أتيت بامرأة قد حمت تدعوا لها وتأخذ الماء وتصب بينها وبين جيبها، وقالت: كان رسول الله صلى الله عليه وسلم يأمرنا أن نبردها بالماء.","","","","Ibadi","","","","","V01P170"
"rabi_0645","645","al-Jami al-Sahih (Musnad al-Rabi ibn Habib)","Ibadi","1","43","645","في الحمى والوعك","في الحمى والوعك","","أبو عبيدة عن جابر عن عائشة رضي الله عنها قالت: لما قدم رسول الله صلى الله عليه وسلم المدينة وعك أبو بكر وبلال، فدخلت عليهما فقلت: يا أبت، كيف تجدك ويا بلال كيف تجدك؟ وكان أبو بكر إذا أخذته الحمى قال: كل امرئ مصبح في أهله ... والموت أدنى من شراك نعله وكان بلال إذا أقلعت الحمى يرفع عقيرته ويقول: ألا ليت شعري هل أبيتن ليلة ... ... بواد وحولي إذخر وجليل وهل أردن يوما مياه مجنة ... ... وهل يبدون لي شامة وطفيل قالت عائشة رضي الله عنها: فجئت رسول الله صلى الله عليه وسلم فأخبرته فقال: «اللهم حبب إلينا المدينة كحبنا مكة، وصححها وبارك لنا في صاعها ومدها وانقل حماها واجعلها في الجحفة». على مجنة، ومجنة: سوق بأسفل مكة على بريد منها.","","","","Ibadi","","","","","V01P171"
"rabi_0646","646","al-Jami al-Sahih (Musnad al-Rabi ibn Habib)","Ibadi","1","43","646","في الحمى والوعك","في الحمى والوعك","","أبو عبيدة عن جابر بن زيد قال: سمعت جابر بن عبد الله يقول: بايع أعرابي رسول الله صلى الله عليه وسلم فأصاب الأعرابي وعك ... الحديث .","","","","Ibadi","","","","","V01P171"
"rabi_0647","647","al-Jami al-Sahih (Musnad al-Rabi ibn Habib)","Ibadi","1","43","647","في الحمى والوعك","في الحمى والوعك","","الربيع عن عبادة بن الصامت قال: إن رسول الله صلى الله عليه وسلم رقاه جبريل وهو يوعك ... الحديث .","","","","Ibadi","","","","","V01P171"
"rabi_0648","648","al-Jami al-Sahih (Musnad al-Rabi ibn Habib)","Ibadi","1","43","648","في الحمى والوعك","في الحمى والوعك","","أبو عبيدة عن جابر عن عائشة رضي الله عنها أن رسول الله صلى الله عليه وسلم كان إذا اشتكى يقرأ على نفسه بالمعوذتين، وينفث، فلما اشتد عليه الوجع كنت أقرأ عليه بهما وأنفث وأمسح بيده رجاء بركتها.","","","","Ibadi","","","","","V01P171"
"rabi_0649","649","al-Jami al-Sahih (Musnad al-Rabi ibn Habib)","Ibadi","1","43","649","في الحمى والوعك","في الحمى والوعك","","أبو عبيدة عن جابر قال: بلغني عن رجل من الصحابة أتى النبيء صلى الله عليه وسلم فاشتكى إليه من شدة الوجع ، فقال له رسول الله صلى الله عليه وسلم: «امسح بيمينك سبع مرات، وقل: أعوذ بعزة الله وبقدرته من شر ما أجد». قال: ففعلت ذلك ففرج الله عني ما كان بي فلم أزل آمر بها أهلي وغيرهم.","","","","Ibadi","","","","","V01P171"
"rabi_0650","650","al-Jami al-Sahih (Musnad al-Rabi ibn Habib)","Ibadi","1","43","650","في الحمى والوعك","في الحمى والوعك","","ومن طريق عائشة رضي الله عنها قالت: قال رسول الله صلى الله عليه وسلم: «لا تصيب المؤمن مصيبة إلا كفر الله خطاياه حتى الشوكة».","","","","Ibadi","","","","","V01P172"
"rabi_0651","651","al-Jami al-Sahih (Musnad al-Rabi ibn Habib)","Ibadi","1","43","651","في الحمى والوعك","في الحمى والوعك","","أبو عبيدة عن جابر عن أبي هريرة قال: قال رسول الله صلى الله عليه وسلم: «من يرد الله به خيرا يصب منه».","","","","Ibadi","","","","","V01P172"
"rabi_0652","652","al-Jami al-Sahih (Musnad al-Rabi ibn Habib)","Ibadi","1","43","652","في الحمى والوعك","في الحمى والوعك","","أبو عبيدة عن جابر عن أبي هريرة أن رجلا من أسلم قال: ما نمت الليلة، قال رسول الله صلى الله عليه وسلم: «من أي شيء»؟ قال: لدغتني عقرب، فقال عليه السلام: «أما إنك لو قلت حين أمسيت: أعوذ بكلمات الله التامات العامات من شر ما خلق لم يضرك شيء إن شاء الله».","","","","Ibadi","","","","","V01P172"
"rabi_0653","653","al-Jami al-Sahih (Musnad al-Rabi ibn Habib)","Ibadi","1","43","653","في الحمى والوعك","في الحمى والوعك","","قال الربيع: قال أبو عبيدة: رغب رسول الله صلى الله عليه وسلم في زيارة القرابة وعيادة المرضى، وقال: «لو علمتم ما فيهما من الأجر ما تخلفتم عنهما، والله يكتب بكل خطوة من ذلك حسنات». كتاب الأيمان والنذور","","","","Ibadi","","","","","V01P172"
"rabi_0654","654","al-Jami al-Sahih (Musnad al-Rabi ibn Habib)","Ibadi","1","44","654","في الأيمان والنذور","في الأيمان والنذور","","أبو عبيدة عن جابر بن زيد عن ابن عباس عن النبيء صلى الله عليه وسلم قال: «من كان منكم حالفا فليحلف بالله أو ليصمت».","","","","Ibadi","","","","","V01P172"
"rabi_0655","655","al-Jami al-Sahih (Musnad al-Rabi ibn Habib)","Ibadi","1","44","655","في الأيمان والنذور","في الأيمان والنذور","","أبو عبيدة عن جابر عن أبي سعيد الخدري أن رسول الله صلى الله عليه وسلم أدرك عمر بن الخطاب رضي الله عنه في ركب وهو يحلف بأبيه فقال: «إن الله نهاكم أن تحلفوا بآبائكم، فمن كان حالفا فليحلف بالله أو ليصمت».","","","","Ibadi","","","","","V01P173"
"rabi_0656","656","al-Jami al-Sahih (Musnad al-Rabi ibn Habib)","Ibadi","1","44","656","في الأيمان والنذور","في الأيمان والنذور","","ومن طريق أبي هريرة عنه عليه السلام قال: «من حلف يمينا فرأى خيرا منها فليكفر عن يمينه ويفعل ما حلف عليه».","","","","Ibadi","","","","","V01P173"
"rabi_0657","657","al-Jami al-Sahih (Musnad al-Rabi ibn Habib)","Ibadi","1","44","657","في الأيمان والنذور","في الأيمان والنذور","","أبو عبيدة عن جابر بن زيد عن ابن عباس قال: قال رسول صلى الله عليه وسلم: «من حلف يمينا على مال امرئ مسلم ليقطعه لقي الله وهو عليه غضبان».","","","","Ibadi","","","","","V01P173"
"rabi_0658","658","al-Jami al-Sahih (Musnad al-Rabi ibn Habib)","Ibadi","1","44","658","في الأيمان والنذور","في الأيمان والنذور","","ومن طريق عائشة رضي الله عنها عنه عليه السلام قال: «من نذر أن يطيع الله فليطعه، ومن نذر أن يعصيه فلا يعصه فإنه لا نذر في معصية الله».","","","","Ibadi","","","","","V01P173"
"rabi_0659","659","al-Jami al-Sahih (Musnad al-Rabi ibn Habib)","Ibadi","1","44","659","في الأيمان والنذور","في الأيمان والنذور","","ومن طريق ابن عباس رضي الله عنه قال: استفتى سعد بن عبادة رسول الله صلى الله عليه وسلم فقال: إن أمي ماتت وعليها نذر ولم تقضه، فقال رسول الله صلى الله عليه وسلم: «اقضه عنها».","","","","Ibadi","","","","","V01P173"
"rabi_0660","660","al-Jami al-Sahih (Musnad al-Rabi ibn Habib)","Ibadi","1","44","660","في الأيمان والنذور","في الأيمان والنذور","","أبو عبيدة عن جابر بن زيد عن أنس بن مالك قال: قال رسول الله صلى الله عليه وسلم: «من اقتطع حق مسلم بيمينه حرم الله عليه الجنة وأوجب له النار»، قال له رجل: وإن كان شيئا يسيرا يا رسول الله؟ فقال رسول صلى الله عليه وسلم: «وإن قضيبا من أراك».","","","","Ibadi","","","","","V01P174"
"rabi_0661","661","al-Jami al-Sahih (Musnad al-Rabi ibn Habib)","Ibadi","1","45","661","في الديات والعقل","في الديات والعقل","","أبو عبيدة عن جابر بن زيد عن ابن عباس عن النبيء صلى الله عليه وسلم قال: «الدية مائة من الإبل».","","","","Ibadi","","","","","V01P174"
"rabi_0662","662","al-Jami al-Sahih (Musnad al-Rabi ibn Habib)","Ibadi","1","45","662","في الديات والعقل","في الديات والعقل","","ومن طريقه أيضا عنه عليه السلام قال: «دية المرأة نصف دية الرجل».","","","","Ibadi","","","","","V01P174"
"rabi_0663","663","al-Jami al-Sahih (Musnad al-Rabi ibn Habib)","Ibadi","1","45","663","في الديات والعقل","في الديات والعقل","","ومن طريقه أيضا عنه عليه السلام قال: «دية الخطإ في ثلاثة أعوام في كل سنة ثلث الدية، ودية العمد في عام واحد».","","","","Ibadi","","","","","V01P174"
"rabi_0664","664","al-Jami al-Sahih (Musnad al-Rabi ibn Habib)","Ibadi","1","45","664","في الديات والعقل","في الديات والعقل","","ومن طريقه عنه عليه السلام قال: «المسلمون تتكافأ دماؤهم، وأموالهم بينهم حرام، وهم يد على من سواهم، يسعى بذمتهم أدناهم، ويرد عليهم أقصاهم، ولا يقتل ذو عهد في عهده، ولا يقتل مسلم بكافر، ولا يرث الكافر المسلم، ولا المسلم الكافر». سواهم: أي أقوى وأفضل من غيرهم، يسعى بذمتهم أدناهم: أي إذا أعطى أدنى رجل من المسلمين العهد لزمهم، ويرد عليهم أقصاهم: أي من رد العهد من المسلمين كان رادا. قال جابر: إلا باتفاق الإمام أو جماعة أهل الفضل في الإسلام.","","","","Ibadi","","","","","V01P175"
"rabi_0665","665","al-Jami al-Sahih (Musnad al-Rabi ibn Habib)","Ibadi","1","45","665","في الديات والعقل","في الديات والعقل","","أبو عبيدة قال: سمعت عن أبي هريرة قال: إن امرأتين من هذيل رمت إحداهما الأخرى فطرحت جنينا ميتا، فقضى فيه رسول الله صلى الله عليه وسلم بينهما بغرة عبد أو أمة.","","","","Ibadi","","","","","V01P175"
"rabi_0666","666","al-Jami al-Sahih (Musnad al-Rabi ibn Habib)","Ibadi","1","46","666","في المواريث","في المواريث","","أبو عبيدة عن جابر بن زيد عن ابن عباس عن النبيء صلى الله عليه وسلم قال: «الولاء لحمة كلحمة النسب».","","","","Ibadi","","","","","V01P175"
"rabi_0667","667","al-Jami al-Sahih (Musnad al-Rabi ibn Habib)","Ibadi","1","46","667","في المواريث","في المواريث","","أبو عبيدة عن جابر بن زيد عن ابن عباس عنه عليه السلام قال: «لا وصية لوارث».","","","","Ibadi","","","","","V01P175"
"rabi_0668","668","al-Jami al-Sahih (Musnad al-Rabi ibn Habib)","Ibadi","1","46","668","في المواريث","في المواريث","","ومن طريقه عنه عليه السلام: «لا يرث القاتل المقتول عمدا كان القتل أو خطأ».","","","","Ibadi","","","","","V01P175"
"rabi_0669","669","al-Jami al-Sahih (Musnad al-Rabi ibn Habib)","Ibadi","1","46","669","في المواريث","في المواريث","","أبو عبيدة عن جابر عن عائشة رضي الله عنها قالت: حين توفي رسول الله صلى الله عليه وسلم أردن نساؤه أن يبعثن عثمان بن عفان إلى أبي بكر يسألنه ميراثهن رسول الله صلى الله عليه وسلم، فقلت لهن: أليس قد قال رسول الله صلى الله عليه وسلم: «نحن معاشر الأنبياء لا نورث، ما تركناه فهو صدقة». وعنها قالت: كان في بريرة ثلاث سنن ... الحديث.","","","","Ibadi","","","","","V01P175"
"rabi_0670","670","al-Jami al-Sahih (Musnad al-Rabi ibn Habib)","Ibadi","1","46","670","في المواريث","في المواريث","","أبو عبيدة عن جابر عن أبي هريرة قال: قال رسول الله صلى الله عليه وسلم: «لا يقسم ورثتي دينارا ولا درهما، ما تركت بعد نفقة نسائي ومؤنة عاملي فهو صدقة».","","","","Ibadi","","","","","V01P176"
"rabi_0671","671","al-Jami al-Sahih (Musnad al-Rabi ibn Habib)","Ibadi","1","46","671","في المواريث","في المواريث","","أبو عبيدة عن جابر بن زيد قال: بلغني عن أسامة بن زيد قال: قال رسول الله صلى الله عليه وسلم: «لا يرث الكافر المسلم، ولا المسلم الكافر».","","","","Ibadi","","","","","V01P176"
"rabi_0672","672","al-Jami al-Sahih (Musnad al-Rabi ibn Habib)","Ibadi","1","47","672","في العتق","في العتق","","أبو عبيدة عن جابر بن زيد قال جاء رجل إلى رسول الله صلى الله عليه وسلم فقال: يا رسول الله إن جارية لي ترعى غنما، فجئتها، ففقدت شاة من الغنم، فسألتها فقالت: أكلها الذئب، فأسفت عليها وضجرت حتى لطمت وجهها وعلي رقبة أفأعتقها؟ فقال: إن هي جاءت فأت بها، فأتى بها الرجل، فقال لها رسول الله صلى الله عليه وسلم: «من ربك»؟ فقالت: الله ربي، فقال: «ومن نبيئك»؟ فقالت: أنت محمد رسول الله، فقال رسول الله صلى الله عليه وسلم للرجل: «اعتقها فإنها مؤمنة».","","","","Ibadi","","","","","V01P176"
"rabi_0673","673","al-Jami al-Sahih (Musnad al-Rabi ibn Habib)","Ibadi","1","47","673","في العتق","في العتق","","أبو عبيدة عن جابر بن زيد عن ابن عباس عن النبيء صلى الله عليه وسلم قال: «لا طلاق إلا بعد نكاح، ولا ظهار إلا بعد نكاح، ولا عتق إلا بعد ملك، ولا نكاح إلا بولي وصداق وبينة».","","","","Ibadi","","","","","V01P176"
"rabi_0674","674","al-Jami al-Sahih (Musnad al-Rabi ibn Habib)","Ibadi","1","47","674","في العتق","في العتق","","ومن طريقه عنه عليه السلام قال: «من أعتق شقصا في عبد فهو حر بجميعه، فإن كان له فيه شريك دفع إليه قيمة نصيبه».","","","","Ibadi","","","","","V01P176"
"rabi_0675","675","al-Jami al-Sahih (Musnad al-Rabi ibn Habib)","Ibadi","1","47","675","في العتق","في العتق","","أبو عبيدة عن جابر عن عائشة رضي الله عنها قالت: قال رسول الله صلى الله عليه وسلم في الولاء: «لا يباع ولا يوهب، وهو كالنسب».","","","","Ibadi","","","","","V01P177"
"rabi_0676","676","al-Jami al-Sahih (Musnad al-Rabi ibn Habib)","Ibadi","1","48","676","الوصية","الوصية","","أبو عبيدة عن جابر عن ابن عباس عن النبيء صلى الله عليه وسلم قال: «لا وصية لوارث، ولا يرث القاتل المقتول عمدا كان القتل أو خطأ».","","","","Ibadi","","","","","V01P177"
"rabi_0677","677","al-Jami al-Sahih (Musnad al-Rabi ibn Habib)","Ibadi","1","48","677","الوصية","الوصية","","أبو عبيدة عن جابر بن زيد عن أبي سعيد الخدري أن رسول الله صلى الله عليه وسلم قال: «لا يحل لامرئ مسلم له شيء يوصي به يبيت ليلتين إلا ووصيته مكتوبة عند رأسه».","","","","Ibadi","","","","","V01P177"
"rabi_0678","678","al-Jami al-Sahih (Musnad al-Rabi ibn Habib)","Ibadi","1","48","678","الوصية","الوصية","","أبو عبيدة عن جابر بن زيد عن عائشة رضي الله عنها أنها قالت: جاء رجل إلى رسول الله صلى الله عليه وسلم فقال: يا رسول الله إن أمي افتلتت نفسها، وأراها لو تكلمت لتصدقت، أفأتصدق عنها؟ فقال له رسول الله صلى الله عليه وسلم: «نعم، تصدق عنها».","","","","Ibadi","","","","","V01P177"
"rabi_0679","679","al-Jami al-Sahih (Musnad al-Rabi ibn Habib)","Ibadi","1","48","679","الوصية","الوصية","","أبو عبيدة عن جابر بن زيد قال: بلغني عن جابر بن عبد الله الأنصاري عن النبيء صلى الله عليه وسلم قال: «أيما رجل عمر عمرى له ولعقبه فإنها للذي يعطاها أبدا».","","","","Ibadi","","","","","V01P177"
"rabi_0680","680","al-Jami al-Sahih (Musnad al-Rabi ibn Habib)","Ibadi","1","48","680","الوصية","الوصية","","أبو عبيدة عن جابر بن زيد عن سعد بن أبي وقاص، قال: جاءني رسول الله صلى الله عليه وسلم يعودني من وجع اشتد بي، فقلت: يا رسول الله، قد بلغ بي من الوجع ما ترى، وأنا ذو مال، ولا يرثني إلا بنية لي أفأتصدق بثلثي مالي؟ قال: فقال: «لا»، قال: قلت: فبالشطر؟ قال: «لا» قال: قلت: فبالثلث؟ قال: «نعم، والثلث كثير، إنك إن تذر ورثتك أغنياء خير من أن تذرهم عالة يتكففون الناس، وإنك لن تنفق نفقة تريد بها وجه الله إلا أجرت بها حتى ما تجعل في امرأتك»، فقلت: يا رسول الله أخلف بعد أصحابي؟ فقال: «إنك لن تخلف فتعمل عملا صالحا إلا ازددت به درجة ورفعة، ولعلك أن تخلف حتى ينتفع بك أقوام ويضر بك آخرون، اللهم أمض لأصحابي هجرتهم، ولا تردهم على أعقابهم، لكن البائس سعد بن خولة» يرثي له رسول الله صلى الله عليه وسلم أن مات بمكة. العراق قاتل قوما على الردة فصبرهم واستتاب آخرين، كانوا سجعوا سجع مسليمة الكذاب فتابوا فانتفعوا به، وقوله: فصبرهم: أي قتلهم صبرا .","","","","Ibadi","","","","","V01P178"
"rabi_0681","681","al-Jami al-Sahih (Musnad al-Rabi ibn Habib)","Ibadi","1","49","681","في الضيافة والجوار وما ملكت اليمين واليتيم","في الضيافة والجوار وما ملكت اليمين واليتيم","","أبو عبيدة عن جابر بن زيد قال: سمعت عن رسول الله صلى الله عليه وسلم يقول: «من كان يؤمن بالله واليوم الآخر فليكرم ضيفه، جائزته يوما وليلة، والضيافة ثلاثة أيام، وما كان بعد ذلك فهو صدقة، ولا يحل له أن يثوي عنده حتى يحرجه».","","","","Ibadi","","","","","V01P179"
"rabi_0682","682","al-Jami al-Sahih (Musnad al-Rabi ibn Habib)","Ibadi","1","49","682","في الضيافة والجوار وما ملكت اليمين واليتيم","في الضيافة والجوار وما ملكت اليمين واليتيم","","أبو عبيدة عن جابر بن زيد قال: بلغني عن رسول الله صلى الله عليه وسلم قال: «يا نساء المؤمنات، لا تحقرن إحداكن لجارتها ولو كراع شاة محرق» .","","","","Ibadi","","","","","V01P179"
"rabi_0683","683","al-Jami al-Sahih (Musnad al-Rabi ibn Habib)","Ibadi","1","49","683","في الضيافة والجوار وما ملكت اليمين واليتيم","في الضيافة والجوار وما ملكت اليمين واليتيم","","أبو عبيدة عن جابر بن زيد قال: قال رسول الله صلى الله عليه وسلم: «من كان يؤمن بالله واليوم الآخر فليقل خيرا أو ليصمت، ولا يؤذي جاره أبدا».","","","","Ibadi","","","","","V01P179"
"rabi_0684","684","al-Jami al-Sahih (Musnad al-Rabi ibn Habib)","Ibadi","1","49","684","في الضيافة والجوار وما ملكت اليمين واليتيم","في الضيافة والجوار وما ملكت اليمين واليتيم","","أبو عبيدة عن جابر عن ابن عباس عن النبيء صلى الله عليه وسلم قال: «أوصاني حبيبي جبريل عليه السلام برفق المملوك حتى ظننت أن ابن آدم لا يستخدم أبدا، وأوصاني بالجار حتى ظننت أن لا يخفى عليه شيء».","","","","Ibadi","","","","","V01P179"
"rabi_0685","685","al-Jami al-Sahih (Musnad al-Rabi ibn Habib)","Ibadi","1","49","685","في الضيافة والجوار وما ملكت اليمين واليتيم","في الضيافة والجوار وما ملكت اليمين واليتيم","","الربيع عن أبي مسعود الأنصاري قال: بينما أنا ضارب غلاما لي بسوط إذ سمعت صوتا من خلفي: اعلم يا أبا مسعود! فجعلت لا أعقل من الغضب حتى أتاني رسول الله صلى الله عليه وسلم، فلما رأيته سقط السوط من يدي، فقال: «اعلم يا أبا مسعود أن الله أقدر عليك منك على هذا الغلام»، فقلت: والذي بعثك بالحق ما ضربت عبدا أبدا، أو قال: مملوكا.","","","","Ibadi","","","","","V01P179"
"rabi_0686","686","al-Jami al-Sahih (Musnad al-Rabi ibn Habib)","Ibadi","1","49","686","في الضيافة والجوار وما ملكت اليمين واليتيم","في الضيافة والجوار وما ملكت اليمين واليتيم","","أبو عبيدة عن جابر بن زيد من طريق ابن عمر قال: إن العبد إذا نصح لسيده وأحسن عبادة ربه فله أجره مرتين.","","","","Ibadi","","","","","V01P179"
"rabi_0687","687","al-Jami al-Sahih (Musnad al-Rabi ibn Habib)","Ibadi","1","49","687","في الضيافة والجوار وما ملكت اليمين واليتيم","في الضيافة والجوار وما ملكت اليمين واليتيم","","أبو عبيدة عن جابر بن زيد قال: سمعت أناسا من الصحابة يروون عن رسول الله صلى الله عليه وسلم أنه نهى عن استعمال العبيد بعد صلاة العتمة.","","","","Ibadi","","","","","V01P180"
"rabi_0688","688","al-Jami al-Sahih (Musnad al-Rabi ibn Habib)","Ibadi","1","49","688","في الضيافة والجوار وما ملكت اليمين واليتيم","في الضيافة والجوار وما ملكت اليمين واليتيم","","أبو عبيدة عن ضمام بن السائب عن جابر بن زيد عن ابن عباس عن النبيء صلى الله عليه وسلم قال: «من آوى يتيما لله وقام به احتسابا لله وقع أجره على الله، والله لا يضيع أجر من أحسن عملا».","","","","Ibadi","","","","","V01P180"
"rabi_0689","689","al-Jami al-Sahih (Musnad al-Rabi ibn Habib)","Ibadi","1","49","689","في الضيافة والجوار وما ملكت اليمين واليتيم","في الضيافة والجوار وما ملكت اليمين واليتيم","","أبو عبيدة عن جابر بن زيد عن أبي هريرة قال: قال رسول الله صلى الله عليه وسلم: «لا يمنع أحدكم جاره أن يغرز خشبة في جداره، فإن ذلك حق واجب عليه».","","","","Ibadi","","","","","V01P180"
"rabi_0690","690","al-Jami al-Sahih (Musnad al-Rabi ibn Habib)","Ibadi","1","50","690","في الوعيد والأموال","في الوعيد والأموال","","أبو عبيدة عن جابر بن زيد عن ابن عباس عن النبيء صلى الله عليه وسلم قال: «القليل من أموال الناس يورث النار».","","","","Ibadi","","","","","V01P180"
"rabi_0691","691","al-Jami al-Sahih (Musnad al-Rabi ibn Habib)","Ibadi","1","50","691","في الوعيد والأموال","في الوعيد والأموال","","أبو عبيدة قال: سمعت ناسا من الصحابة يروون عن النبيء صلى الله عليه وسلم قال: «الذنوب على وجهين: ذنب بين العبد وربه، وذنب بين العبد وصاحبه، فالذنب الذي بين العبد وربه إذا تاب منه كان كمن لا ذنب له، وأما الذنب بينه وبين صاحبه فلا توبة له حتى يرد المظالم إلى أهلها».","","","","Ibadi","","","","","V01P180"
"rabi_0692","692","al-Jami al-Sahih (Musnad al-Rabi ibn Habib)","Ibadi","1","50","692","في الوعيد والأموال","في الوعيد والأموال","","أبو عبيدة عن جابر بن زيد قال: بلغني عن رسول الله صلى الله عليه وسلم أنه نهى عن المشي في الزرع وقال: «لا يمشي فيه إلا ثلاثة: ساقيه أو ناقيه أو واقيه».","","","","Ibadi","","","","","V01P181"
"rabi_0693","693","al-Jami al-Sahih (Musnad al-Rabi ibn Habib)","Ibadi","1","50","693","في الوعيد والأموال","في الوعيد والأموال","","أبو عبيدة من طريق ابن عمر قال: قال رسول الله صلى الله عليه وسلم: «لا يحلبن أحدكم ماشية أحد بغير إذنه، أيحب أحدكم أن تؤتى مشربته فتكسر خزانته فينقل طعامه؟ فإنما تخزن لهم ضروع ماشيتهم أطعمتهم، ولا يحل أن تحلب ماشية أحد من غير إذنه».","","","","Ibadi","","","","","V01P181"
"rabi_0694","694","al-Jami al-Sahih (Musnad al-Rabi ibn Habib)","Ibadi","1","50","694","في الوعيد والأموال","في الوعيد والأموال","","الربيع عن عبادة بن الصامت قال: قال رسول الله صلى الله عليه وسلم: «ردوا الخيط والمخيط، وإياكم والغلول فإنه عار على أهله يوم القيامة».","","","","Ibadi","","","","","V01P181"
"rabi_0695","695","al-Jami al-Sahih (Musnad al-Rabi ibn Habib)","Ibadi","1","50","695","في الوعيد والأموال","في الوعيد والأموال","","أبو عبيدة عن جابر عن ابن عباس أن أبا طيبة حجم رسول الله صلى الله عليه وسلم، فأمر له رسول الله صلى الله عليه وسلم بصاع من تمر وأمر أهله أن يخففوا عنه من خراجه.","","","","Ibadi","","","","","V01P181"
"rabi_0696","696","al-Jami al-Sahih (Musnad al-Rabi ibn Habib)","Ibadi","1","51","696","جامع الآداب","جامع الآداب","","أبو عبيدة عن جابر عن أنس بن مالك قال: قال رسول الله صلى الله عليه وسلم: «لا تباغضوا ولا تحاسدوا ولا تدابروا، وكونوا عباد الله إخوانا، ولا يحل لمسلم أن يهجر أخاه فوق ثلاث».","","","","Ibadi","","","","","V01P181"
"rabi_0697","697","al-Jami al-Sahih (Musnad al-Rabi ibn Habib)","Ibadi","1","51","697","جامع الآداب","جامع الآداب","","أبو عبيدة عن جابر عن أبي سعيد الخدري قال: قال أبو أيوب الأنصاري: قال رسول الله صلى الله عليه وسلم: «لا يحل لمسلم أن يهجر أخاه فوق ثلاث ليال، يلتقيان فيعرض هذا ويعرض هذا، وخيرهما الذي يبدأ بالسلام».","","","","Ibadi","","","","","V01P182"
"rabi_0698","698","al-Jami al-Sahih (Musnad al-Rabi ibn Habib)","Ibadi","1","51","698","جامع الآداب","جامع الآداب","","أبو عبيدة عن جابر عن أبي هريرة قال: قال رسول الله صلى الله عليه وسلم: «إياكم والظن فإن الظن أكذب الحديث، ولا تجسسوا ولا تحسسوا ولا تنافسوا ولا تحاسدوا ولا تدابروا، وكونوا عباد الله إخوانا». يمش أحدكم بالنمائم، ولا تنافسوا: أي ولا ينتقم بعضكم من بعض بما جعل فيه من السوء.","","","","Ibadi","","","","","V01P182"
"rabi_0699","699","al-Jami al-Sahih (Musnad al-Rabi ibn Habib)","Ibadi","1","51","699","جامع الآداب","جامع الآداب","","أبو عبيدة قال: بلغني عن ابن مسعود قال: قال رسول الله صلى الله عليه وسلم: «إياكم والحسد والظن والبغي، فإنه لا حظ في الإسلام لمن فعل ذلك، ولا حظ في الإسلام لمن فيه إحدى هذه الخصال».","","","","Ibadi","","","","","V01P182"
"rabi_0700","700","al-Jami al-Sahih (Musnad al-Rabi ibn Habib)","Ibadi","1","51","700","جامع الآداب","جامع الآداب","","أبو عبيدة قال: بلغني عن عمر بن الخطاب رضي الله عنه أنه قال: من علمنا فيه خيرا قلنا فيه خيرا وظننا فيه خيرا، ومن علمنا فيه شرا قلنا فيه شرا وظننا فيه شرا.","","","","Ibadi","","","","","V01P182"
"rabi_0701","701","al-Jami al-Sahih (Musnad al-Rabi ibn Habib)","Ibadi","1","51","701","جامع الآداب","جامع الآداب","","أبو عبيدة قال: سمعت عن رسول الله صلى الله عليه وسلم قال: «من حسد فلا يبغ، ومن تطير فلا يرجع، ومن ظن فلا يحقق، وهو فرق ما بين المسلم والمنافق».","","","","Ibadi","","","","","V01P182"
"rabi_0702","702","al-Jami al-Sahih (Musnad al-Rabi ibn Habib)","Ibadi","1","52","702","نسمة المؤمن ومثله","نسمة المؤمن ومثله","","أبو عبيدة عن جابر قال: بلغني عن كعب بن مالك عن النبيء صلى الله عليه وسلم: يقول: «إنما نسمة المؤمن طائر يعلق في شجر الجنة حتى يرجعه الله إلى جسده يوم يبعثه».","","","","Ibadi","","","","","V01P183"
"rabi_0703","703","al-Jami al-Sahih (Musnad al-Rabi ibn Habib)","Ibadi","1","52","703","نسمة المؤمن ومثله","نسمة المؤمن ومثله","","أبو عبيدة قال: بلغني عن ابن عمر قال: قال رسول الله صلى الله عليه وسلم: «إن من الشجرة شجرة لا يسقط ورقها، وهي مثل المؤمن المسلم، فحدثوني ما هي»؟ قال: فوقع الناس في شجرة البراري، فوقع في نفسي أنها النخلة، فاستحييت، فقالوا: يا رسول الله، حدثنا ما هي؟ فقال: «هي النخلة المباركة، تؤتي أكلها كل حين بإذن ربها». يعني: في كل ستة أشهر .","","","","Ibadi","","","","","V01P183"
"rabi_0704","704","al-Jami al-Sahih (Musnad al-Rabi ibn Habib)","Ibadi","1","52","704","نسمة المؤمن ومثله","نسمة المؤمن ومثله","","أبو عبيدة قال: سمعت عن رسول الله صلى الله عليه وسلم قال: «من اتقى الله كفاه الله مؤنة الناس، ومن اتقى الناس ولم يتق الله سلط الله عليه الناس وخذله».","","","","Ibadi","","","","","V01P183"
"rabi_0705","705","al-Jami al-Sahih (Musnad al-Rabi ibn Habib)","Ibadi","1","52","705","نسمة المؤمن ومثله","نسمة المؤمن ومثله","","أبو عبيدة عن جابر بن زيد عن ابن عباس عن النبيء صلى الله عليه وسلم قال: «من عظم نفسه للناس وضعه الله، ومن تواضع لله رفعه الله».","","","","Ibadi","","","","","V01P183"
"rabi_0706","706","al-Jami al-Sahih (Musnad al-Rabi ibn Habib)","Ibadi","1","52","706","نسمة المؤمن ومثله","نسمة المؤمن ومثله","","أبو عبيدة قال: عن ابن مسعود عن النبيء صلى الله عليه وسلم قال: «من حفظ نفسه من اثنين أحرز دينه»، قيل: وما هما يا رسول الله؟ قال: «من حفظ ما بين لحييه وما بين رجليه».","","","","Ibadi","","","","","V01P183"
"rabi_0707","707","al-Jami al-Sahih (Musnad al-Rabi ibn Habib)","Ibadi","1","52","707","نسمة المؤمن ومثله","نسمة المؤمن ومثله","","أبو عبيدة قال: بلغني عن ابن عباس عن النبيء صلى الله عليه وسلم قال: «احذروا من ثلاث وأنا زعيم لكم بالجنة»، قيل: وما هن يا رسول الله؟ قال: «اللقلق والقبقب والذبذب».","","","","Ibadi","","","","","V01P184"
"rabi_0708","708","al-Jami al-Sahih (Musnad al-Rabi ibn Habib)","Ibadi","1","52","708","نسمة المؤمن ومثله","نسمة المؤمن ومثله","","أبو عبيدة قال: قال رسول الله صلى الله عليه وسلم: «لا يموت لأحد ثلاثة من الولد فتمسه النار». قالت امرأة: واثنان يا رسول الله؟ قال: «واثنان».","","","","Ibadi","","","","","V01P184"
"rabi_0709","709","al-Jami al-Sahih (Musnad al-Rabi ibn Habib)","Ibadi","1","52","709","نسمة المؤمن ومثله","نسمة المؤمن ومثله","","أبو عبيدة عن جابر بن زيد عن أبي هريرة عن رسول الله صلى الله عليه وسلم قال: «لا يموت لأحدكم ثلاثة من البنين فتمسه النار إلا تحلة القسم» .","","","","Ibadi","","","","","V01P184"
"rabi_0710","710","al-Jami al-Sahih (Musnad al-Rabi ibn Habib)","Ibadi","1","52","710","نسمة المؤمن ومثله","نسمة المؤمن ومثله","","ومن طريقه عنه عليه السلام قال: «ليس الشديد بالصرعة، إنما الشديد الذي يملك نفسه عند الغضب».","","","","Ibadi","","","","","V01P184"
"rabi_0711","711","al-Jami al-Sahih (Musnad al-Rabi ibn Habib)","Ibadi","1","53","711","في الترويع والكلاب وإفشاء السر والشيطان","في الترويع والكلاب وإفشاء السر والشيطان","","أبو عبيدة عن جابر بن زيد قال: بلغني عن رسول الله صلى الله عليه وسلم قال: «من روع مسلما روعه الله يوم القيامة ومن أفشى سر أخيه أفشى الله سره يوم القيامة على رؤوس الخلائق».","","","","Ibadi","","","","","V01P185"
"rabi_0712","712","al-Jami al-Sahih (Musnad al-Rabi ibn Habib)","Ibadi","1","53","712","في الترويع والكلاب وإفشاء السر والشيطان","في الترويع والكلاب وإفشاء السر والشيطان","","أبو عبيدة عن جابر عن عائشة رضي الله عنها عن النبيء صلى الله عليه وسلم قال: «من اقتنى كلبا لا لزرع ولا لضرع نقص من أجره كل يوم قيراط». قال جابر: وفي رواية: «قيراطان» والقيراط: في المثل مثل جبل أحد.","","","","Ibadi","","","","","V01P185"
"rabi_0713","713","al-Jami al-Sahih (Musnad al-Rabi ibn Habib)","Ibadi","1","53","713","في الترويع والكلاب وإفشاء السر والشيطان","في الترويع والكلاب وإفشاء السر والشيطان","","أبو عبيدة عن جابر عن الحسن البصري قال: إنما نهى النبيء صلى الله عليه وسلم عن اقتناء الكلب لأنه يروع المسلمين، ولذلك قال: ينقص القيراطين من الأجر.","","","","Ibadi","","","","","V01P185"
"rabi_0714","714","al-Jami al-Sahih (Musnad al-Rabi ibn Habib)","Ibadi","1","53","714","في الترويع والكلاب وإفشاء السر والشيطان","في الترويع والكلاب وإفشاء السر والشيطان","","أبو عبيدة عن جابر بن زيد قال: سمعت جابر بن عبد الله يقول: قال رسول الله صلى الله عليه وسلم: «اغلقوا الباب، وأوكوا السقاء، وغطوا الإناء، وأطفئوا المصباح، فإن الشيطان لا يفتح غلقا، ولا يحل وكاء، ولا يكشف إناء، وإن الفويسقة تضرم على أهل البيت نارا تحرق بيوتهم». في السقف.","","","","Ibadi","","","","","V01P185"
"rabi_0715","715","al-Jami al-Sahih (Musnad al-Rabi ibn Habib)","Ibadi","1","54","715","أدب المؤمن في نفسه والسنن","أدب المؤمن في نفسه والسنن","","أبو عبيدة عن جابر بن زيد عن رسول الله صلى الله عليه وسلم قال: «أمرني حبيبي جبريل عليه السلام بمداراة الرجال».","","","","Ibadi","","","","","V01P185"
"rabi_0716","716","al-Jami al-Sahih (Musnad al-Rabi ibn Habib)","Ibadi","1","54","716","أدب المؤمن في نفسه والسنن","أدب المؤمن في نفسه والسنن","","أبو عبيدة عن جابر بن زيد عن عائشة رضي الله عنها أنها قالت: كان أحب الأعمال إلى رسول الله صلى الله عليه وسلم الذي يدوم عليه صاحبه.","","","","Ibadi","","","","","V01P186"
"rabi_0717","717","al-Jami al-Sahih (Musnad al-Rabi ibn Habib)","Ibadi","1","54","717","أدب المؤمن في نفسه والسنن","أدب المؤمن في نفسه والسنن","","أبو عبيدة عن جابر بن زيد عن أبي هريرة قال: قال رسول الله صلى الله عليه وسلم: «لا يمشين أحدكم في نعل واحدة، ولينتعلهما جميعا أو ليخلعهما جميعا، وإذا انتعل أحدكم فليبدأ باليمين، وإذا نزع فليبدأ بالشمال».","","","","Ibadi","","","","","V01P186"
"rabi_0718","718","al-Jami al-Sahih (Musnad al-Rabi ibn Habib)","Ibadi","1","54","718","أدب المؤمن في نفسه والسنن","أدب المؤمن في نفسه والسنن","","أبو عبيدة عن جابر بن زيد عن أبي سعيد الخدري أن رسول الله صلى الله عليه وسلم أمر بإحفاء الشارب وإعفاء اللحى.","","","","Ibadi","","","","","V01P186"
"rabi_0719","719","al-Jami al-Sahih (Musnad al-Rabi ibn Habib)","Ibadi","1","54","719","أدب المؤمن في نفسه والسنن","أدب المؤمن في نفسه والسنن","","أبو عبيدة قال: بلغني عن أبي هريرة قال: سن رسول الله صلى الله عليه وسلم عشر سنن في الإنسان، خمس في الرأس وخمس في الجسد، فاللواتي في الرأس: فرق الشعر، وقص الشارب، والسواك، والمضمضة والاستنشاق، واللواتي في الجسد: نتف الإبطين، وتقليم الأظافر، والاستحداد، والختان، والاستنجاء.","","","","Ibadi","","","","","V01P186"
"rabi_0720","720","al-Jami al-Sahih (Musnad al-Rabi ibn Habib)","Ibadi","1","55","720","الآداب","الآداب","","أبو عبيدة عن جابر بن زيد عن أبي سعيد الخدري قال: قال رسول الله صلى الله عليه وسلم: «لا يتناجى اثنان عن واحد».","","","","Ibadi","","","","","V01P186"
"rabi_0721","721","al-Jami al-Sahih (Musnad al-Rabi ibn Habib)","Ibadi","1","55","721","الآداب","الآداب","","ومن طريق أبي هريرة قال: «لا تقوم الساعة حتى يمر الرجل بقبر الرجل فيتمنى أن يكون مكانه».","","","","Ibadi","","","","","V01P187"
"rabi_0722","722","al-Jami al-Sahih (Musnad al-Rabi ibn Habib)","Ibadi","1","55","722","الآداب","الآداب","","ومن طريقه عنه عليه السلام: «كل ابن آدم تأكله الأرض إلا عجب الذنب، فإنه منه خلق ومنه يركب».","","","","Ibadi","","","","","V01P187"
"rabi_0723","723","al-Jami al-Sahih (Musnad al-Rabi ibn Habib)","Ibadi","1","55","723","الآداب","الآداب","","أبو عبيدة عن جابر عن أبي سعيد الخدري قال: قال رسول الله صلى الله عليه وسلم: «إن الملائكة لا تدخل بيتا فيه تماثيل أو صور».","","","","Ibadi","","","","","V01P187"
"rabi_0724","724","al-Jami al-Sahih (Musnad al-Rabi ibn Habib)","Ibadi","1","55","724","الآداب","الآداب","","أبو عبيدة قال: بلغني عن رسول الله صلى الله عليه وسلم قال: «إن الرجل ليتكلم بالكلمة من رضوان الله ما كان يظن أن تبلغ ما بلغت، فيكتب الله له بها رضوانه إلى يوم يلقاه، وإن الرجل ليتكلم بالكلمة من سخط الله ما كان يظن أن تبلغ ما بلغت فيكتب الله له بها سخطه إلى يوم القيامة».","","","","Ibadi","","","","","V01P187"
"rabi_0725","725","al-Jami al-Sahih (Musnad al-Rabi ibn Habib)","Ibadi","1","55","725","الآداب","الآداب","","أبو عبيدة عن جابر بن زيد قال: بلغني أن رسول الله صلى الله عليه وسلم قال: «من أدرك والديه ولم يدخل بهما الجنة فلا أدركهما».","","","","Ibadi","","","","","V01P187"
"rabi_0726","726","al-Jami al-Sahih (Musnad al-Rabi ibn Habib)","Ibadi","1","55","726","الآداب","الآداب","","وقال عليه السلام: «من هاجر أحد والديه ساعة من نهار كان من أهل النار إلا أن يتوب».","","","","Ibadi","","","","","V01P187"
"rabi_0727","727","al-Jami al-Sahih (Musnad al-Rabi ibn Habib)","Ibadi","1","55","727","الآداب","الآداب","","أبو عبيدة عن أبي هريرة عن رسول الله صلى الله عليه وسلم قال: «شر الناس ذو الوجهين يأتي هؤلاء بوجه وهؤلاء بوجه».","","","","Ibadi","","","","","V01P187"
"rabi_0728","728","al-Jami al-Sahih (Musnad al-Rabi ibn Habib)","Ibadi","1","55","728","الآداب","الآداب","","أبو عبيدة عن جابر عن أبي هريرة عن النبيء صلى الله عليه وسلم قال: «بينما رجل يمشي في الطريق فاشتد عليه العطش فوجد بئرا فنزل فيها فشرب وخرج فإذا بكلب يلهث ويأكل الثرى من العطش، فقال الرجل: لقد بلغ هذا الكلب من العطش مثل الذي بلغني، فنزل البئر فملأ خفه بالماء فأمسكه بفيه، فطلع فسقى الكلب، فشكر الله ذلك وغفر له». فقالوا: يا رسول الله: إن لنا في البهائم لأجرا؟ فقال: «في كل كبد رطبة أجر».","","","","Ibadi","","","","","V01P188"
"rabi_0729","729","al-Jami al-Sahih (Musnad al-Rabi ibn Habib)","Ibadi","1","55","729","الآداب","الآداب","","أبو عبيدة قال: بلغني عن أبي بشير الأنصاري قال: كنت مع رسول الله صلى الله عليه وسلم في بعض أسفاره فأرسل رسولا والناس في مبيتهم ألا يبقين في رقبة بعير قلادة من وبر ولا غيره إلا قطعها. وذلك من العين ألا يصيب دوابهم ما يكرهون.","","","","Ibadi","","","","","V01P188"
"rabi_0730","730","al-Jami al-Sahih (Musnad al-Rabi ibn Habib)","Ibadi","1","55","730","الآداب","الآداب","","أبو عبيدة عن جابر عن أبي هريرة عن رسول الله صلى الله عليه وسلم قال: «لا يحل لامرأة تؤمن بالله واليوم الآخر أن تسير مسيرة يوم وليلة إلا مع ذي محرم منها».","","","","Ibadi","","","","","V01P188"
"rabi_0731","731","al-Jami al-Sahih (Musnad al-Rabi ibn Habib)","Ibadi","1","55","731","الآداب","الآداب","","أبو عبيدة عن جابر بن زيد عن رسول الله قال: «من عارضه شوك فأخرجه شكر الله له وغفر له ذنبه».","","","","Ibadi","","","","","V01P188"
"rabi_0732","732","al-Jami al-Sahih (Musnad al-Rabi ibn Habib)","Ibadi","1","55","732","الآداب","الآداب","","أبو عبيدة عن جابر عن أبي هريرة قال: قال رسول الله صلى الله عليه وسلم: السفر قطعة من العذاب، يمنع أحدكم طعامه وشرابه ونومه فإذا قضى أحدكم نهمته من وجه فليعجل إلى أهله .","","","","Ibadi","","","","","V01P189"
"rabi_0733","733","al-Jami al-Sahih (Musnad al-Rabi ibn Habib)","Ibadi","1","55","733","الآداب","الآداب","","أبو عبيدة عن جابر بن زيد قال: بلغني عن ابن عمر قال: قال رسول الله صلى الله عليه وسلم: «الشؤم في الدار والمرأة والفرس».","","","","Ibadi","","","","","V01P189"
"rabi_0734","734","al-Jami al-Sahih (Musnad al-Rabi ibn Habib)","Ibadi","1","55","734","الآداب","الآداب","","أبو عبيدة عن جابر بن زيد قال: قال ابن عمر يقول رسول الله صلى الله عليه وسلم: «إذا سلم عليكم أحد من اليهود فإنما يقول لكم: السام عليكم، والسام هو الموت، ولكن قولوا: وعليكم».","","","","Ibadi","","","","","V01P189"
"rabi_0735","735","al-Jami al-Sahih (Musnad al-Rabi ibn Habib)","Ibadi","1","55","735","الآداب","الآداب","","أبو عبيدة عن جابر قال: بلغنا عن رسول الله صلى الله عليه وسلم يقول: «قال الله تعالى: “من وصل رحمه فقد وصلني، ومن قطعه فقد قطعني”».","","","","Ibadi","","","","","V01P189"
"rabi_0736","736","al-Jami al-Sahih (Musnad al-Rabi ibn Habib)","Ibadi","1","55","736","الآداب","الآداب","","أبو عبيدة عن جابر بن زيد عن ابن عباس عن النبيء صلى الله عليه وسلم قال: «لن يدخل الجنة أحد بعمله»، قيل: ولا أنت يا رسول الله؟ قال: «ولا أنا، إلا أن يتغمدني الله برحمته».","","","","Ibadi","","","","","V01P189"
"rabi_0737","737","al-Jami al-Sahih (Musnad al-Rabi ibn Habib)","Ibadi","1","55","737","الآداب","الآداب","","أبو عبيدة قال: بلغني عن رسول الله صلى الله عليه وسلم قال: «من قال: أنا من أهل الجنة فهو من أهل النار».","","","","Ibadi","","","","","V01P190"
"rabi_0738","738","al-Jami al-Sahih (Musnad al-Rabi ibn Habib)","Ibadi","1","56","738","من كذب على رسول الله صلى الله عليه وسلم","من كذب على رسول الله صلى الله عليه وسلم","","أبو عبيدة عن جابر بن زيد عن ابن عباس عن رسول الله صلى الله عليه وسلم قال: «من كذب علي متعمدا فليتبوأ مقعده من النار». مكانا يتخذه في النار.","","","","Ibadi","","","","","V01P190"
"rabi_0739","739","al-Jami al-Sahih (Musnad al-Rabi ibn Habib)","Ibadi","1","56","739","من كذب على رسول الله صلى الله عليه وسلم","من كذب على رسول الله صلى الله عليه وسلم","","الربيع عن يحيى بن كثير عن عطاء بن السائب قال: كنا عند عبد الله بن الحارث، فقال: أترون لمن قال رسول الله صلى الله عليه وسلم: «من كذب علي متعمدا فليتبوأ مقعده من النار»؟ قال: قلنا: لا، قال: إنما قال ذلك من قبل عبد الله بن أبي جذعة أتى ثقيفا بالطائف فقال: هذه حلة رسول الله صلى الله عليه وسلم أمرني أن أتبوأ أي بيوتكم شئت، فقالوا: هذه بيوتنا فتبوأ أيها شئت، فانتظر سواد الليل فقال: وأتبوأ أي نسائكم شئت، فقالوا له: إن عهدنا برسول الله يحرم الزنا، فسنرسل إليه، فأرسلوا إليه رسولا، فسار إليه وقدم عليه عند الظهر فقال: يا رسول الله أنا رسول ثقيف إليك، إن ابن أبي جذعة أتانا فقال: هذه حلة رسول الله صلى الله عليه وسلم علي، أمرني أن أتبوأ أي بيوتكم شئت، فقلنا: هذه بيوتنا فتبوأ أيها شئت، فانتظر سواد الليل وقال: وأتبوأ أي نسائكم شئت، فقلنا: عهدنا برسول الله صلى الله عليه وسلم وهو يحرم الزنا، فغضب رسول الله صلى الله عليه وسلم غضبا شديدا لم أر أشد منه، ثم قال: «يا فلان ويا فلان، اذهبا إليه فإن أدركتماه فاقتلاه وأحرقاه»، ثم قال: «لا أراكما تأتيانه إلا وقد كفيتماه»، قال: فخرج في ليلة مطيرة ليقضي حاجته، فلدغته حية فقتلته، فأحرقه الرسولان، فلذلك قال رسول الله صلى الله عليه وسلم: «من كذب علي فليتبوأ مقعده من النار».","","","","Ibadi","","","","","V01P191"
"rabi_0740","740","al-Jami al-Sahih (Musnad al-Rabi ibn Habib)","Ibadi","1","57","740","حلية (¬1) رسول الله صلى الله عليه وسلم","حلية (¬1) رسول الله صلى الله عليه وسلم","","أبو عبيدة عن جابر بن زيد عن أنس بن مالك قال: كان رسول الله صلى الله عليه وسلم ليس بالطويل البائن ، ولا بالقصير المتطامن، ليس بالأمهق ولا بالآدم وليس بالجعد القطط ، ولا بالسبط ، بعثه الله على رأس أربعين سنة، فأقام بمكة عشرا ، وبالمدينة عشرا، وتوفاه الله وهو ابن ستين سنة، وليس في رأسه ولحيته عشرون شعرة بيضاء، صلى الله عليه وسلم.","","","","Ibadi","","","","","V01P192"
"rabi_0741","741","al-Jami al-Sahih (Musnad al-Rabi ibn Habib)","Ibadi","1","57","741","حلية (¬1) رسول الله صلى الله عليه وسلم","حلية (¬1) رسول الله صلى الله عليه وسلم","","قال الربيع: عن أبي عبيدة عن جابر بن زيد قال: كانت عائشة رضي الله عنها تزوجها رسول الله صلى الله عليه وسلم وهي بنت ست سنين، وابتنى بها وهي بنت تسع سنين، وما تزوج من نسائه بكرا إلا هي، وتوفي عنها وهي بنت ثمان عشرة سنة، وعاشت بعده ثمانيا وأربعين سنة، وتوفيت زمان معاوية، وذلك في رمضان سنة ثمان وخمسين سنة، وصلى عليها أبو هريرة، ودفنت في البقيع، وحديثها ثمان وستون حديثا.","","","","Ibadi","","","","","V01P192"
"rabi_0742","742","al-Jami al-Sahih (Musnad al-Rabi ibn Habib)","Ibadi","1","57","742","حلية (¬1) رسول الله صلى الله عليه وسلم","حلية (¬1) رسول الله صلى الله عليه وسلم","","قال الربيع: قال أبو عبيدة: قال حيان بن عمارة: سمعت عبد الله بن عباس رضي الله عنه يقول بالمسجد الحرام: جابر بن زيد أعلم الناس بالطلاق. قال الحصين لما مات جابر بن زيد: بلغ موته أنس بن مالك فقال: مات أعلم من على ظهر الأرض، أو مات خير أهل الأرض. قال الربيع: قال أبو عبيدة: وكان أنس عند ذلك مريضا فمات هو وجابر بن زيد في جمعة واحدة، وكان ذلك في سنة 93 من هجرة التاريخ. وحديث أنس بن مالك أربعون حديثا. أعلم منه، وكان الناس يسمونه البحر لما فيه من كثرة فنون العلم. وقيل: إنه قعد ذات يوم مع أصحابه فقال لهم: سلوني عما شئتم عما دون السماء السابعة والأرضين السفلى أخبركم به. قال أبو عبيدة: بلغنا عن ابن عباس أنه مات بالطائف في زمان عبد الملك بن مروان سنة 68، وهو ابن 72 سنة، وكان يصفر لحيته، وخلف ولدا له يقال له علي، له ورع وعفة، وكان يصلي في كل يوم وليلة ألف ركعة، وكانوا يسمونه السجاد. وحديث ابن عباس رضي الله عنه مائة وخمسون حديثا. وحديث أبي سعيد الخدري ستون حديثا. وحديث أبي هريرة اثنان وسبعون حديثا. ومراسيل جابر بن زيد أربع وثمانون حديثا ومائة حديث. وحديث أبي عبيدة مسلم ثمانية وثمانون حديثا. وعدة ما في هذين الجزءين من حديث رسول الله صلى الله عليه وسلم ستمائة حديث وأربعة وخمسون حديثا سوى ما رواه الربيع. قال الربيع: بلغنا أن عدة ما روي عن رسول الله صلى الله عليه وسلم: أربعة آلاف حديث، منها تسعمائة في الأصول والباقي في الآداب والأخبار. وأما عدة من روى عنه من الرواة فتسعمائة رجل وامرأة، وهي عائشة أم المؤمنين رضي الله عنها. والذي ذكرناه من عدة الأحاديث في هذين الجزءين خلا ما روى الربيع عن أبي أيوب وعن عبادة ابن الصامت وعن أبي مسعود رواه هو بنفسه، والله أعلم.","","","","Ibadi","","","","","V01P194"
"rabi_0743","743","al-Jami al-Sahih (Musnad al-Rabi ibn Habib)","Ibadi","1","1","743","الحجة على من قال إن أهل الكبائر ليسوا بكافرين","الحجة على من قال إن أهل الكبائر ليسوا بكافرين","","قال الربيع بن حبيب: قال جابر بن زيد: يروى عن رسول الله صلى الله عليه وسلم أنه قال: «لا يدخل الجنة مخنث ولا ديوث ولا فحلة النساء ولا الركاضة»، قيل: وما الركاضة يا رسول الله؟ قال: «التي لا تغار».","","","","Ibadi","","","","","V01P197"
"rabi_0744","744","al-Jami al-Sahih (Musnad al-Rabi ibn Habib)","Ibadi","1","1","744","الحجة على من قال إن أهل الكبائر ليسوا بكافرين","الحجة على من قال إن أهل الكبائر ليسوا بكافرين","","وقال رسول الله صلى الله عليه وسلم: «اقتلوا الحيات صغارها وكبارها، فإنا ما سالمناهن منذ حاربناهن، فمن تركهن خشية الثأر فقد كفر».","","","","Ibadi","","","","","V01P197"
"rabi_0745","745","al-Jami al-Sahih (Musnad al-Rabi ibn Habib)","Ibadi","1","1","745","الحجة على من قال إن أهل الكبائر ليسوا بكافرين","الحجة على من قال إن أهل الكبائر ليسوا بكافرين","","وقال صلى الله عليه وسلم: «من خرج من بيته ورأى ما يكرهه فرجع تطيرا من أجله رجع كافرا».","","","","Ibadi","","","","","V01P198"
"rabi_0746","746","al-Jami al-Sahih (Musnad al-Rabi ibn Habib)","Ibadi","1","1","746","الحجة على من قال إن أهل الكبائر ليسوا بكافرين","الحجة على من قال إن أهل الكبائر ليسوا بكافرين","","وقال صلى الله عليه وسلم: «إذا قال رجل لرجل: أنت عدوي فقد كفر أحدهما».","","","","Ibadi","","","","","V01P198"
"rabi_0747","747","al-Jami al-Sahih (Musnad al-Rabi ibn Habib)","Ibadi","1","1","747","الحجة على من قال إن أهل الكبائر ليسوا بكافرين","الحجة على من قال إن أهل الكبائر ليسوا بكافرين","","وقال صلى الله عليه وسلم: «يقول ربنا تبارك وتعالى: أنا بريء ممن تطير، أو تكهن أو تكهن له، أو تسحر أو تسحر له».","","","","Ibadi","","","","","V01P198"
"rabi_0748","748","al-Jami al-Sahih (Musnad al-Rabi ibn Habib)","Ibadi","1","1","748","الحجة على من قال إن أهل الكبائر ليسوا بكافرين","الحجة على من قال إن أهل الكبائر ليسوا بكافرين","","وقال صلى الله عليه وسلم: «من أتى رجلا شهوة من دون النساء أو أتى النساء في أعجازهن فقد كفر».","","","","Ibadi","","","","","V01P198"
"rabi_0749","749","al-Jami al-Sahih (Musnad al-Rabi ibn Habib)","Ibadi","1","1","749","الحجة على من قال إن أهل الكبائر ليسوا بكافرين","الحجة على من قال إن أهل الكبائر ليسوا بكافرين","","وقال صلى الله عليه وسلم: «من ادعى غير أبيه أو تولى غير مواليه فالجنة عليه حرام، وعليه لعنة الله والملائكة والناس أجمعين لا يقبل منه صرف ولا عدل».","","","","Ibadi","","","","","V01P198"
"rabi_0750","750","al-Jami al-Sahih (Musnad al-Rabi ibn Habib)","Ibadi","1","1","750","الحجة على من قال إن أهل الكبائر ليسوا بكافرين","الحجة على من قال إن أهل الكبائر ليسوا بكافرين","","وقال صلى الله عليه وسلم: «ثلاثة لا ينظر الله إليهم يوم القيامة ولا يزكيهم ولهم عذاب أليم: أشمط زان، ومفلس مرح مختال، ورجل اتخذ الله بضاعة لا يشتري ولا يبيع إلا بيمين».","","","","Ibadi","","","","","V01P198"
"rabi_0751","751","al-Jami al-Sahih (Musnad al-Rabi ibn Habib)","Ibadi","1","1","751","الحجة على من قال إن أهل الكبائر ليسوا بكافرين","الحجة على من قال إن أهل الكبائر ليسوا بكافرين","","وقال صلى الله عليه وسلم: «لا يدخل الجنة لحم نبت من سحت والنار أولى به».","","","","Ibadi","","","","","V01P198"
"rabi_0752","752","al-Jami al-Sahih (Musnad al-Rabi ibn Habib)","Ibadi","1","1","752","الحجة على من قال إن أهل الكبائر ليسوا بكافرين","الحجة على من قال إن أهل الكبائر ليسوا بكافرين","","وقال صلى الله عليه وسلم: «ثلاثة لا ينظر الله إليهم يوم القيامة: المنفق سلعته بالحلف الفاجر، والمسبل إزاره الذي يجره خيلاء، والمنان».","","","","Ibadi","","","","","V01P198"
"rabi_0753","753","al-Jami al-Sahih (Musnad al-Rabi ibn Habib)","Ibadi","1","1","753","الحجة على من قال إن أهل الكبائر ليسوا بكافرين","الحجة على من قال إن أهل الكبائر ليسوا بكافرين","","وقال صلى الله عليه وسلم: «من غشنا فليس منا، ومن لم يؤثرنا فليس منا، ومن أحدث في الإسلام حدثا أو آوى محدثا فليس منا، ومن لم يوقر كبيرنا ولم يرحم صغيرنا فليس منا».","","","","Ibadi","","","","","V01P198"
"rabi_0754","754","al-Jami al-Sahih (Musnad al-Rabi ibn Habib)","Ibadi","1","1","754","الحجة على من قال إن أهل الكبائر ليسوا بكافرين","الحجة على من قال إن أهل الكبائر ليسوا بكافرين","","وقال صلى الله عليه وسلم: «الجنة حرام على من قتل ذميا أو ظلمه أو حمله ما لا يطيق، وأنا حجيج الذمي فكيف المؤمن».","","","","Ibadi","","","","","V01P199"
"rabi_0755","755","al-Jami al-Sahih (Musnad al-Rabi ibn Habib)","Ibadi","1","1","755","الحجة على من قال إن أهل الكبائر ليسوا بكافرين","الحجة على من قال إن أهل الكبائر ليسوا بكافرين","","وقال صلى الله عليه وسلم: «من أعان على قتل امرئ مسلم ولو بشطر كلمة لقي الله يوم القيامة آيسا من رحمته».","","","","Ibadi","","","","","V01P199"
"rabi_0756","756","al-Jami al-Sahih (Musnad al-Rabi ibn Habib)","Ibadi","1","1","756","الحجة على من قال إن أهل الكبائر ليسوا بكافرين","الحجة على من قال إن أهل الكبائر ليسوا بكافرين","","وقال صلى الله عليه وسلم يوما لأصحابه: «لا ترجعوا بعدي كفارا يضرب بعضكم رقاب بعض».","","","","Ibadi","","","","","V01P199"
"rabi_0757","757","al-Jami al-Sahih (Musnad al-Rabi ibn Habib)","Ibadi","1","1","757","الحجة على من قال إن أهل الكبائر ليسوا بكافرين","الحجة على من قال إن أهل الكبائر ليسوا بكافرين","","وقال صلى الله عليه وسلم: «لو أن أهل السماوات وأهل الأرض اشتركوا في دم امرئ مسلم حراما لكبهم الله جميعا على مناخرهم في النار».","","","","Ibadi","","","","","V01P199"
"rabi_0758","758","al-Jami al-Sahih (Musnad al-Rabi ibn Habib)","Ibadi","1","1","758","الحجة على من قال إن أهل الكبائر ليسوا بكافرين","الحجة على من قال إن أهل الكبائر ليسوا بكافرين","","وقال صلى الله عليه وسلم: «من آذى مؤمنا أو روعه أطال الله روعته في جهنم».","","","","Ibadi","","","","","V01P199"
"rabi_0759","759","al-Jami al-Sahih (Musnad al-Rabi ibn Habib)","Ibadi","1","1","759","الحجة على من قال إن أهل الكبائر ليسوا بكافرين","الحجة على من قال إن أهل الكبائر ليسوا بكافرين","","وكان ابن مسعود يروي عن النبيء صلى الله عليه وسلم أنه قال: «الرشوة في الحكم كفر».","","","","Ibadi","","","","","V01P199"
"rabi_0760","760","al-Jami al-Sahih (Musnad al-Rabi ibn Habib)","Ibadi","1","1","760","الحجة على من قال إن أهل الكبائر ليسوا بكافرين","الحجة على من قال إن أهل الكبائر ليسوا بكافرين","","وقال صلى الله عليه وسلم: «من صلى وصام وتصدق رياء فقد أشرك». وكان يسمى الرياء الشرك الأصغر.","","","","Ibadi","","","","","V01P199"
"rabi_0761","761","al-Jami al-Sahih (Musnad al-Rabi ibn Habib)","Ibadi","1","1","761","الحجة على من قال إن أهل الكبائر ليسوا بكافرين","الحجة على من قال إن أهل الكبائر ليسوا بكافرين","","وقال صلى الله عليه وسلم: «من قتل بعد العفو أو أخذ الدية فهو خالد مخلد في النار».","","","","Ibadi","","","","","V01P199"
"rabi_0762","762","al-Jami al-Sahih (Musnad al-Rabi ibn Habib)","Ibadi","1","1","762","الحجة على من قال إن أهل الكبائر ليسوا بكافرين","الحجة على من قال إن أهل الكبائر ليسوا بكافرين","","وقال صلى الله عليه وسلم: «من مات وعليه دين لم يدخل الجنة». قيل: ولو قتل في سبيل الله؟ قال: «ولو قتل سبعين مرة ثم أحيي ثم قتل وعليه دين فلا يلج باب الجنة».","","","","Ibadi","","","","","V01P199"
"rabi_0763","763","al-Jami al-Sahih (Musnad al-Rabi ibn Habib)","Ibadi","1","1","763","الحجة على من قال إن أهل الكبائر ليسوا بكافرين","الحجة على من قال إن أهل الكبائر ليسوا بكافرين","","قال الربيع: وأتي النبيء صلى الله عليه وسلم بميت ليصلي عليه فقال: «عليه دين»؟ فقالوا: نعم، فقال: «وهل ترك وفاء»؟ قالوا: لا، قال: «صلوا على صاحبكم».","","","","Ibadi","","","","","V01P199"
"rabi_0764","764","al-Jami al-Sahih (Musnad al-Rabi ibn Habib)","Ibadi","1","1","764","الحجة على من قال إن أهل الكبائر ليسوا بكافرين","الحجة على من قال إن أهل الكبائر ليسوا بكافرين","","وقال صلى الله عليه وسلم: «ما من رجل يموت وفي قلبه مثقال حبة من خردل من كبر لم يدخل الجنة ولم يرح ريحها ولم يرها، ومن لبس لأخيه ثوبا من غضب ألبسه الله يوم القيامة ثوبا من نار جهنم».","","","","Ibadi","","","","","V01P200"
"rabi_0765","765","al-Jami al-Sahih (Musnad al-Rabi ibn Habib)","Ibadi","1","1","765","الحجة على من قال إن أهل الكبائر ليسوا بكافرين","الحجة على من قال إن أهل الكبائر ليسوا بكافرين","","وقال صلى الله عليه وسلم: «من سمع بأخيه المسلم في الدنيا سمع الله به في الآخرة».","","","","Ibadi","","","","","V01P200"
"rabi_0766","766","al-Jami al-Sahih (Musnad al-Rabi ibn Habib)","Ibadi","1","1","766","الحجة على من قال إن أهل الكبائر ليسوا بكافرين","الحجة على من قال إن أهل الكبائر ليسوا بكافرين","","وقال صلى الله عليه وسلم: «إذا زنا الزاني سلب الإسلام، فإذا تاب ألبسه».","","","","Ibadi","","","","","V01P200"
"rabi_0767","767","al-Jami al-Sahih (Musnad al-Rabi ibn Habib)","Ibadi","1","1","767","الحجة على من قال إن أهل الكبائر ليسوا بكافرين","الحجة على من قال إن أهل الكبائر ليسوا بكافرين","","وقال صلى الله عليه وسلم: «إن أهل النار يتأذون بريح الزاني في النار». فهذه الأحاديث تثبت الكفر لأهل القبلة ، وهي أكثر من أن تحصى. والله المستعان ولا حول ولا قوة إلا بالله العلي العظيم.","","","","Ibadi","","","","","V01P200"
"rabi_0768","768","al-Jami al-Sahih (Musnad al-Rabi ibn Habib)","Ibadi","1","2","768","الحجة على من قال: الإيمان قول بلا عمل","الحجة على من قال: الإيمان قول بلا عمل","","قال الربيع بن حبيب: بلغني عن رسول الله صلى الله عليه وسلم: قال: «لعن الله المرجئة على لسان سبعين نبيا قبلي» قيل: وما المرجئة يا رسول الله؟ قال: «الذين يقولون: الإيمان قول بلا عمل».","","","","Ibadi","","","","","V01P200"
"rabi_0769","769","al-Jami al-Sahih (Musnad al-Rabi ibn Habib)","Ibadi","1","2","769","الحجة على من قال: الإيمان قول بلا عمل","الحجة على من قال: الإيمان قول بلا عمل","","قال جابر بن زيد: بينما رسول الله صلى الله عليه وسلم جالس مع أصحابه إذ أتاه آت حسن الوجه طيب الرائحة فقال: أدنوا منك يا رسول الله؟ قال: «نعم»، فدنا فقال له: ما الإيمان؟ فقال له عليه السلام: «أن تؤمن بالله وملائكته وكتبه ورسله واليوم الآخر والقدر خيره وشره أنه من الله»، فقال: صدقت، قال: وما الإسلام يا رسول الله؟ قال: «إقام الصلاة وإيتاء الزكاة وصيام شهر رمضان والاغتسال من الجنابة وحج البيت من استطاع إليه سبيلا»، قال: صدقت، ثم تغيب فإذا هو جبريل عليه السلام.","","","","Ibadi","","","","","V01P201"
"rabi_0770","770","al-Jami al-Sahih (Musnad al-Rabi ibn Habib)","Ibadi","1","2","770","الحجة على من قال: الإيمان قول بلا عمل","الحجة على من قال: الإيمان قول بلا عمل","","قال الربيع: سأل رجل أبا ذر: ما الإيمان؟ فتلا عليه أبو ذر هذه الآية: {ليس البر أن تولوا وجوهكم قبل المشرق والمغرب ... } إلى قوله { ... وأولئك هم المتقون} فقال الرجل: إني لم أسألك عن البر، فقال أبو ذر: إن رجلا أتى النبيء صلى الله عليه وسلم فسأله عما سألتني عنه فتلا عليه رسول الله صلى الله عليه وسلم هذه الآية.","","","","Ibadi","","","","","V01P201"
"rabi_0771","771","al-Jami al-Sahih (Musnad al-Rabi ibn Habib)","Ibadi","1","2","771","الحجة على من قال: الإيمان قول بلا عمل","الحجة على من قال: الإيمان قول بلا عمل","","وسئل النبيء صلى الله عليه وسلم: عن الإيمان فقال: «الصبر والسماحة».","","","","Ibadi","","","","","V01P201"
"rabi_0772","772","al-Jami al-Sahih (Musnad al-Rabi ibn Habib)","Ibadi","1","2","772","الحجة على من قال: الإيمان قول بلا عمل","الحجة على من قال: الإيمان قول بلا عمل","","وسئل النبيء صلى الله عليه وسلم: أي المؤمن أفضل إيمانا فقال: «أحسنهم خلقا».","","","","Ibadi","","","","","V01P201"
"rabi_0773","773","al-Jami al-Sahih (Musnad al-Rabi ibn Habib)","Ibadi","1","2","773","الحجة على من قال: الإيمان قول بلا عمل","الحجة على من قال: الإيمان قول بلا عمل","","وقال صلى الله عليه وسلم: الإيمان مائة جزء، أعظمها قول لا إله إلا الله، وأدناها إماطة الأذى من الطريق.","","","","Ibadi","","","","","V01P201"
"rabi_0774","774","al-Jami al-Sahih (Musnad al-Rabi ibn Habib)","Ibadi","1","2","774","الحجة على من قال: الإيمان قول بلا عمل","الحجة على من قال: الإيمان قول بلا عمل","","وسئل النبيء صلى الله عليه وسلم يوما عن الإيمان وكان متقنعا بردائه فطرح رداءه عن رأسه ثم ضرب بيده على صدره وقال: «الإيمان هاهنا الإيمان في القلب».","","","","Ibadi","","","","","V01P201"
"rabi_0775","775","al-Jami al-Sahih (Musnad al-Rabi ibn Habib)","Ibadi","1","2","775","الحجة على من قال: الإيمان قول بلا عمل","الحجة على من قال: الإيمان قول بلا عمل","","وقال صلى الله عليه وسلم: «ما آمن من آمن بلسانه ولم يدخل الإيمان في قلبه» فهذه الأحاديث كلها تدل على الإيمان أنه قول وعمل، ومن قال غير ذلك فقد كفر بمقالته.","","","","Ibadi","","","","","V01P202"
"rabi_0776","776","al-Jami al-Sahih (Musnad al-Rabi ibn Habib)","Ibadi","1","3","776","الحجة على من لا يرى الصلاة على موتى أهل القبلة ولا يرى الصلاة","الحجة على من لا يرى الصلاة على موتى أهل القبلة ولا يرى الصلاة","","قال الربيع بن حبيب رحمه الله: سمعت جابر بن زيد عن ابن عباس عن النبيء صلى الله عليه وسلم قال: «الصلاة جائزة خلف كل بار وفاجر، وصلوا على كل بار وفاجر».","","","","Ibadi","","","","","V01P202"
"rabi_0777","777","al-Jami al-Sahih (Musnad al-Rabi ibn Habib)","Ibadi","1","3","777","الحجة على من لا يرى الصلاة على موتى أهل القبلة ولا يرى الصلاة","الحجة على من لا يرى الصلاة على موتى أهل القبلة ولا يرى الصلاة","","وقال صلى الله عليه وسلم: «الصلاة على موتى أهل القبلة المقرين بالله ورسوله واليوم الآخر واجبة فمن تركها فقد كفر».","","","","Ibadi","","","","","V01P202"
"rabi_0778","778","al-Jami al-Sahih (Musnad al-Rabi ibn Habib)","Ibadi","1","3","778","الحجة على من لا يرى الصلاة على موتى أهل القبلة ولا يرى الصلاة","الحجة على من لا يرى الصلاة على موتى أهل القبلة ولا يرى الصلاة","","وقال صلى الله عليه وسلم: «رحم الله من سكت فسلم أو قال فغنم».","","","","Ibadi","","","","","V01P202"
"rabi_0779","779","al-Jami al-Sahih (Musnad al-Rabi ibn Habib)","Ibadi","1","3","779","الحجة على من لا يرى الصلاة على موتى أهل القبلة ولا يرى الصلاة","الحجة على من لا يرى الصلاة على موتى أهل القبلة ولا يرى الصلاة","","وقال صلى الله عليه وسلم: «لا تكن طعانا ولا لعانا، ولا تقل في الدين ما لم يأذن به الله».","","","","Ibadi","","","","","V01P202"
"rabi_0780","780","al-Jami al-Sahih (Musnad al-Rabi ibn Habib)","Ibadi","1","3","780","الحجة على من لا يرى الصلاة على موتى أهل القبلة ولا يرى الصلاة","الحجة على من لا يرى الصلاة على موتى أهل القبلة ولا يرى الصلاة","","وقال صلى الله عليه وسلم: «ستكون من بعدي أئمة لا يستنون بسنتي ولا يهتدون بهداي»، فقالوا: كيف المخرج يا رسول الله؟ فقال: «أطيعوهم ما لم يمنعوكم الصلوات الخمس» قال عمر رحمه الله: أطع الإمام وإن ضربك أو حرمك أو ظلمك ،وقد أمر رسول الله صلى الله عليه وسلم بطاعة الأمير وإن كان فاجرا، والصلاة عليه إذا مات، فكيف غيره من أهل القبلة المقرين بالله وملائكته وكتبه ورسله واليوم الآخر، ومن قال غير ذلك فقد كفر كفرا دون الشرك.","","","","Ibadi","","","","","V01P203"
"rabi_0781","781","al-Jami al-Sahih (Musnad al-Rabi ibn Habib)","Ibadi","1","3","781","الحجة على من لا يرى الصلاة على موتى أهل القبلة ولا يرى الصلاة","الحجة على من لا يرى الصلاة على موتى أهل القبلة ولا يرى الصلاة","","وقال صلى الله عليه وسلم: «ليؤمكم خياركم فإنهم وفدكم إلى ربكم».","","","","Ibadi","","","","","V01P203"
"rabi_0782","782","al-Jami al-Sahih (Musnad al-Rabi ibn Habib)","Ibadi","1","3","782","الحجة على من لا يرى الصلاة على موتى أهل القبلة ولا يرى الصلاة","الحجة على من لا يرى الصلاة على موتى أهل القبلة ولا يرى الصلاة","","وقال صلى الله عليه وسلم: «لا صلاة لإمام أم بقوم وهم له كارهون».","","","","Ibadi","","","","","V01P203"
"rabi_0783","783","al-Jami al-Sahih (Musnad al-Rabi ibn Habib)","Ibadi","1","3","783","الحجة على من لا يرى الصلاة على موتى أهل القبلة ولا يرى الصلاة","الحجة على من لا يرى الصلاة على موتى أهل القبلة ولا يرى الصلاة","","وقال صلى الله عليه وسلم: «ليلني في الصف الأول أولو النهى منكم ثم الذين يلونهم ثم الذين يلونهم».","","","","Ibadi","","","","","V01P203"
"rabi_0784","784","al-Jami al-Sahih (Musnad al-Rabi ibn Habib)","Ibadi","1","3","784","الحجة على من لا يرى الصلاة على موتى أهل القبلة ولا يرى الصلاة","الحجة على من لا يرى الصلاة على موتى أهل القبلة ولا يرى الصلاة","","وقال صلى الله عليه وسلم: «تخيروا لإمامتكم، وتخيروا لنطفكم».","","","","Ibadi","","","","","V01P203"
"rabi_0785","785","al-Jami al-Sahih (Musnad al-Rabi ibn Habib)","Ibadi","1","3","785","الحجة على من لا يرى الصلاة على موتى أهل القبلة ولا يرى الصلاة","الحجة على من لا يرى الصلاة على موتى أهل القبلة ولا يرى الصلاة","","وقال صلى الله عليه وسلم: «لعن الله المسلط على أمتي بالجبروت والمستأثر بفيئها».","","","","Ibadi","","","","","V01P203"
"rabi_0786","786","al-Jami al-Sahih (Musnad al-Rabi ibn Habib)","Ibadi","1","3","786","الحجة على من لا يرى الصلاة على موتى أهل القبلة ولا يرى الصلاة","الحجة على من لا يرى الصلاة على موتى أهل القبلة ولا يرى الصلاة","","وقال صلى الله عليه وسلم: «أيما أمير ظالم فهو خليع، وأيما أمير ظالم فلا إمارة له، فليستخر الله من بحضرته من المسلمين، أو ليولوا عليهم أفضل فضلائهم في أنفسهم».","","","","Ibadi","","","","","V01P203"
"rabi_0787","787","al-Jami al-Sahih (Musnad al-Rabi ibn Habib)","Ibadi","1","3","787","الحجة على من لا يرى الصلاة على موتى أهل القبلة ولا يرى الصلاة","الحجة على من لا يرى الصلاة على موتى أهل القبلة ولا يرى الصلاة","","وقال عمر بن الخطاب رضي الله عنه: لا يصلح هذا الأمر إلا لمن جمع خمسا ، إن نقصت واحدة لم تصلح الأربعة إلا بها: جمع المال من حله، والعفة عنه بعد جمعه، ووضعه بعد جمعه في حقه، ولين لا ضعف معه ، وشدة لا جبروت فيها.","","","","Ibadi","","","","","V01P204"
"rabi_0788","788","al-Jami al-Sahih (Musnad al-Rabi ibn Habib)","Ibadi","1","3","788","الحجة على من لا يرى الصلاة على موتى أهل القبلة ولا يرى الصلاة","الحجة على من لا يرى الصلاة على موتى أهل القبلة ولا يرى الصلاة","","وقال علي بن أبي طالب لما وجه رسله إلى معاوية بن أبي سفيان: صلوا في رحالكم واجعلوا صلاتكم معهم سبحة فإن الله لا يتقبل إلا من المتقين. وكان الحسن البصري وسعيد بن جبير يصليان في بيوتهما الجمعة، ثم يخرجان إلى المسجد فيصليان مع والي بني أمية، ويجعلان صلاتهما معه سبحة. ما جاء في إنكار المنكر","","","","Ibadi","","","","","V01P204"
"rabi_0789","789","al-Jami al-Sahih (Musnad al-Rabi ibn Habib)","Ibadi","1","3","789","الحجة على من لا يرى الصلاة على موتى أهل القبلة ولا يرى الصلاة","الحجة على من لا يرى الصلاة على موتى أهل القبلة ولا يرى الصلاة","","قال الربيع: قال أبو عبيدة: بلغني عن رسول الله صلى الله عليه وسلم قال: «لا يمنعن أحدكم مخافة الناس أن يتكلم بالحق إذا شاهده، وينكر الباطل إذا قدر عليه».","","","","Ibadi","","","","","V01P204"
"rabi_0790","790","al-Jami al-Sahih (Musnad al-Rabi ibn Habib)","Ibadi","1","3","790","الحجة على من لا يرى الصلاة على موتى أهل القبلة ولا يرى الصلاة","الحجة على من لا يرى الصلاة على موتى أهل القبلة ولا يرى الصلاة","","وقال صلى الله عليه وسلم: «قل الحق ولو كان مرا، ولا تشرك بالله شيئا وإن عذبت أو أحرقت » باللسان فقد أباحه الله لمن أكره. ما جاء عن قتل الذراري والنساء","","","","Ibadi","","","","","V01P204"
"rabi_0791","791","al-Jami al-Sahih (Musnad al-Rabi ibn Habib)","Ibadi","1","3","791","الحجة على من لا يرى الصلاة على موتى أهل القبلة ولا يرى الصلاة","الحجة على من لا يرى الصلاة على موتى أهل القبلة ولا يرى الصلاة","","أبو عبيدة عن جابر بن زيد عن ابن عباس عن النبيء صلى الله عليه وسلم قال: «إياكم وقتل ذراري المشركين ونسائهم إلا من قاتل منهم فإنها تقتل». قال: حاصر رسول الله صلى الله عليه وسلم أهل حصن وكانت امرأة تقوم فتكشف فرجها بحذاء النبيء صلى الله عليه وسلم وهي تقاتل، فأمر رسول الله صلى الله عليه وسلم الرماة أن يرموها، فرماها سعد بن أبي وقاص فما أخطأها، فسقطت من الحصن ميتة. ما جاء في الدعوة إلى الإسلام والنهي عن القتال قبلها","","","","Ibadi","","","","","V01P205"
"rabi_0792","792","al-Jami al-Sahih (Musnad al-Rabi ibn Habib)","Ibadi","1","3","792","الحجة على من لا يرى الصلاة على موتى أهل القبلة ولا يرى الصلاة","الحجة على من لا يرى الصلاة على موتى أهل القبلة ولا يرى الصلاة","","أبو عبيدة عن جابر بن زيد قال: بلغني أن رسول الله صلى الله عليه وسلم بعث عليا في سرية فقال: «يا علي، لا تقاتل القوم حتى تدعوهم وتنذرهم، فبذلك أمرت». قال: وجيء بأسارى من حي من أحياء العرب فقالوا: يا رسول الله ما دعانا أحد ولا بلغنا، فقال: «الله» فقالوا: الله، فقال: «خلوا سبيلهم»، فخلوا سبيلهم ثم قال: «حتى تصل إليهم دعوتي فإن دعوتي تامة لا تنقطع إلى يوم القيامة»، ثم تلا رسول الله صلى الله عليه وسلم هذه الآية: {وأوحي إلي هذا القرءان لأنذركم به ومن بلغ أينكم لتشهدون ... } إلى آخر الآية.","","","","Ibadi","","","","","V01P205"
"rabi_0793","793","al-Jami al-Sahih (Musnad al-Rabi ibn Habib)","Ibadi","1","3","793","الحجة على من لا يرى الصلاة على موتى أهل القبلة ولا يرى الصلاة","الحجة على من لا يرى الصلاة على موتى أهل القبلة ولا يرى الصلاة","","قال: وقال عمر والحسن البصري: إن دعوة رسول الله صلى الله عليه وسلم قد تمت في حياته، وانقطعت بعد موته، فلا دعوة اليوم. فاجأك بالقتال، فلك أن تدفع عن نفسك بلا دعوة. ما جاء في التقية","","","","Ibadi","","","","","V01P205"
"rabi_0794","794","al-Jami al-Sahih (Musnad al-Rabi ibn Habib)","Ibadi","1","3","794","الحجة على من لا يرى الصلاة على موتى أهل القبلة ولا يرى الصلاة","الحجة على من لا يرى الصلاة على موتى أهل القبلة ولا يرى الصلاة","","قال جابر: سئل ابن عباس عن التقية، فقال: قال النبيء صلى الله عليه وسلم: «رفع الله عن أمتي الخطأ والنسيان، وما لم يستطيعوا، وما أكرهوا عليه».","","","","Ibadi","","","","","V01P206"
"rabi_0795","795","al-Jami al-Sahih (Musnad al-Rabi ibn Habib)","Ibadi","1","3","795","الحجة على من لا يرى الصلاة على موتى أهل القبلة ولا يرى الصلاة","الحجة على من لا يرى الصلاة على موتى أهل القبلة ولا يرى الصلاة","","قال: وقال ابن مسعود: ما من كلمة تدفع عني ضرب سوطين إلا تكلمت بها، وليس الرجل على نفسه بأمين إذا ضرب، أو عذب، أو قيد . ما جاء في الحجة على القدرية","","","","Ibadi","","","","","V01P206"
"rabi_0796","796","al-Jami al-Sahih (Musnad al-Rabi ibn Habib)","Ibadi","1","3","796","الحجة على من لا يرى الصلاة على موتى أهل القبلة ولا يرى الصلاة","الحجة على من لا يرى الصلاة على موتى أهل القبلة ولا يرى الصلاة","","قال جابر: سئل ابن عباس عمن قال: إنه يستطيع أن يعمل بما أمر الله به، ويكف عما نهى الله عنه من غير أن يخلق الله فعله، فقال: سأل سراقة بن جعشم رسول الله صلى الله عليه وسلم فقال: ما العمل في أمر مبتدإ مستأنف، أم في شيء قد فرغ منه؟ فقال: «بل في شيء قد فرغ منه»، ثم قال: ففيم العمل إذن يا رسول الله؟ فقال: «اعملوا فكل ميسر لما خلق له».","","","","Ibadi","","","","","V01P206"
"rabi_0797","797","al-Jami al-Sahih (Musnad al-Rabi ibn Habib)","Ibadi","1","3","797","الحجة على من لا يرى الصلاة على موتى أهل القبلة ولا يرى الصلاة","الحجة على من لا يرى الصلاة على موتى أهل القبلة ولا يرى الصلاة","","وقال صلى الله عليه وسلم: «ما كان كفر إلا مفتاحه تكذيبا بالقدر».","","","","Ibadi","","","","","V01P206"
"rabi_0798","798","al-Jami al-Sahih (Musnad al-Rabi ibn Habib)","Ibadi","1","3","798","الحجة على من لا يرى الصلاة على موتى أهل القبلة ولا يرى الصلاة","الحجة على من لا يرى الصلاة على موتى أهل القبلة ولا يرى الصلاة","","وقال: «القدرية مجوس هذه الأمة، إن مرضوا فلا تعودوهم، وإن ماتوا فلا تصلوا عليهم».","","","","Ibadi","","","","","V01P206"
"rabi_0799","799","al-Jami al-Sahih (Musnad al-Rabi ibn Habib)","Ibadi","1","3","799","الحجة على من لا يرى الصلاة على موتى أهل القبلة ولا يرى الصلاة","الحجة على من لا يرى الصلاة على موتى أهل القبلة ولا يرى الصلاة","","وقال ابن عباس: خرج النبيء ذات يوم، وفي يده صحيفة، فقال: «بسم الله الرحمن الرحيم، كتاب من الله الرحمن الرحيم بأسماء أهل الجنة وأسماء أهل النار وأسماء آبائهم، وأنسابهم ومنازلهم».","","","","Ibadi","","","","","V01P206"
"rabi_0800","800","al-Jami al-Sahih (Musnad al-Rabi ibn Habib)","Ibadi","1","3","800","الحجة على من لا يرى الصلاة على موتى أهل القبلة ولا يرى الصلاة","الحجة على من لا يرى الصلاة على موتى أهل القبلة ولا يرى الصلاة","","وقال صلى الله عليه وسلم: «أول ما خلق الله القلم، فقال له: اكتب، فقال: يا رب، وما أكتب؟ قال: اكتب القدر. فجرى بما هو كائن إلى يوم القيامة».","","","","Ibadi","","","","","V01P207"
"rabi_0801","801","al-Jami al-Sahih (Musnad al-Rabi ibn Habib)","Ibadi","1","3","801","الحجة على من لا يرى الصلاة على موتى أهل القبلة ولا يرى الصلاة","الحجة على من لا يرى الصلاة على موتى أهل القبلة ولا يرى الصلاة","","وقال صلى الله عليه وسلم: «إذا وقعت النطفة في الرحم، أوحى الله إلى ملك الأرحام أن يكتب، فيقول: يا رب، وما أكتب؟ فيقول: اكتبه سعيدا أو شقيا بعمله، واكتب أثره، وعمله وأجله ورزقه».","","","","Ibadi","","","","","V01P207"
"rabi_0802","802","al-Jami al-Sahih (Musnad al-Rabi ibn Habib)","Ibadi","1","3","802","الحجة على من لا يرى الصلاة على موتى أهل القبلة ولا يرى الصلاة","الحجة على من لا يرى الصلاة على موتى أهل القبلة ولا يرى الصلاة","","وقال صلى الله عليه وسلم: «لما خلق الله آدم عليه السلام أخرج من ظهره ذريته كالذر، فأخذ مواثيقهم، وأمرهم بالسجود، فأبت طائفة، فمن أجاب يومئذ فهم المؤمنون، وهم السعداء، ومن أبى يومئذ فهم الكافرون، وهم الأشقياء». فهذه الروايات تدل على أن الله خلق فعل العبد، وأن العبد لم يفعله دون الله إذا قدره وعلمه، وعلم ما هو صائر إليه.","","","","Ibadi","","","","","V01P207"
"rabi_0803","803","al-Jami al-Sahih (Musnad al-Rabi ibn Habib)","Ibadi","1","3","803","الحجة على من لا يرى الصلاة على موتى أهل القبلة ولا يرى الصلاة","الحجة على من لا يرى الصلاة على موتى أهل القبلة ولا يرى الصلاة","","قال جابر بن زيد: سئل ابن عباس عمن زعم أن العباد لا يقدرون على الأخذ بما أمروا به، وعلى الكف عما نهوا عنه، ولا يستطيعون ذلك، وإنما هو معمول بهم، فقال: قال رسول الله صلى الله عليه وسلم: «ستكون بعدي شياطين في جثمان الرجال، يأتون المجلس، وكلهم يكذب على الله ورسوله»، فتلك الأحاديث الكاذبة ونحوها من أولئك الشياطين من الإنس يوحيها إليهم إخوانهم الشياطين من الجن ليردوهم، وليلبسوا عليهم دينهم».","","","","Ibadi","","","","","V01P207"
"rabi_0804","804","al-Jami al-Sahih (Musnad al-Rabi ibn Habib)","Ibadi","1","3","804","الحجة على من لا يرى الصلاة على موتى أهل القبلة ولا يرى الصلاة","الحجة على من لا يرى الصلاة على موتى أهل القبلة ولا يرى الصلاة","","وقال صلى الله عليه وسلم: «إن الله أمرني أن أعلمكم مما علمني في هذا اليوم، قال: خلقت عبادي ليعبدوني، فأتتهم الشياطين فاغتالتهم عن دينهم، وأمرتهم أن يشركوا بي ما لم أنزل به سلطانا، وحرمت عليهم ما حللت لهم».","","","","Ibadi","","","","","V01P208"
"rabi_0805","805","al-Jami al-Sahih (Musnad al-Rabi ibn Habib)","Ibadi","1","3","805","الحجة على من لا يرى الصلاة على موتى أهل القبلة ولا يرى الصلاة","الحجة على من لا يرى الصلاة على موتى أهل القبلة ولا يرى الصلاة","","وقال عبد الله بن دينار: كنت جالسا مع عبد الله بن عمر، فاستسقى، فأتي بلبن، فلما أراد أن يشرب، قلت: إنك صائم! فقال: أراد الله أن يسقيني فمنعتني. وكان عمر وابن مسعود وأبي بن كعب جالسين، فقال عمر: سبق الشقاء للشقي، وشقي في بطن أمه، فقال أبي: إنه ليس كذلك، ولكنهم شقوا وسعدوا بأعمالهم التي عليها حمدوا وذموا. قال عمر: صدقت، سبقت رحمة الله غضبه، ولولا ذلك لهلكوا.","","","","Ibadi","","","","","V01P208"
"rabi_0806","806","al-Jami al-Sahih (Musnad al-Rabi ibn Habib)","Ibadi","1","3","806","الحجة على من لا يرى الصلاة على موتى أهل القبلة ولا يرى الصلاة","الحجة على من لا يرى الصلاة على موتى أهل القبلة ولا يرى الصلاة","","وقال صلى الله عليه وسلم: «صنفان من أمتي لا تنالهم شفاعتي يوم القيامة، لعنهم الله على لسان سبعين نبيا قبلي»؛ قيل: فمن هم يا رسول الله؟ قال: «القدرية والمرجئة»؛ قيل: فمن المرجئة؟ قال: «الذين يقولون: الإيمان قول بلا عمل، والقدرية: الذين يعملون بالمعاصي ويقولون: هي من عند الله إجبار، أما لو شاء الله ما أشركنا ولا عصينا».","","","","Ibadi","","","","","V01P208"
"rabi_0807","807","al-Jami al-Sahih (Musnad al-Rabi ibn Habib)","Ibadi","1","3","807","الحجة على من لا يرى الصلاة على موتى أهل القبلة ولا يرى الصلاة","الحجة على من لا يرى الصلاة على موتى أهل القبلة ولا يرى الصلاة","","قال أبو بكر الصديق رضي الله عنه في شيء سئل عنه: أقول برأيي، فإن يكن صوابا فمن الله، وإن يكن خطأ فمني، ومن الشيطان.","","","","Ibadi","","","","","V01P208"
"rabi_0808","808","al-Jami al-Sahih (Musnad al-Rabi ibn Habib)","Ibadi","1","3","808","الحجة على من لا يرى الصلاة على موتى أهل القبلة ولا يرى الصلاة","الحجة على من لا يرى الصلاة على موتى أهل القبلة ولا يرى الصلاة","","قال: وكان رسول الله صلى الله عليه وسلم يقسم بين نسائه ويعدل ويقول: «اللهم هذا فعلي فيما أملك، فلا تلمني فيما تملك ولا أملك».","","","","Ibadi","","","","","V01P208"
"rabi_0809","809","al-Jami al-Sahih (Musnad al-Rabi ibn Habib)","Ibadi","1","3","809","الحجة على من لا يرى الصلاة على موتى أهل القبلة ولا يرى الصلاة","الحجة على من لا يرى الصلاة على موتى أهل القبلة ولا يرى الصلاة","","قال جابر: سئل ابن عباس عن القرآن: أيزداد فيه أو ينقص منه؟ فقال: قال رسول الله صلى الله عليه وسلم: «لعن الله الزائد في كتاب الله» قال: «ومن كفر بحرف فقد كفر بالقرآن كله».","","","","Ibadi","","","","","V01P208"
"rabi_0810","810","al-Jami al-Sahih (Musnad al-Rabi ibn Habib)","Ibadi","1","3","810","الحجة على من لا يرى الصلاة على موتى أهل القبلة ولا يرى الصلاة","الحجة على من لا يرى الصلاة على موتى أهل القبلة ولا يرى الصلاة","","قال: وقال عقبة بن عامر الجهني: صلى بنا رسول الله صلى الله عليه وسلم صلاة الغداة، فقرأ بالمعوذتين، فقال: «يا عقبة، إن هاتين أفضل سورة في القرآن والزبور والإنجيل والتوراة» وقد قال قوم إنهما ليستا من القرآن، فقد كذبوا وأثموا.","","","","Ibadi","","","","","V01P209"
"rabi_0811","811","al-Jami al-Sahih (Musnad al-Rabi ibn Habib)","Ibadi","1","3","811","الحجة على من لا يرى الصلاة على موتى أهل القبلة ولا يرى الصلاة","الحجة على من لا يرى الصلاة على موتى أهل القبلة ولا يرى الصلاة","","قال ابن عباس: ولو أن أحدا زاد فيه أو نقص منه كان عند الأمة كافرا، والقرآن على ما جاء به النبيء صلى الله عليه وسلم لم يزد فيه ولم ينقص منه، وإن الله أحاطه من ذلك فقال: {وإنه لكتاب عزيز، لا ياتيه الباطل من بين يديه ولا من خلفه تنزيل من حكيم حميد}. والعزيز الذي عز أن يأتوا بمثله، أو بشبهه، أو بشيء من معناه، ولم يكن الله ليمكن أحدا من أن يزيد فيه أو ينقص منه، وهو كلامه وحجته على عباده، وإمام عباده الذي يكون يوم القيامة عليهم شهيدا. لو نقص منه شيء أو زيد فيه لتبين ذلك في تأليفه، حتى يعلم أنه ليس بقرآن، لأن الخلق لا يستطيعون أن يأتوا بمثل تأليفه ووصفه ووضعه أبدا.","","","","Ibadi","","","","","V01P209"
"rabi_0812","812","al-Jami al-Sahih (Musnad al-Rabi ibn Habib)","Ibadi","1","4","812","في عذاب القبر، والشهداء، وولاية قريش، والطاعة للأمير","في عذاب القبر، والشهداء، وولاية قريش، والطاعة للأمير","","قال جابر بن زيد: سئل ابن عباس عن عذاب القبر، فقال: قال رسول الله صلى الله عليه وسلم: «إن للقبر ملكين يقال لهما: منكر ونكير، يأتيان كل إنسان في قبره بعد موته، يمتحنانه، ثم يحاكمانه».","","","","Ibadi","","","","","V01P209"
"rabi_0813","813","al-Jami al-Sahih (Musnad al-Rabi ibn Habib)","Ibadi","1","4","813","في عذاب القبر، والشهداء، وولاية قريش، والطاعة للأمير","في عذاب القبر، والشهداء، وولاية قريش، والطاعة للأمير","","قال ابن عباس: قال النبيء صلى الله عليه وسلم : «لو نجا من عذاب القبر أحد لنجا منه سعد بن معاذ، ولقد ضغطه القبر ضغطة اختلفت فيه أضلاعه» .","","","","Ibadi","","","","","V01P210"
"rabi_0814","814","al-Jami al-Sahih (Musnad al-Rabi ibn Habib)","Ibadi","1","4","814","في عذاب القبر، والشهداء، وولاية قريش، والطاعة للأمير","في عذاب القبر، والشهداء، وولاية قريش، والطاعة للأمير","","قال ابن عباس: قال النبيء صلى الله عليه وسلم: «الشهيد يغفر له عند أول قطرة تقطر من دمه، ويجار من عذاب القبر».","","","","Ibadi","","","","","V01P210"
"rabi_0815","815","al-Jami al-Sahih (Musnad al-Rabi ibn Habib)","Ibadi","1","4","815","في عذاب القبر، والشهداء، وولاية قريش، والطاعة للأمير","في عذاب القبر، والشهداء، وولاية قريش، والطاعة للأمير","","وقال صلى الله عليه وسلم: «من مات يوم الجمعة أجير من عذاب القبر».","","","","Ibadi","","","","","V01P210"
"rabi_0816","816","al-Jami al-Sahih (Musnad al-Rabi ibn Habib)","Ibadi","1","4","816","في عذاب القبر، والشهداء، وولاية قريش، والطاعة للأمير","في عذاب القبر، والشهداء، وولاية قريش، والطاعة للأمير","","وقال صلى الله عليه وسلم: «إن لم يكن الشهداء من أمتي إلا من قتل بالسيف فهم إذن قليل» ثم قال صلى الله عليه وسلم: «القتيل شهيد ... » وذكر الحديث .","","","","Ibadi","","","","","V01P210"
"rabi_0817","817","al-Jami al-Sahih (Musnad al-Rabi ibn Habib)","Ibadi","1","4","817","في عذاب القبر، والشهداء، وولاية قريش، والطاعة للأمير","في عذاب القبر، والشهداء، وولاية قريش، والطاعة للأمير","","قال جابر بن زيد: سئل ابن عباس عن فضل قريش، فقال: قال رسول الله صلى الله عليه وسلم: «اللهم كما أذقت أول قريش نكالا، فأذق آخرهم نوالا».","","","","Ibadi","","","","","V01P210"
"rabi_0818","818","al-Jami al-Sahih (Musnad al-Rabi ibn Habib)","Ibadi","1","4","818","في عذاب القبر، والشهداء، وولاية قريش، والطاعة للأمير","في عذاب القبر، والشهداء، وولاية قريش، والطاعة للأمير","","وقال صلى الله عليه وسلم: «لن يزال هذا الأمر في قريش ما لم يحدثوا أحداثا، ثم يزيحه الله عنهم ويلحاهم كما يلحى هذا القضيب» لقضيب كان في يده.","","","","Ibadi","","","","","V01P210"
"rabi_0819","819","al-Jami al-Sahih (Musnad al-Rabi ibn Habib)","Ibadi","1","4","819","في عذاب القبر، والشهداء، وولاية قريش، والطاعة للأمير","في عذاب القبر، والشهداء، وولاية قريش، والطاعة للأمير","","وقال صلى الله عليه وسلم: «إن أمر عليكم عبد حبشي مجذوع الأنف، فاسمعوا وأطيعوا ما أقام فيكم كتاب الله».","","","","Ibadi","","","","","V01P210"
"rabi_0820","820","al-Jami al-Sahih (Musnad al-Rabi ibn Habib)","Ibadi","1","4","820","في عذاب القبر، والشهداء، وولاية قريش، والطاعة للأمير","في عذاب القبر، والشهداء، وولاية قريش، والطاعة للأمير","","وقال صلى الله عليه وسلم: «يا فاطمة بنت محمد، ويا صفية عمة محمد، اشتريا أنفسكما من الله، فإني لا أملك لكما من الله شيئا». فإذا قال صلى الله عليه وسلم هذا لابنته وعمته، فكيف يطمع من سواهما أن يغفر له وهو مقيم على الفجور غير تائب منه.","","","","Ibadi","","","","","V01P210"
"rabi_0821","821","al-Jami al-Sahih (Musnad al-Rabi ibn Habib)","Ibadi","1","5","821","السنة في التعظيم لله عز وجل،","السنة في التعظيم لله عز وجل،","","قال جابر عن ابن عباس: إن رجلا من بني عامر بن ربيعة، يقال له أربد، جاء إلى رسول الله صلى الله عليه وسلم فقال: يا محمد، أخبرني من أي شيء ربك، أمن ذهب أو من فضة، أو من نحاس أو من حديد؛ وهو يقول : «سبحان الله!» إذ جاءت رعدة وبرقة، فأرعدت وأبرقت، ثم جاءت صاعقة، حتى وقعت على رأسه فوقع ميتا. قال الله عز وجل: {ويرسل الصواعق فيصيب بها من يشآء وهم يجادلون في الله وهو شديد المحال} يعني العقاب .","","","","Ibadi","","","","","V01P211"
"rabi_0822","822","al-Jami al-Sahih (Musnad al-Rabi ibn Habib)","Ibadi","1","5","822","السنة في التعظيم لله عز وجل،","السنة في التعظيم لله عز وجل،","","قال جابر بن زيد عن سعيد بن جبير عن ابن عباس قال: سألت اليهود رسول الله صلى الله عليه وسلم عن صفة الله فسكت قليلا رجاء أن ينزل عليهم عذابه ونزل عليه جبريل عليه السلام بسورة الإخلاص {بسم الله الرحمن الرحيم قل هو الله أحد ... } إلى آخرها.","","","","Ibadi","","","","","V01P211"
"rabi_0823","823","al-Jami al-Sahih (Musnad al-Rabi ibn Habib)","Ibadi","1","5","823","السنة في التعظيم لله عز وجل،","السنة في التعظيم لله عز وجل،","","وقال صلى الله عليه وسلم: «تفكروا في الخلق ولا تتفكروا في الخالق، فإنه لا يدرك إلا بتصديقه».","","","","Ibadi","","","","","V01P211"
"rabi_0824","824","al-Jami al-Sahih (Musnad al-Rabi ibn Habib)","Ibadi","1","5","824","السنة في التعظيم لله عز وجل،","السنة في التعظيم لله عز وجل،","","قال الربيع: أخبرنا بشر عن إسماعيل بن علية عن داود بن عقيل عن أبي هند عن الشعبي عن مسروق قال: كنت عند عائشة رضي الله عنها فقالت: ثلاثة من تكلم بواحدة منهن فقد أعظم على الله الفرية: من زعم أن محمدا رأى ربه فقد أعظم على الله الفرية، قال: وكنت متكئا فجلست، وقلت: يا أم المؤمنين أنظري ولا تعجلي، ألم يقل الله: {ولقد رآه نزلة اخرى}، {ولقد رآه بالافق المبين}؟ فقالت عائشة رضي الله عنها: أنا أول هذه الأمة سألت النبيء صلى الله عليه وسلم عن ذلك فقال: «ذلك جبريل عليه السلام ولم أره في صورته التي خلق عليها إلا مرتين قد هبط من السماء فسد جسمه ما بين السماء والأرض»، ألم تسمع لقوله تعالى: {لا تدركه الابصار وهو يدرك الابصار وهو اللطيف الخبير}؟ قال مسروق: تفسير هذه الآية دليل على ما روت عائشة عن النبيء صلى الله عليه وسلم يقول: {ما كذب الفؤاد ما رأى}، {لقد رأى من ايات ربه الكبرى} ثم عاد الحديث إلى علية، فقال: قالت عائشة رضي الله عنها: ومن زعم أن محمدا صلى الله عليه وسلم لم يبلغ ما أنزل إليه من ربه فقد أعظم على الله الفرية، لأن الله تعالى يقول: {يآ أيها الرسول بلغ مآ أنزل إليك من ربك وإن لم تفعل فما بلغت رسالاته والله يعصمك من الناس}. ومن زعم أن محمدا يعلم ما في غد فقد أعظم على الله الفرية، لأن الله تعالى يقول: {قل لا يعلم من في السماوات والارض الغيب إلا الله وما يشعرون أيان يبعثون}.","","","","Ibadi","","","","","V01P212"
"rabi_0825","825","al-Jami al-Sahih (Musnad al-Rabi ibn Habib)","Ibadi","1","5","825","السنة في التعظيم لله عز وجل،","السنة في التعظيم لله عز وجل،","","وأخبرنا أبو ربيعة زيد بن عوف العامري البصري قال: أخبرنا حماد بن سلمة عن ثابت البناني عن أبي عثمان النهدي أن أبا موسى الأشعري قال: كنا مع رسول الله صلى الله عليه وسلم في سفر، فلما دنونا من المدينة كبر الناس ورفعوا أصواتهم، فقال النبيء صلى الله عليه وسلم: «يا أيها الناس إنكم لا تدعون أصم ولا غائبا إن الذي تدعونه بينكم وبين أعناق ركابكم»، ثم قال: «يا أبا موسى هل أدلك على كنز من كنوز الجنة؟» قال: قلت: وما هو يا رسول الله؟ قال: «لا حول ولا قوة إلا بالله» قال جابر: ومعنى قول النبيء صلى الله عليه وسلم عندنا «إن الذي تدعونه بينكم وبين أعناق ركابكم» وذلك أن الله تعالى يقول: {ما يكون من نجوى ثلاثة الا هو رابعهم ولا خمسة الا هو سادسهم ولآ أدنى من ذالك ولآ أكثر إلا هو معهم, أين ما كانوا}، وقال : {ونحن أقرب إليه من حبل الوريد}، والتشبيه والتحديد لا يكون إلا لمخلوق، لأن المخلوق إذا قرب من موضع تباعد من غيره، وإذا كان في مكان عدم من غيره، لأن التحديد يستوجب الزوال والانتقال، والله تعالى عز عن ذلك.","","","","Ibadi","","","","","V01P213"
"rabi_0826","826","al-Jami al-Sahih (Musnad al-Rabi ibn Habib)","Ibadi","1","6","826","علمني من غرائب العلم","علمني من غرائب العلم","","الربيع بن حبيب عن أبي عبيدة عن جابر بن زيد عن ابن عباس قال: جاء أعرابي إلى النبيء صلى الله عليه وسلم فقال: علمني من غرائب العلم، قال: «وما صنعت في رأس العلم حتى تسأل عن غرائبه»؟ قال: وما رأس العلم؟ قال: «معرفة الله حق معرفته»، قال: وما معرفة الله حق معرفته؟ قال: «أن تعرفه بلا مثل ولا ند، واحدا، أحدا، ظاهرا، باطنا، أولا، آخرا، لا كفؤ له، فذلك معرفة الله حق معرفته». وقال صلى الله عليه وسلم: «إن الله لا يعرف بالأمثال ولا بالأشباه، وإنما يعرف بالدلائل والأعلام الشاهدة على ربوبيته، النافية عنه آثار صنعته ».","","","","Ibadi","","","","","V01P214"
"rabi_0827","827","al-Jami al-Sahih (Musnad al-Rabi ibn Habib)","Ibadi","1","7","827","النهي عن الفكرة في الله عز وجل","النهي عن الفكرة في الله عز وجل","","قال جابر بن زيد: حدثنا رجل من أئمة أهل الكوفة يكنى أبا أمية أن النبيء صلى الله عليه وسلم خرج على قوم وهم يتذاكرون، فلما رأوا النبيء صلى الله عليه وسلم سكتوا، فقال: «ما كنتم تقولون» قالوا: كنا نتذاكر في الشمس وفي مجراها، قال: «كذلكم فافعلوا، تفكروا في الخلق ولا تتفكروا في الخالق». وزاد فيه الحسن: «إن الله لا تناله الفكرة».","","","","Ibadi","","","","","V01P214"
"rabi_0828","828","al-Jami al-Sahih (Musnad al-Rabi ibn Habib)","Ibadi","1","7","828","النهي عن الفكرة في الله عز وجل","النهي عن الفكرة في الله عز وجل","","قال: وأخبرني عن محمد بن يعلى عن سليمان العامري عن عطاء عن سعيد بن جبير عن ابن عباس قال: لا تتفكروا في الله ولكن تفكروا في خلقه فإنه لا يعرف بالأشباه والأمثال ولكن بتصديقه.","","","","Ibadi","","","","","V01P214"
"rabi_0829","829","al-Jami al-Sahih (Musnad al-Rabi ibn Habib)","Ibadi","1","7","829","النهي عن الفكرة في الله عز وجل","النهي عن الفكرة في الله عز وجل","","قال: وأخبرني جويبر عن الضحاك أن ابن عباس قال: قال رسول الله صلى الله عليه وسلم: «لا تتفكروا في الله فإن التفكر في خلقه شاغل، فإنه لا تدركه فكرة متفكر إلا بتصديقه». ثم قال رسول الله صلى الله عليه وسلم: «إن أقواما من الأمم السالفة أتوا نبيئا لهم ليعنتوه، فسكت عنهم انتظار أمر الله فنزلت عليهم صاعقة فأحرقتهم» [8] باب: الشرك أخفى من دبيب النمل","","","","Ibadi","","","","","V01P215"
"rabi_0830","830","al-Jami al-Sahih (Musnad al-Rabi ibn Habib)","Ibadi","1","7","830","النهي عن الفكرة في الله عز وجل","النهي عن الفكرة في الله عز وجل","","قال: وأخبرنا محمد بن المنكدر عن ابن عباس عن النبيء صلى الله عليه وسلم أنه قال: «يأتي الناس زمان الشرك فيه أخفى من ذرة سوداء على صخرة سوداء في ليلة ظلماء»","","","","Ibadi","","","","","V01P215"
"rabi_0831","831","al-Jami al-Sahih (Musnad al-Rabi ibn Habib)","Ibadi","1","7","831","النهي عن الفكرة في الله عز وجل","النهي عن الفكرة في الله عز وجل","","قال جابر بن زيد: حدثنا أنس بن مالك أن رسول الله صلى الله عليه وسلم قال: «يوشك الشرك أن ينتقل من ربع إلى ربع، ومن قبيلة إلى قبيلة»، قيل: يا رسول الله، وما ذاك الشرك؟ قال: «قوم يأتون من بعدكم يحدون الله حدا بالصفة».","","","","Ibadi","","","","","V01P215"
"rabi_0832","832","al-Jami al-Sahih (Musnad al-Rabi ibn Habib)","Ibadi","1","7","832","النهي عن الفكرة في الله عز وجل","النهي عن الفكرة في الله عز وجل","","قال: وحدثنا الأعمش عن أبي وائل عن ابن مسعود قال: سألت رسول الله صلى الله عليه وسلم: أي الذنب أعظم؟ قال: «أن تجعل لله ندا وهو خلقك، والله العدل».","","","","Ibadi","","","","","V01P215"
"rabi_0833","833","al-Jami al-Sahih (Musnad al-Rabi ibn Habib)","Ibadi","1","7","833","النهي عن الفكرة في الله عز وجل","النهي عن الفكرة في الله عز وجل","","قال: وأخبرنا سفيان بن عيينة عن مجاهد بن سعيد عن الشعبي عن جابر بن عبد الله قال: قالت اليهود للنبيء صلى الله عليه وسلم: يا محمد، لقد غلب أصحابك اليوم، قال: «بأي شيء»؟ قالوا: سألتهم اليهود: هل يعلم نبيئكم عدد خزنة النار؟ قالوا: لا ندري حتى نسأل نبيئنا؛ قال النبيء: «نعم ما فعلوا، قوم يسألون عما لا يدرون فقالوا لا ندري حتى نسأل نبيئنا» ثم قال صلى الله عليه وسلم: «يا أعداء الله ولكن تسألون نبيئكم أن يريكم الله جهرة» فأنبأهم صلى الله عليه وسلم إذ سألوه أن يجاهروا الله أن الله لا يرى جهرة.","","","","Ibadi","","","","","V01P216"
"rabi_0834","834","al-Jami al-Sahih (Musnad al-Rabi ibn Habib)","Ibadi","1","7","834","النهي عن الفكرة في الله عز وجل","النهي عن الفكرة في الله عز وجل","","قال الربيع: وبلغنا عن أبان بن عياش عن أنس بن مالك قال: خرج النبيء صلى الله عليه وسلم على قوم جلوس فقال: «ما أجلسكم»؟ فقالوا: نتفكر في الله، فقال صلى الله عليه وسلم: «لا تتفكروا في الله فإنه لا مثل له ولا شبيه ولا نظير ولا تضربوا لله الأمثال، ولا تصفوه بالزوال، فإنه بكل مكان، وتفكروا في خلقه، ولأخبرنكم ببعض خلقه: إن ملكا من الملائكة له جناح بالشرق وجناح بالغرب، وقد خرقت رجلاه الأرضين السفلى، ورأسه في السماء السابعة».","","","","Ibadi","","","","","V01P216"
"rabi_0835","835","al-Jami al-Sahih (Musnad al-Rabi ibn Habib)","Ibadi","1","9","835","ما روي عن علي بن أبي طالب في التعظيم لله عز وجل ونفي التشبيه","ما روي عن علي بن أبي طالب في التعظيم لله عز وجل ونفي التشبيه","","قال الربيع: بلغني عن أبي مسعود عن عثمان بن عبد الرحمن المدني عن أبي إسحاق والشعبي قال: كان علي بن أبي طالب يقول في تمجيد الله عز وجل: الحي القائم الواحد الدائم، فكاك المقادم، ورزاق البهائم، القائم بغير منصبة، الدائم بغير غاية، الخالق بغير كلفة. فأعرف العباد به الذي بالحدود لا يصفه، ولا بما يوجد في الخلق يتوهمه، {لا تدركه الابصار وهو يدرك الابصار}.","","","","Ibadi","","","","","V01P217"
"rabi_0836","836","al-Jami al-Sahih (Musnad al-Rabi ibn Habib)","Ibadi","1","10","836","خطبة علي","خطبة علي","","قال الربيع: وأخبرنا أبان قال: حدثنا يحيى بن إسماعيل عن الحارث الهمداني قال: بلغ عليا أن قوما من أهل عسكره شبهوا الله وأفرطوا، قال: فخطب علي الناس، وحمد الله وأثنى عليه ثم قال: يا أيها الناس اتقوا هذه العارقة ، فقالوا: يا أمير المؤمنين، وما العارقة؟ قال: الذين يشبهون الله بأنفسهم، فقالوا: وكيف يشبهون الله بأنفسهم؟ قال: يضاهئون بذلك قول الذين كفروا من أهل الكتاب إذ قالوا: خلق الله آدم على صورته سبحانه وتعالى عما يقولون، سبحانه وتعالى عما يشركون، بل هو الله الواحد الذي ليس كمثله شيء، استخلص الوحدانية والجبروت، وأمضى المشيئة والإرادة والقدرة والعلم بما هو كائن، لا منازع له في شيء، ولا كفؤ له يعادله، ولا ضد له ينازعه، ولا سمي له يشبهه، ولا مثل له يشاكله، ولا تبدو له الأمور، ولا تجري عليه الأحوال، ولا تنزل به الأحداث، وهو يجري الأحوال، وينزل الأحداث على المخلوقين، لا يبلغ الواصفون كنه حقيقته ، ولا يخطر على قلوب مبلغ جبروته، لأنه ليس له في الخلق شبيه، ولا له في الأشياء نظير، لا تدركه العلماء بألبابها، ولا أهل التفكير بتدبيرها وتفكيرها إلا بالتحقيق إيمانا بالغيب، لأنه لا يوصف بشيء من صفات المخلوقين، وهو الواحد الذي لا كفؤ له، {وأن ما تدعون من دونه هو الباطل وأن الله هو العلي الكبير}.","","","","Ibadi","","","","","V01P218"
"rabi_0837","837","al-Jami al-Sahih (Musnad al-Rabi ibn Habib)","Ibadi","1","11","837","قصة اليهودي مع علي بن أبي طالب","قصة اليهودي مع علي بن أبي طالب","","قال: وأخبرنا إسماعيل بن يحيى قال: حدثنا سفيان عن الضحاك قال: جاء يهودي إلى علي بن أبي طالب فقال: يا علي، متى كان؟ فقال علي: إنما يقال متى كان لشيء لم يكن فكان، وهو كائن بلا كينونة، كائن بلا كيفية، ولم يزل بلا كيف، ليس له قبل، وهو قبل القبل بلا غاية ولا منتهى غاية تنتهي إليها غايته، انقطعت الغايات عنده، وهو غاية الغايات.","","","","Ibadi","","","","","V01P218"
"rabi_0838","838","al-Jami al-Sahih (Musnad al-Rabi ibn Habib)","Ibadi","1","12","838","القصاب مع علي بن أبي طالب","القصاب مع علي بن أبي طالب","","أخبرنا أبو قبيصة عن عبد الغفار الواسطي عن عطاء أن علي بن أبي طالب مر بقصاب يقول: لا والذي احتجب بسبع سماوات، لا أزيدك شيئا، قال: فضرب علي بيده على كتفه فقال: يا لحام، إن الله لا يحتجب عن خلقه، ولكن حجب خلقه عنه، فقال: أكفر عن يميني؟ فقال: لا، لأنك إنما حلفت بغير الله .","","","","Ibadi","","","","","V01P219"
"rabi_0839","839","al-Jami al-Sahih (Musnad al-Rabi ibn Habib)","Ibadi","1","13","839","ما روي عن ابن عباس في التعظيم لله عز وجل والتنزيه له سبحانه","ما روي عن ابن عباس في التعظيم لله عز وجل والتنزيه له سبحانه","","أخبرنا أبو قبيصة عن عمير وعن محمد بن يعلى عن جويبر عن الضحاك عن ابن عباس أن نجدة الحروري أتاه فقال: يا ابن عباس، كيف معرفتك بربك فإن من قبلنا قد اختلفوا علينا؟ فقال ابن عباس: أعرفه بما عرف به نفسه من غير رؤية، وأصفه بما وصف به نفسه من غير تثبيت صورة، لا يدرك بالحواس، ولا يقاس بالناس، معروف بغير تشبيه، متدان في بعده، لا ينظر، ولا يتوهم ديمومته ، ولا يمثل بخلقه، ولا يجور في قضيته، فالخلق إلى ما علم منقادون، وعلى ما سطر في المكنون من كتابه ماضون، لا يعملون بخلاف ما منهم علم، ولا إلى غيره يردون، وهو قريب غير ملتزق، بعيد غير منفصل، يحقق ولا يمثل، يوحد ولا يبعض، يعرف بالآيات، ويثبت بالعلامات. قال: فقام نجدة مفحما مخصوما متعجبا بما جاء به ابن عباس رضي الله عنه.","","","","Ibadi","","","","","V01P219"
"rabi_0840","840","al-Jami al-Sahih (Musnad al-Rabi ibn Habib)","Ibadi","1","14","840","قصة نافع بن الأزرق مع ابن عباس","قصة نافع بن الأزرق مع ابن عباس","","قال الربيع: وأخبرنا محمد بن علي الكوفي عن أبي بكر الهذلي عن سعيد بن جبير قال: لما رأى ابن الأزرق أنه لا يسأل ابن عباس عن شيء إلا أجاب فيه، قال: ما أجرأك يا ابن عباس! قال: وما ذاك يا ابن الأزرق؟ قال: أراك لا تسأل عن شيء إلا أجبت فيه، قال: ويلك! هو علم عندي أخبرني عمن كتم علما عنده، ورجل تكلم بما لا يعلم، قال: أفكل ما تقول به تعلمه؟ قال: نعم، إنا أهل بيت أوتينا الحكمة، قال نافع: أسألك عن الذي تعبده كيف هو؟ فسكت عنه ابن عباس استعظاما، قال: ثم قال له: أخبرك أن الله هو الواحد بدون تشبيه، والواجد بغير تفكير، والخالق بغير تكييف، العالم بغير مثال، الموصوف بغير تشبيه، الدائم بغير غاية، المعروف بغير تحديد، البائن بغير نظير، عزيز قدير، لم يزل ولا يزال، وجلت القلوب لمهابته، وذلت الأرباب لعزته، وخضعت الرقاب لقدرته، ولا يخطر على القلوب مبلغ كنه عظمته، ولا تنعقد القلوب على ضمير يبلغه لا تبلغه العلماء بألبابها، ولا المتفكرون بتدبير تفكيرها، فأعلم الخلائق به الذي لا يصفه بصورة ولا بمثل، فيقع الوهم للخلائق عليه. قال نافع: صدقت يابن عباس.","","","","Ibadi","","","","","V01P220"
"rabi_0841","841","al-Jami al-Sahih (Musnad al-Rabi ibn Habib)","Ibadi","1","14","841","قصة نافع بن الأزرق مع ابن عباس","قصة نافع بن الأزرق مع ابن عباس","","قال النبيء صلى الله عليه وسلم: «اللهم فقه ابن عباس في الدين وعلمه التأويل».","","","","Ibadi","","","","","V01P220"
"rabi_0842","842","al-Jami al-Sahih (Musnad al-Rabi ibn Habib)","Ibadi","1","14","842","قصة نافع بن الأزرق مع ابن عباس","قصة نافع بن الأزرق مع ابن عباس","","جابر قال: جاء نافع بن الأزرق إلى ابن عباس، فقال: يا ابن عباس، أخبرني عن ربك كيف هو، وأين هو؟ فقال ابن عباس: ثكلتك أمك يا ابن الأزرق، إن الله لا كيف له غير الخلق، خلق الخلق، وهو خالق لكيفيتهم، وهو بكل أين - يعني بكل مكان، قال: فسكت ابن الأزرق، قال ابن عباس: لا تمضي الليالي والأيام حتى يتفقه قوم في الشرائع، وهم عن توحيد الله غافلون، قوم يصفون ربهم بالبشر، ويسمون من خالفهم كافرين، وهم أولى بذلك، وهم الظالمون ، يختلفون من بعد ما جاءتهم البينات، ويأخذون بالشبهات والمتشابهات وروايات أهل الكتاب، ويسمون المتفقهة وليسوا كذلك، وعند ذلك تمنع السماء قطرها، والأرض نباتها، وتنقص من أطرافها، وعند ذلك يحبط الله أعمالهم، ويسلط عليهم من يسومهم سوء العذاب.","","","","Ibadi","","","","","V01P221"
"rabi_0843","843","al-Jami al-Sahih (Musnad al-Rabi ibn Habib)","Ibadi","1","14","843","قصة نافع بن الأزرق مع ابن عباس","قصة نافع بن الأزرق مع ابن عباس","","قال جابر بن زيد: قال ابن عباس: يقول الله: أنا ربكم، لا تعبدوا غيري، ولا تشركوا بي شيئا، ولا تجعلوا لي شبيها يكون في السماء والأرض، فإنكم لن تروني.","","","","Ibadi","","","","","V01P221"
"rabi_0844","844","al-Jami al-Sahih (Musnad al-Rabi ibn Habib)","Ibadi","1","15","844","قوله: «خلق الله آدم على صورته»","قوله: «خلق الله آدم على صورته»","","قال: وأخبرنا بشر بن المريسي عن محمد بن يعلى، قال: أخبرنا الحسن بن دينار، عن خصيب بن جحدر عن إسحاق بن عبد الله أن الحارث بن نوفل قال: قلت لابن عباس: سمعت أبا هريرة يقول: خلق الله آدم على صورته، وهو ستون ذراعا، قال ابن عباس: صدق أبو هريرة، خلق الله آدم على صورته التي في علمه أنه يخلقه عليها، لم يحوله منها إلى غيرها، قال بشر: ومعنى آخر: خلق الله آدم على صورته التي كان في علمه أن يخلقه عليها بالغا، لم ينقله من نطفة إلى علقة، ولا من علقة إلى مضغة، ولا من مضغة إلى عظام. ومعنى آخر: وذلك أن الله كان ولا شيء غيره، وقد علم ما يخلق من الصور والبقاع والأرواح والرسل، واصطفى الله آدم على صورته، أي الصورة المصطفاة، أي المعلومة، واتخذ من البقاع الحرم، وجعله نسكا لعباده، وجعل فيه بيتا تعبد خلقه بالطواف حوله والحج إليه، وقيل: بيت الله للذي اصطفاه؛ واصطفى من الأرواح روحا، وقيل: روح الله للذي اصطفاه.","","","","Ibadi","","","","","V01P222"
"rabi_0845","845","al-Jami al-Sahih (Musnad al-Rabi ibn Habib)","Ibadi","1","15","845","قوله: «خلق الله آدم على صورته»","قوله: «خلق الله آدم على صورته»","","قال الربيع: قال أبو عبيدة: بلغني عن سعيد بن جبير، قال: قال ابن عباس: إنه كائن قبل الساعة زمان أهله الجهلة، علماؤهم السفهاء، وأمراؤهم المتكبرون، وقراؤهم المتصنعون، فعند ذلك يضع الشيطان مصائده، إذا تفكروا في الخالق شبهوه بالمخلوقين، يأتون بروايات فيذكرون أنها عن النبيء صلى الله عليه وسلم، ويحدون الله حدا، يصفونه بصفات المخلوقين، فإذا رأيتم تلك الفتنة ولا فتنة أضر منها، فاعتصموا منها بالقرآن، فإن فيه النور من الظلمة، والبيان من الشبهة، والنجاة من كل هلكة، وفيه الهدى من الضلالة.","","","","Ibadi","","","","","V01P222"
"rabi_0846","846","al-Jami al-Sahih (Musnad al-Rabi ibn Habib)","Ibadi","1","15","846","قوله: «خلق الله آدم على صورته»","قوله: «خلق الله آدم على صورته»","","قال: بلغني عن الكلبي عن أبي صالح عن ابن عباس قال: قال رسول الله صلى الله عليه وسلم: «تفكروا في الخلق ولا تتفكروا في الخالق، فإن فتنة كل أمة بعد نبيئها تفكيرها في الخالق، وكذلك فتنة أمتي بعدي».","","","","Ibadi","","","","","V01P223"
"rabi_0847","847","al-Jami al-Sahih (Musnad al-Rabi ibn Habib)","Ibadi","1","16","847","ما روي عن عمر بن الخطاب رضي الله عنه، وعن عبد الله بن مسعود","ما روي عن عمر بن الخطاب رضي الله عنه، وعن عبد الله بن مسعود","","قال الربيع: بلغني عن ابن عمر عن أبيه عمر أنه سأل كعبا فقال: يا كعب، ما تستطيع أن تصف لنا من عظمة ربك؟ فقال: يا أمير المؤمنين، فيما ذكر الله في كتابه من التعظيم ما هو كاف، قال الله عز وجل: {هو الاول والآخر والظاهر والباطن}، فقال عمر: وما يعني بقوله: {والظاهر والباطن}؟ قال كعب الأحبار: الذي ما ظهر من الأشياء بأقرب إليه مما بطن منها، وما بطن من الأشياء ليس بأبعد عنه مما ظهر منها، كما أنه ليس ما ظهر من الأشياء بأعلم منه مما خفي منها، ثم إن كعبا بكى بكاء شديدا، فقال له عمر: وما يبكيك يا أبا إسحاق، فقال: أبكاني حديث سمعته عن داود النبيء صلى الله عليه وسلم أنه كان يقول في دعائه: «إلهي، إن ارتفعت فوق سبع سماوات فأنت ثم، وإن كنت في أسفل أرضك، فأنت ثم، فهل يستطيع أهل الخطايا أن يستتروا بخطاياهم دونك وأنت معهم أينما كانوا»؟ ثم قال: إن في التوراة مكتوبا: «الثور يعرف مربطه، والحمار يعرف آريه ، وبنو إسرائيل لا يعرفون ربهم، يشبهونه بخلقه، سبحانه وتعالى عما يصفون».","","","","Ibadi","","","","","V01P224"
"rabi_0848","848","al-Jami al-Sahih (Musnad al-Rabi ibn Habib)","Ibadi","1","16","848","ما روي عن عمر بن الخطاب رضي الله عنه، وعن عبد الله بن مسعود","ما روي عن عمر بن الخطاب رضي الله عنه، وعن عبد الله بن مسعود","","وحدثنا إسماعيل بن صالح المكي، قال: سمعت الحسن يقول: سمع عمر بن الخطاب رضي الله عنه رجلا يقول: والله حيث كان، فقال له عمر: ويحك! كأنك تلتمسه، إن الله بكل مكان. وفي حديث حماد بن زيد: فعلاه بالدرة، فقال: أوليس الله بكل مكان؟!.","","","","Ibadi","","","","","V01P224"
"rabi_0849","849","al-Jami al-Sahih (Musnad al-Rabi ibn Habib)","Ibadi","1","16","849","ما روي عن عمر بن الخطاب رضي الله عنه، وعن عبد الله بن مسعود","ما روي عن عمر بن الخطاب رضي الله عنه، وعن عبد الله بن مسعود","","قال الربيع: بلغني عن الضحاك قال: إن عمر بن الخطاب رضي الله عنه مر ذات ليلة برجل وهو مستقبل القبلة، فقال: ما تخلفك في هذه الساعة؟ فقال: صليت يا أمير المؤمنين العشاء، ثم صليت ما قضي لي، فجلست أتفكر في الله، فعلاه بالدرة فقال: ثكلتك أمك! أفي الله أمرت بالتفكر أم في خلقه؟ ثم تلا عمر: {ان في خلق السماوات والارض واختلاف الليل والنهار لآيات لأولي الالباب}.","","","","Ibadi","","","","","V01P224"
"rabi_0850","850","al-Jami al-Sahih (Musnad al-Rabi ibn Habib)","Ibadi","1","16","850","ما روي عن عمر بن الخطاب رضي الله عنه، وعن عبد الله بن مسعود","ما روي عن عمر بن الخطاب رضي الله عنه، وعن عبد الله بن مسعود","","وقال عبد الله بن مسعود: ما عرف الله من شبهه بخلقه. وقالت عائشة أم المؤمنين والحسن: ما عرف الله من شبهه بخلقه.","","","","Ibadi","","","","","V01P224"
"rabi_0851","851","al-Jami al-Sahih (Musnad al-Rabi ibn Habib)","Ibadi","1","16","851","ما روي عن عمر بن الخطاب رضي الله عنه، وعن عبد الله بن مسعود","ما روي عن عمر بن الخطاب رضي الله عنه، وعن عبد الله بن مسعود","","وعن الضحاك بن مزاحم، قال: قال رجل لابن مسعود: كيف أعرف الله؟ فقال: اعرفه أنه خالق الخلق، ولا تتوهم أنه يشبهه شيء من خلقه، ولا تدع قلبك يتوهمه بشيء من الأشياء، لأنه ليس كمثله شيء.","","","","Ibadi","","","","","V01P224"
"rabi_0852","852","al-Jami al-Sahih (Musnad al-Rabi ibn Habib)","Ibadi","1","16","852","ما روي عن عمر بن الخطاب رضي الله عنه، وعن عبد الله بن مسعود","ما روي عن عمر بن الخطاب رضي الله عنه، وعن عبد الله بن مسعود","","قال: وأخبرني عن أبي هلال الراسبي قال: شهدت الحسن، فأتاه عبد الله بن رواحة المدني فقال: يا أبا سعيد، أتنعت ربك؟ فقال الحسن: بغير صفة ولا مثال ولا صورة، تعالى من لا عدل له، ولا ند له عما قال الذين كفروا وهم بربهم يعدلون، فمن شبهه بخلقه، فقد عدل به.","","","","Ibadi","","","","","V01P225"
"rabi_0853","853","al-Jami al-Sahih (Musnad al-Rabi ibn Habib)","Ibadi","1","17","853","ما روي عن ابن عباس رضي الله عنه في قوله تعالى: {وجوه يومئذ","ما روي عن ابن عباس رضي الله عنه في قوله تعالى: {وجوه يومئذ","","قال الربيع: بلغني عن جويبر عن الضحاك عن ابن عباس أنه خرج ذات يوم فإذا هو برجل يدعو ربه شاخصا بصره إلى السماء رافعا يده فوق رأسه، فقال له ابن عباس: ادع ربك بإصبعك اليمنى واسأل بكفك اليسرى، واغضض بصرك، وكف يدك، فإنك لن تراه، ولن تناله، فقال الرجل: ولا في الآخرة؟ قال: ولا في الآخرة، فقال الرجل: فما وجه قوله تعالى: {وجوه يومئذ ناضرة الى ربها ناظرة}؟ قال ابن عباس: ألست تقرأ قوله تعالى: {لا تدركه الابصار وهو يدرك الابصار وهو اللطيف الخبير} ثم قال ابن عباس: إن أولياء الله تنضر وجوههم يوم القيامة، وهو الإشراق، ثم ينظرون إلى ربهم متى يأذن لهم في دخول الجنة بعد الفراغ من الحساب، ثم قال: {وجوه يومئذ باسرة} يعني: كالحة، {تظن أن يفعل بها فاقرة} قال: يتوقعون العذاب بعد العذاب، وكذلك قوله: {الى ربها ناظرة}: ينتظر أهل الجنة الثواب بعد الثواب، والكرامة بعد الكرامة.","","","","Ibadi","","","","","V01P225"
"rabi_0854","854","al-Jami al-Sahih (Musnad al-Rabi ibn Habib)","Ibadi","1","17","854","ما روي عن ابن عباس رضي الله عنه في قوله تعالى: {وجوه يومئذ","ما روي عن ابن عباس رضي الله عنه في قوله تعالى: {وجوه يومئذ","","قال: حدثنا أفلح بن محمد عن أبي معمر السعدي عن علي بن أبي طالب، في قوله: {وجوه يومئذ ناضرة الى ربها ناظرة} قال: تنضر وجوههم، وهو الإشراق {إلى ربها ناظرة} قال: تنتظر متى يأذن لهم ربهم في دخول الجنة، ولا يعني الرؤية بالأبصار، لأن الأبصار لا تدركه، كما قال: {لا تدركه الابصار وهو يدرك الابصار وهو اللطيف الخبير}. روى مكتف المدني قال: بلغني عن أبي حازم، قال: كنت عند محمد بن المنكدر جالسا فذكروا عنده أن العباد ينظرون إلى ربهم، فقال محمد: ما رأيت أحدا له عقل يقول: إن الله يراه أحد من خلقه، وتلا هذه الآية: {وقال الذين لا يرجون لقآءنا لولآ أنزل علينا الملآئكة أو نرى ربنا لقد استكبروا في أنفسهم وعتوا عتوا كبيرا}، وقال مكتف أيضا: كنت جالسا عند مالك بن أنس فسأله سائل: هل يرى الله أحد من خلقه؟ فتلا هذه الآية: {وقال الذين لا يرجون لقآءنا لولآ أنزل علينا الملآئكة أو نرى ربنا}.","","","","Ibadi","","","","","V01P226"
"rabi_0855","855","al-Jami al-Sahih (Musnad al-Rabi ibn Habib)","Ibadi","1","18","855","عن ابن عباس رضي الله عنه في النظر أيضا","عن ابن عباس رضي الله عنه في النظر أيضا","","قال: وأخبرنا أبو نعيم عن العباس عن أبي إسحاق عن سعيد بن جبير عن نافع بن الأزرق أنه سأل ابن عباس عن قوله تعالى: {وجوه يومئذ ناضرة الى ربها ناظرة} قال ابن عباس: هو الذي لا كفؤ له، أي لا ينظر إلى أهل النار برحمته، وأهل الجنة ينظرون إليه في ثوابه وكرامته ورحمته، ولا يرونه بأبصارهم، لأنه قال: {لا تدركه الأبصار وهو يدرك الابصار}. قال: وقال مجاهد وإبراهيم و مكحول الزهري: ينظرون الثواب، ولا يرى الله أحد من خلقه. قال: وقال الحسن: ناظرة إلى سلطان ربها وقدرته وتدبيره، وقال: {ناضرة} نضرة في الوجوه، وسرور في القلوب . وقال سعيد بن جبير: {ناضرة}: بهجة {الى ربها ناظرة}: تنتظر ثواب ربها، ولا يرى الله أحد. وقال عطاء بن يسار مثله. وقال سفيان بن عيينة عن الأعمش عن أبي راشد أن مولاة لعتبة بن عمير قالت: إنما أنظر إلى الله وإليك، فقال لها: لا تقولي كذلك، إنما قولي: إنما أنظر إلى الله ثم إليك. وقال علي بن أبي طالب، وعبد الله بن عباس، وعائشة أم المؤمنين، ومجاهد، وإبراهيم النخعي، ومكحول الدمشقي، وعطاء بن يسار، وسعيد بن المسيب، والضحاك بن مزاحم، وأبو صالح صاحب التفسير وعكرمة، ومحمد بن كعب، وابن شهاب الزهري: إن الله لا يراه أحد من خلقه.","","","","Ibadi","","","","","V01P227"
"rabi_0856","856","al-Jami al-Sahih (Musnad al-Rabi ibn Habib)","Ibadi","1","18","856","عن ابن عباس رضي الله عنه في النظر أيضا","عن ابن عباس رضي الله عنه في النظر أيضا","","وروى محمد بن الشيباني أن النبيء صلى الله عليه وسلم سئل: هل ترى ربك؟ فقال: «سبحان الله! وأنى أراه؟!».","","","","Ibadi","","","","","V01P227"
"rabi_0857","857","al-Jami al-Sahih (Musnad al-Rabi ibn Habib)","Ibadi","1","18","857","عن ابن عباس رضي الله عنه في النظر أيضا","عن ابن عباس رضي الله عنه في النظر أيضا","","قال: وروي عن الفضيل بن عياض وخليل بن عبد المجيد الطائي وعمار بن أخت سفيان الثوري ومنصور بن المعتمر بن سليمان عن أبيه عن وكيع بن الجراح وأسباط بن محمد عن يحيى بن أبي زكرياء بن أبي زياد عن إسرائيل بن يونس وعيسى بن أبي يونس عن الليث عن مجاهد أن الله لا يراه أحد من خلقه. الله تعالى أخبر عن نفسه أنه {ليس كمثله شيء وهو السميع البصير} فنفى عن نفسه أن تدركه الأبصار لأنه لو أدركته لكان قد ساواها، لأن كل مدرك محاط به محدود موصوف عز وجل عما انتحله المبطلون. قال الله عز وجل: {لا تدركه الابصار} فأخبر أنه لا تناله الأبصار.","","","","Ibadi","","","","","V01P228"
"rabi_0858","858","al-Jami al-Sahih (Musnad al-Rabi ibn Habib)","Ibadi","1","18","858","عن ابن عباس رضي الله عنه في النظر أيضا","عن ابن عباس رضي الله عنه في النظر أيضا","","قال جابر: سئل ابن عباس عن الله: هل يخلو منه مكان؟ قال: قال الله تعالى: {ما يكون من نجوى ثلاثة الا هو رابعهم ولا خمسة الا هو سادسهم ولآ أدنى من ذالك ولآ أكثر إلا هو معهم, أين ما كانوا}، فأخبر عز وجل أنه لا يخلو منه مكان وأنه شاهد لكل مكان، حاضر بكل مكان على الإحاطة والتدبير: {لا يعزب عنه مثقال ذرة في السماوات ولا في الارض}، وقال: {ونحن أقرب إليه من حبل الوريد}، وقال: {وهو الله في السماوات وفي الارض يعلم سركم وجهركم ويعلم ما تكسبون}، وقال لموسى وهارون: {إنني معكمآ أسمع وأرى}، وقال: {يستخفون من الناس ولا يستخفون من الله وهو معهم, إذ يبيتون ما لا يرضى من القول}، وقال: {ولا يحيطون به علما}، وقال: {ولم يكن له كفؤا احد}، وقال: {هل تعلم له سميا}، وقال: {على العرش استوى}، وقال: {اليه يصعد الكلم الطيب والعمل الصالح يرفعه ... }، وقال: {أم امنتم من في السمآء ... }، وقال: {يدبر الامر من السماء الى الارض}. ونحو ذلك من القرآن، فأخبر عنه أنه تعالى لا يخلو منه مكان في السماوات العلى والأرضين السفلى، ولا يجوز أن يأخذوا ببعض القرآن دون بعض، لأنه يصدق بعضه بعضا، وهو على العرش استوى، وهو على كل شيء شهيد، وهو بكل شيء محيط، بلا تكييف ولا تحديد، ولا تمثيل ولا تشبيه ولا توهيم.","","","","Ibadi","","","","","V01P229"
"rabi_0859","859","al-Jami al-Sahih (Musnad al-Rabi ibn Habib)","Ibadi","1","19","859","في النظر في اللغة","في النظر في اللغة","","قال الربيع: ومصداق ما روينا عن أصحاب النبيء صلى الله عليه وسلم والتابعين بإحسان من أن النظر هو الانتظار، قول الله عز وجل: {ما ينظرون إلا صيحة واحدة تاخذهم وهم يخصمون}، يعني: ما ينتظرون، وليس بمعنى النظر بالأبصار. وقال: {ما ينظر هؤلاء الا صيحة واحدة ما لها من فواق}، وقال: {هل ينظرون إلآ أن تاتيهم الملائكة ... } ونحوه من القرآن. ومصداق ذلك في اللغة قول القائل: إنما أنظر إلى الله ثم إليك، يعني أنه ينتظر ما يأتيه من قبله. وأما الرؤية فقد تكون بغير البصر، قال الله عز وجل: {ألم تر إلى ربك كيف مد الظل}، وقال: {ألم تر إلى الذي حآج إبراهيم في ربه ... }، وقال: {ألم تر إلى الذين خرجوا من ديارهم ... } وقوله: {أولم ير الانسان أنا خلقناه من نطفة ... } وقال: {ولقد كنتم تمنون الموت من قبل أن تلقوه، فقد رأيتموه وأنتم تنظرون}. وإنما يعني بهذا كله وأشباهه العلم واليقين، ولا يريد رؤية الأبصار. ومصداق ذلك في لغة العرب: يقول القائل: لقد رأيت لفلان عملا وورعا وفهما وعلما، ورأيت له أدبا ومعرفة، وهذه الأشياء لا تعاين بالأبصار، ولكنها تعرف وتعلم بما ظهر من أعلامها الدالة عليها. وإذا رأيت رجلا عالما فيما يأتي وما يذر، حكيما في أمره، مصيبا في فعله، قلت: رأيت لفلان عقلا ومعرفة، وإحكاما؛ وإن كان كافا عن المحارم قلت: رأيت له ورعا وأدبا صالحا. قال الكميت بن زيد: رأيت الله إذ أثرى نزارا ... ... وأسكنهم بمكة قاطنينا أي مقيمين، وقال أيضا: رأيت الله أهلك قوم عاد ... ... ثمود وقوم نوح أجمعينا وحدثنا أبو قبيصة عن عمير بن إسماعيل عن أبي سنان عن الضحاك عن علي وابن عباس في قوله تعالى: {كلآ إنهم عن ربهم يومئذ لمحجوبون} فلم يزل يحجبهم عن رحمته ونواله، ولا ينظر إليهم برحمته. وعن عمير عن سفيان الثوري عن ليث عن مجاهد مثله.","","","","Ibadi","","","","","V01P231"
"rabi_0860","860","al-Jami al-Sahih (Musnad al-Rabi ibn Habib)","Ibadi","1","20","860","في قوله تعالى: {للذين أحسنوا الحسنى وزيادة}","في قوله تعالى: {للذين أحسنوا الحسنى وزيادة}","","قال جابر بن زيد: سئل ابن عباس عن قوله تعالى: {للذين أحسنوا الحسنى وزيادة} قال: غرفة من لؤلؤة، واحدة لها أربعة أبواب.","","","","Ibadi","","","","","V01P231"
"rabi_0861","861","al-Jami al-Sahih (Musnad al-Rabi ibn Habib)","Ibadi","1","20","861","في قوله تعالى: {للذين أحسنوا الحسنى وزيادة}","في قوله تعالى: {للذين أحسنوا الحسنى وزيادة}","","قال: وحدثني موسى بن جبير عن عبد المجيد والفضيل بن عياض عن منصور بن المعتمر عن الحكم بن عيينة عن علي بن أبي طالب مثل قول ابن عباس.","","","","Ibadi","","","","","V01P231"
"rabi_0862","862","al-Jami al-Sahih (Musnad al-Rabi ibn Habib)","Ibadi","1","20","862","في قوله تعالى: {للذين أحسنوا الحسنى وزيادة}","في قوله تعالى: {للذين أحسنوا الحسنى وزيادة}","","قال الربيع: روى أبو عبيدة عن جابر بن زيد عن ابن عباس قال: قال رسول الله صلى الله عليه وسلم: «إن أهل الجنة لا يزالون متعجبين مما هم فيه حتى يفتح الله لهم المزيد، فإذا فتح لهم كان لا يأتيهم منه شيء إلا وهو أفضل مما في جنتهم». قال الله عز وجل: {ولدينا مزيد}. قال جابر: قال ابن عباس والحسن البصري: الحسنى بالحسنة ، والزيادة بالتسع. قال الله عز وجل: {من جآء بالحسنة فله خير منها}، {من جآء بالحسنة فله عشر أمثالها}. وقال مجاهد مثلها: الحسنى والزيادة قال: مغفرة ورضوان. وقال الشعبي: الزيادة دخول الجنة. وقال محمد بن كعب: الزيادة التي يزيدهم الله من الكرامة والثواب. وقال عبد الرحمن ابن أبي ليلى: {أحسنوا ... } أي وحدوا الله، و {الحسنى} هي الجنة، والزيادة: ما يزيدهم الله من فضله ورحمته. وقال أبو حازم المدني: الزيادة: نعم الله التي أنعم بها عليهم، أعطاهم إياها، لم يحاسبهم بها، ولم يصنع بهم مثل ما صنع بالآخرين، أغمرهم بالنعم .","","","","Ibadi","","","","","V01P232"
"rabi_0863","863","al-Jami al-Sahih (Musnad al-Rabi ibn Habib)","Ibadi","1","21","863","قوله عز وجل: {وما قدروا الله حق قدره}","قوله عز وجل: {وما قدروا الله حق قدره}","","قال جابر بن زيد: سئل ابن عباس عن قوله عز وجل: {وما قدروا الله حق قدره والارض جميعا قبضته يوم القيامة ... } الآية، فقال: كانت اليهود - أعداء الله - أتوا النبيء صلى الله عليه وسلم فقالوا: يا محمد، صف لنا ربك، فارتعد النبيء صلى الله عليه وسلم وقال: «كيف أستطيع أن أصف ربي الذي خلق السماوات والأرض»؟! فقالوا: لو كنت نبيئا لوصفته، ثم قالوا: هل هو كذا وكذا؟ فأنزل الله تكذيبا لقولهم: {وما قدروا الله حق قدره}: أي وما عظموا الله حق عظمته. {والارض جميعا قبضته ... }: أي في قدرته. {والسماوات مطويات بيمينه}: أي في ملكه، كيف يستطيع أن يصفني هؤلاء الفسقة ولم يروا سماواتي، ولا أرضي، ثم نزه نفسه فقال: {سبحانه وتعالى عما يشركون} لأن الصفة التي كانت منهم شرك. قال ابن عباس: فمن زعم أن لله خنصرا أو بنصرا فقد أشرك، لأن الله ليس كمثله شيء؛ ولو كان كما قالت اليهود لما قال: {سبحانه وتعالى عما يشركون} ولكنهم وصفوه بغير صفته، فنزه نفسه عما يقولون. وقالوا: إن قول الله: {وما قدروا الله حق قدره} أي وما عظموا الله حق عظمته إذ قالوا: إن الأرض جميعا قبضته، وعنوا الأصابع، {وما قدروا الله حق قدره} إذ قالوا: والسماوات مطويات بيمينه على ما ذكروا على التحديد والتشبيه. قال الله: {سبحانه} فنزه نفسه عما يقولون ويشركون.","","","","Ibadi","","","","","V01P233"
"rabi_0864","864","al-Jami al-Sahih (Musnad al-Rabi ibn Habib)","Ibadi","1","22","864","في القبضة","في القبضة","","شرك ابن عباس من ذهب إلى أن القبضة غير الملك لقوله: {سبحانه وتعالى عما يشركون}. وقد قال: {والله يقبض ويبسط} يعني: يعطي ويمنع، وقال في آية الظل: {ثم قبضناه إلينا قبضا يسيرا}. وقالت العرب: قبض الله فلانا إليه، أي أماته، ويقولون: قبض فلان داره وأرضه، يعنون بذلك: حازهما ومنعهما. ويقولون: ما فلان إلا في قبضتي من جهة القدرة عليه. ويقولون: الخلق متقلبون في قبضة الله.","","","","Ibadi","","","","","V01P233"
"rabi_0865","865","al-Jami al-Sahih (Musnad al-Rabi ibn Habib)","Ibadi","1","23","865","في اليد","في اليد","","وقوله: يد الله والنواصي بيده، يعنون بذلك: ملكه وقدرته، ولا يعنون بذلك ما عنت اليهود، لأن قول اليهود شرك على معناهم، وقول المسلمين صدق على معناهم مخالف لمعنى اليهود، إنما يعنون الملك والقدرة، وعنت اليهود التشبيه والتحديد، وهو كقول الله: {تبارك الذي بيده الملك} أي له لا لغيره، ولا يعني قابض عليه كما يجعل الرجل الشيء في يده. ومصداق ذلك قول العرب: نحن تحت يد فلان، وأمرنا بيد فلان، وأمرنا بيد الله، وحوائجنا بيد الله. وقال الله: { ... أو يعفو الذي بيده عقدة النكاح}، وإنما يريد بهذا كله في القرآن واللغة الملك والقدرة.","","","","Ibadi","","","","","V01P234"
"rabi_0866","866","al-Jami al-Sahih (Musnad al-Rabi ibn Habib)","Ibadi","1","24","866","في قوله تعالى: {لأخذنا منه باليمين}","في قوله تعالى: {لأخذنا منه باليمين}","","قال ابن عباس: {باليمين} أي بالقدرة. وقال الحكم بن عيينة: أي بالحق، {ثم لقطعنا منه الوتين} نياط القلب. وقال الضحاك: {باليمين} أي بالقدرة. وقال الكلبي مثله، وقال الحسن مثل ذلك.","","","","Ibadi","","","","","V01P234"
"rabi_0867","867","al-Jami al-Sahih (Musnad al-Rabi ibn Habib)","Ibadi","1","25","867","في اليد أيضا","في اليد أيضا","","قال جابر بن زيد: سئل ابن عباس رضي الله عنه عن قوله عز وجل: {وقالت اليهود يد الله مغلولة} فقال: قالت اليهود: رزقه محبوس. قال الحسن: قد حبس الله رزقه . قال الله: {بل يداه مبسوطتان} أي بل رزقه مبسوط على جميع خلقه، {ينفق كيف يشآء} يعني: يعطي أقواما ويمنع آخرين، وهو قوله: {يبسط الرزق لمن يشاء ويقدر}، كقوله لنبيه عليه السلام: {ولا تجعل يدك مغلولة الى عنقك ولا تبسطها كل البسط} فنهى عن التقتير والتبذير. وقال الضحاك: {بل يداه مبسوطتان} أي بل نعمتاه مبسوطتان {ينفق كيف يشآء}.","","","","Ibadi","","","","","V01P235"
"rabi_0868","868","al-Jami al-Sahih (Musnad al-Rabi ibn Habib)","Ibadi","1","26","868","في قوله: {الله نور السماوات والأرض}","في قوله: {الله نور السماوات والأرض}","","قال جابر بن زيد: سئل ابن عباس رضي الله عنه عن قول الله: {الله نور السماوات والأرض} قال ابن عباس والحسن وقتادة وعمرو بن محمد وأبو مسلم المكي ومجاهد: الله عدل السماوات والأرض، وهو هادي من في السماوات والأرض، كقوله: {مثل نوره ... } وليس له مثل، إنما يعني: مثل عدله. وأما قوله: { ... إلآ أن ياتيهم الله في ظلل من الغمام والملآئكة ... } فإن الكلبي روى عن أبي صالح قال: يأتيهم بأمره وقضائه فيفصل بينهم؛ وهو قول الحسن ومجاهد، وكذلك قوله: {وجآء ربك ... } يعني بأمره وقضائه. قال ابن عباس والحسن وأبو صالح وعمرو : ومعنى {جآء ربك}: أي وجاء أمر ربك، أي قضاؤه، وقال الله عز وجل: {ولقد جئناهم بكتاب ... } يعني جاءتهم الرسل، والدليل على ذلك قول الله عز وجل في الآية الأخرى: {هل ينظرون إلآ أن تاتيهم الملآئكة أو ياتي أمر ربك}. وسئل هشيم عن ذلك فقال: كانوا يقولون: {جآء امر ربك} أي قضاؤه. وقال تعالى: {أولم يروا انا ناتي الارض ننقصها من اطرافها}. وقال: {فأتى الله بنيانهم من القواعد}، وقال: {فأتاهم الله من حيث لم يحتسبوا}","","","","Ibadi","","","","","V01P236"
"rabi_0869","869","al-Jami al-Sahih (Musnad al-Rabi ibn Habib)","Ibadi","1","27","869","في قوله تعالى: {رب أرني أنظر اليك}","في قوله تعالى: {رب أرني أنظر اليك}","","قال جابر: سئل ابن عباس رضي الله عنه عن قول الله: {رب أرني أنظر اليك} فقال: ذلك على وجه الاعتذار لقومه ليريهم الله آية من آياته فيئسوا من رؤية الله.","","","","Ibadi","","","","","V01P236"
"rabi_0870","870","al-Jami al-Sahih (Musnad al-Rabi ibn Habib)","Ibadi","1","27","870","في قوله تعالى: {رب أرني أنظر اليك}","في قوله تعالى: {رب أرني أنظر اليك}","","عمير بن إسماعيل عن إبراهيم قال: حدثنا أبو صالح عن ابن عباس عن جويبر عن الضحاك في قوله تعالى {سبحانك تبت إليك} أي من مسألتي أني أنظر إليك {وأنا أول المومنين} المصدقين أنك لا يراك أحد، وقال مجاهد مثل ذلك، وقال الحسن: لن تراني ولا ينبغي لبشر أن يراني. لن يراه أحد في الدنيا ولا في الآخرة، وأما قوله: {فلما تجلى ربه للجبل} أي فلما تجلى ببعض آياته فلم يحتملها الجبل حتى صار دكا وخر موسى صعقا {فلمآ أفاق قال سبحانك تبت إليك}: من مسألتي، {وأنآ أول المومنين}. فلا ينبغي لبشر أن يراه . وقال مجاهد: فلما تجلى أمره للجبل فجعله دكا. وقال ابن عباس: أول المؤمنين بأنك لا ترى في الدنيا ولا في الآخرة.","","","","Ibadi","","","","","V01P237"
"rabi_0871","871","al-Jami al-Sahih (Musnad al-Rabi ibn Habib)","Ibadi","1","28","871","في قوله تعالى: {الرحمن على العرش استوى}","في قوله تعالى: {الرحمن على العرش استوى}","","قال جابر: سئل ابن عباس عن قوله تعالى {الرحمن على العرش استوى} فقال: ارتفع ذكره وثناؤه على خلقه، لا على ما قال المنددون إن له أشباها وأندادا تعالى الله عن ذلك.","","","","Ibadi","","","","","V01P237"
"rabi_0872","872","al-Jami al-Sahih (Musnad al-Rabi ibn Habib)","Ibadi","1","28","872","في قوله تعالى: {الرحمن على العرش استوى}","في قوله تعالى: {الرحمن على العرش استوى}","","قال: وحدثنا إسماعيل بن إبراهيم قال: حدثنا ليث بن أبي سليم عن مجاهد عن عبد الله بن عمر أنه سئل عن الصخرة التي كانت في بيت المقدس، فقال له: إن ناسا يقولون - فذكر قولهم {سبحانه وتعالى عما يقولون علوا كبيرا} فارتعد ابن عمر فرقا وشفقا حين وصفوه بالحدود والانتقال فقال ابن عمر: إن الله أعظم وأجل أن يوصف بصفات المخلوقين، هذا كلام اليهود أعداء الله، إنما يقول: {الرحمن على العرش استوى} أي: استوى أمره وقدرته فوق بريته. قال ليث: قال محمد بن الحنفية: قاتل الله أهل الشام ما أكفرهم، أو قال: ما أضلهم، يقولون: وضع الله قدمه على صخرة بيت المقدس، وقد وضع عبد من عباده - يعني إبراهيم عليه السلام - قدمه على حجر فجعله قبلة للناس تكذيبا لقولهم وردا لباطلهم. وقال الحسن: ارتفع ذكره وثناؤه وجده على خلقه، ولا يوصف الله تبارك وتعالى بزوال من مكان إلى مكان. قال: وسئل هشيم عن ذلك وقال: كان أصحابنا يقولون: قهر العرش. وقال الحسن في قوله: {ثم استوى إلى السمآء وهي دخان} أي استوى أمره وقدرته إلى السماء. وقوله: {ثم استوى على العرش} يعني استوى أمره وقدرته ولطفه فوق خلقه، ولا يوصف الله بصفات الخلق، ولا يقع عليه الوصف كما يقع على الخلق. وكان عبد الله بن مسعود وعائشة وابن عمر وابن الحنفية وعروة بن الزبير ينكرون ما يقول أهل الشام في الصخرة، وينهون عنه ويشددون فيه.","","","","Ibadi","","","","","V01P238"
"rabi_0873","873","al-Jami al-Sahih (Musnad al-Rabi ibn Habib)","Ibadi","1","29","873","ما قيل في الوجه","ما قيل في الوجه","","قال جابر: سئل ابن عباس عن قوله تعالى: {ويبقى وجه ربك ذو الجلال والاكرام} قال ابن عباس: يعني كل شيء يفني ويبقى الله الضحاك ومجاهد وأنس بن مالك.","","","","Ibadi","","","","","V01P239"
"rabi_0874","874","al-Jami al-Sahih (Musnad al-Rabi ibn Habib)","Ibadi","1","30","874","ما قيل في العين","ما قيل في العين","","وأما قوله تعالى: {ولتصنع على عيني} قال ابن عباس: ولتربى بأمري. قال الحسن: ولتربى بعلمي. وقال مجاهد والضحاك: بعلمي. وكذلك قوله: {تجري بأعيننا} يعني بعلمنا وحفظنا، فحفظ سفينة نوح عليه السلام من الطوفان وحفظ موسى عليه السلام من فرعون وقومه حتى بلغ الله به أن جعله رسولا مكلما، فتلك الخاصة التي اختص الله بها موسى عليه السلام. ولو كان قوله: {ولتصنع على عيني} على ما قال الجاهلون من أنه يراه بعينه لما كان لموسى عليه السلام فضيلة لأنه يرى فرعون كما يرى موسى، ولكنه أراد أن تصنع بحفظي وكلاءتي وحرزي حتى يبلغ عن الله ما أراد من رسالاته وأمره.","","","","Ibadi","","","","","V01P239"
"rabi_0875","875","al-Jami al-Sahih (Musnad al-Rabi ibn Habib)","Ibadi","1","31","875","ما قيل في النفس","ما قيل في النفس","","وأما قوله: {تعلم ما في نفسي ولآ أعلم ما في نفسك} تعلم ما في علمي ولا أعلم ما في علمك. وجاء عنه من وجه آخر: تعلم ما في غيبي ولا أعلم ما في غيبك {إنك أنت علام الغيوب}.","","","","Ibadi","","","","","V01P240"
"rabi_0876","876","al-Jami al-Sahih (Musnad al-Rabi ibn Habib)","Ibadi","1","32","876","ما قيل في اليد","ما قيل في اليد","","وأما قوله تعالى: {يد الله فوق أيديهم} قال ابن عباس: {يد الله فوق أيديهم}: كانت للقوم عند الله بيعة حسنة وكانت اليد من الله الجزاء والثناء أفضل من التي كانت لهم عند الله. وقال الحسن: يد الله النعمة عليهم أن هداهم للإيمان أفضل من قبولهم. قال ابن عباس: {ما منعك أن تسجد لما خلقت بيدي} أي بقدرتي وصنعي. قال: علي بن أبي طالب: لما خلقت أنا. وكذلك {مما عملت ايدينآ أنعاما} يقول: مما عملنا. وقال الضحاك مثل ذلك. وقال الحسن: بأمري، كقوله: {إنما قولنا لشيء اذآ أردناه أن نقول له كن فيكون} وكقوله: {إن مثل عيسى عند الله كمثل ءادم خلقه من تراب ثم قال له كن فيكون}.","","","","Ibadi","","","","","V01P240"
"rabi_0877","877","al-Jami al-Sahih (Musnad al-Rabi ibn Habib)","Ibadi","1","33","877","في الصمد","في الصمد","","وأما قوله: {الصمد} فإن أبي بن كعب قال: الصمد الذي {لم يلد ولم يولد ولم يكن له كفؤا احد} ليس له عدل ولا مثل، ليس كمثله شيء. وسئل ابن مسعود عن الصمد فقال: المصمود إليه في الحوائج. وقال الحسن: صمد هو العباد يصمدون إليه في حوائجهم ودعائهم ومسألتهم. وقال سعيد بن جبير: المصمود إليه في الحوائج. وقال سعيد: ما وحد الله من زعم أنه لا جوف له. هو أعظم من أن تقع الأوهام على صفته أو تدرك العقول كنه عظمته، ولكن الصمد السيد. وقال عكرمة: الصمد القاهر فوق عباده.","","","","Ibadi","","","","","V01P241"
"rabi_0878","878","al-Jami al-Sahih (Musnad al-Rabi ibn Habib)","Ibadi","1","34","878","في قوله تعالى: {يوم يكشف عن ساق}","في قوله تعالى: {يوم يكشف عن ساق}","","قال عباد بن العوام: روي عن عاصم بن كليب أنه قال: رأيت ابن عباس غضب غضبا شديدا لم أر غضب مثله قط فقال: إنكم لتقولون قولا عظيما يعني التشبيه الذي ذكروا، وإنما يعني يكشف عن الأمر الشديد. وقال سعيد في حديث عاصم بن كليب: لو علمت من قال هذا التشبيه لفعلت به وفعلت، وقال علي بن عاصم: هو الحق، فأعجبه قول سعيد وأنكر رواية الآخرين. وقال ابن عباس عن الأمر الشديد، أما سمعت قول الأول: قامت الحرب على ساق، أي على شدة؟. وقال عكرمة: ألا ترى أن الحرب إذا اشتدت قالوا: قامت الحرب على ساق؟. قال الشاعر: قومي بنو قيس إذا شمرت ... ... حرب وأبدت ساقها لقحت وقال الحسن وعكرمة يكشف عن الأمر الشديد. قال: وأخبرنا عمير عن محمد بن يعلى عن جويبر عن الضحاك عن ابن مسعود، وعن ليث عن طاوس عن عبد الله بن عمرو بن العاص أنهما قالا: يوشك أن يكون شيطان كان لسليمان بن داود عليه السلام أوثقه في البحر أن يظهر للناس فيحدثهم ويعلمهم التشبيه ، يزينون أحاديثهم بأحاديث أهل الكتاب في صفتهم ربهم. وقال ابن مسعود: لا تسألوا أهل الكتاب عن شيء، فلن يهدوكم وقد ضلوا، إنما هو كذب يصدقونه، أو صدق يكذبونه.","","","","Ibadi","","","","","V01P242"
"rabi_0879","879","al-Jami al-Sahih (Musnad al-Rabi ibn Habib)","Ibadi","1","35","879","صخرة بيت المقدس","صخرة بيت المقدس","","قال: مر ابن مسعود بشيخ يحدث عن التوراة، فلما رأى ابن مسعود سكت، فقال: وبم يحدثكم صاحبكم فقالوا: ذكر أن الله لما خلق السماوات والأرض صعد إلى السماء من بيت المقدس ووضع رجله على صخرة بيت المقدس، فاسترجع ابن مسعود رضي الله عنه ثم قال: اللهم لا كفر بعد إيمان، يقولها مرارا، ثم قال: {ودوا لو تكفرون كما كفروا فتكونون سوآء} ما أظنه إلا إبليس تمثل في صورته، ثم قال: فهلا أنكرتم عليه وقلتم كما قال العبد الصالح إبراهيم عليه السلام: {لآ أحب الافلين} يقول: الزائل المنتقل. فاتهموا اليهود على دينكم. وقال: يأتي على الناس زمان يصلون فيه ويصومون ويحجون ولو رميت فيهم بسهمك لم تصب إلا كافرا أو منافقا، لأن الشرك أخفى من دبيب النمل على الصخرة السوداء في الليلة الظلماء، وذلك من إنكارهم ربهم بقلوبهم حيث وصفوه بالحدود والزوال.","","","","Ibadi","","","","","V01P242"
"rabi_0880","880","al-Jami al-Sahih (Musnad al-Rabi ibn Habib)","Ibadi","1","35","880","صخرة بيت المقدس","صخرة بيت المقدس","","قال الربيع بن حبيب: بلغني عن ابن مسعود والضحاك بن مزاحم أنهما قالا: {استوى على العرش} أي استوى عليه وعلى الأشياء كلها فخضعت ودانت ، وقد تقول العرب: استوت لفلان دنياه، أي أتته دنياه على ما يريد، واستوى بشر على العراق والحجاز، واستوى فلان على مال فلان يريدون أنه احتوى عليه وحازه ونحو ذلك. تنبيه فإن سأل المسترشد عن تفسير الآيات المتشابهات والدلالة على معانيها من قول الله عز وجل: {الرحمن على العرش استوى} وقوله: {وجآء ربك والملك صفا صفا}، وقوله: {بل يداه مبسوطتان}، وقوله: {لما خلقت بيدي} وما أشبه ذلك من كتاب الله الذي فسرناه فيما مضى من كتابنا بالرواية عن رسول الله صلى الله عليه وسلم والصحابة والتابعين بإحسان، فقال السائل: ما الدليل على صدق تفسيركم وإلا فليس للمخاطبة عندنا معنى في الاستواء واليد والعين وما أشبه ذلك ولا يجوز أن يكون إلا على ما نعقل؟. قيل للسائل: إن جميع ما سألت عنه متشابه لا يدرك علمه بظاهره ولا بنصه، لأن النص واحد والمعاني متباينة، فلا بد من كشف معانيها، وإيضاح سبلها، وقد قال رسول الله صلى الله عليه وسلم: «ما من كلمة إلا ولها وجهان، فاحملوا الكلام على أحسن وجوهه» وقيل: لن يتفقه الرجل حتى يرى للقرآن وجوها. وقال الحسن: تعلم العربية وحسن العبارة. وقال: ليس من كلمة إلا ولها وجه وقفا وظهر وبطن، وإنما معنى ذلك عندنا الكلام المتشابه الذي يتفق لفظه ويختلف معناه. فجوابنا في ذلك وبالله التوفيق والعصمة في قوله تعالى: {الرحمن على العرش استوى} ما قال عبد الله بن العباس وابن عمر والحسن ومجاهد: إنه ارتفع ذكره وثناؤه ومجده وعظمته تعالى عما قال المندد إن له أندادا وأشباها تعالى الله عن ذلك. وإن ابن عمر في حديث الصخرة ارتعد فرقا وشفقا حين وصف الله بالزوال والانتقال، وقال: هذا كلام اليهود أعداء الله، وقد وصفنا أباطيلهم فيما مضى من كتابنا. وجميع ما قالوا موجود في لغة العرب؛ يقال: استوى فلان على العراق أي استولى أمره وملكه، ويقال: استوى فلان على مال فلان أي احتوى عليه، ويقال: استولى فلان على سريره ومجلسه، ويقال لمن كان مائلا فاعتدل: قد استوى، يريدون انتصابه بعد ميله واعتداله بعد عوجه. ويقال: استوى فلان وفلان أي اتفقا في الصفة والنعت. فلما كانت الكلمة محتملة المعاني، وقد قال رسول الله صلى الله عليه وسلم: «احملوا الكلام على أحسن وجوهه»، قلنا: لا يخلو قوله: {على العرش استوى} من أحد معنيين: إما ما قال ابن عباس وابن عمر والحسن ومجاهد من علو الذكر واستواء المجد والقهر، أو يكون على ما قالت اليهود المشبهة لله بأوصاف خلقه استوى على العرش ووضع إحدى فخذيه على الأخرى واستراح، فكذبهم الله بقوله: {وما مسنا من لغوب}، وبقوله: {ليس كمثله شيء}، وما أشبه ذلك من كتاب الله عز وجل، فألزموه الوهن والعجز والتعب والنصب، قاتلهم الله أنى يؤفكون، لو جاز قوله: {على العرش استوى} على ما قال المشبهة إن ذلك على ما نعقل من استواء الرجل على سريره ومجلسه لجاز أن يكون قوله: {ثم استوى إلى السمآء} يعني بالاستواء الميل والعوج ، وفي ذلك ما يوجب عليه الميلان والاعوجاج، تعالى الله عن ذلك وتقدس. فإذا بطلت هذه الصفة وهذا التأويل لما فيه من النقص ثبت ما قال ابن مسعود وابن عمر، وبطل ما قالت اليهود المشبهة. ووجه آخر: لو جاز أن يكون الاستواء على ما تعقل المشبهة من أنفسها لوجبت المماسة والحدود والنهاية، وفي هذه الصفة إبطال قوله: {ليس كمثله شيء}، ولو جاز أن يكون الاستواء على ما تعقل المشبهة على أنفسها لجاز أن يكون قوله: {ما يكون من نجوى ثلاثة الا هو رابعهم ولا خمسة الا هو سادسهم ولآ أدنى من ذالك ولآ أكثر إلا هو معهم} إنما يعني به فيما زعمت المشبهة على ما تعقل من كون الرجل مع الرجل، وفي ذلك يثبت التحديد والنهاية والانتقال، وهذه صفة الخلق تعالى الله عن هذه الصفة، ولكنه على العرش، ومعهم أينما كانوا في وقت واحد بلا كيف ولا تحديد ولا وصف كما شاء على خلاف ما تعقل من أنفسها لكنه معهم بالتدبير والإحاطة والعلم، لا يمثل ولا يتوهم، تعالى الله على ما يتوهم الجاهلون. ولو جاز لقائل يقول: وهو معكم أينما كنتم أن علمه معنا أينما كنا وليس في ذلك نص الآية لجاز لمن خالفهم ، إنما يعني بقوله: {استوى على العرش} أن علمه مستو على العرش وإن لم يكن في نص الآية، فلما لم يجز لقائل أن يقول ذلك ولم يتأوله لم يجز للمشبهة تأويلها. ومن أين جاز له أن يتأول قوله: {استوى على العرش} على ما يعقل ولم يجز أن يتأول قوله: {وهو معهم} على ما يعقل ؟.","","","","Ibadi","","","","","V01P246"
"rabi_0882","882","al-Jami al-Sahih (Musnad al-Rabi ibn Habib)","Ibadi","1","37","882","في قوله تعالى: {وقدمنآ إلى ما عملوا من عمل فجعلناه هبآء","في قوله تعالى: {وقدمنآ إلى ما عملوا من عمل فجعلناه هبآء","","فإنما يقول: وعمدنا إلى ما عملوا من عمل، وكذلك ذكر مجاهد والحسن فلا يجوز أن يكون ذلك على الزوال، فإنه لو جاز أن يتوهم قدومه على ما يتوهم من قدوم الرجل إلى مكان لم يكن فيه وجب أن يكون القدوم بالسعي والمشي والركوب تعالى الله عن ذلك علوا كبيرا. ولو جاز أن يكون النزول في المائدة على الانتقال والزوال لجاز أن يكون قوله: {وأنزل لكم من الانعام ثمانية أزواج} إنما هو على الزوال والانتقال.","","","","Ibadi","","","","","V01P248"
"rabi_0883","883","al-Jami al-Sahih (Musnad al-Rabi ibn Habib)","Ibadi","1","37","883","في قوله تعالى: {وقدمنآ إلى ما عملوا من عمل فجعلناه هبآء","في قوله تعالى: {وقدمنآ إلى ما عملوا من عمل فجعلناه هبآء","","أبو سفيان عن الربيع بن حبيب عن عبد الرحمن بن حرملة عن سعيد بن المسيب قال: قال رسول الله صلى الله عليه وسلم: «لا يخرج من المسجد بعد النداء يوم الجمعة إلا منافق، إلا رجل أخرجته حاجة وهو يريد أن يرجع فيصلي».","","","","Ibadi","","","","","V01P253"
"rabi_0884","884","al-Jami al-Sahih (Musnad al-Rabi ibn Habib)","Ibadi","1","37","884","في قوله تعالى: {وقدمنآ إلى ما عملوا من عمل فجعلناه هبآء","في قوله تعالى: {وقدمنآ إلى ما عملوا من عمل فجعلناه هبآء","","قال رسول الله صلى الله عليه وسلم: «سيد الأيام يوم الجمعة وهو الشاهد، والمشهود يوم عرفة».","","","","Ibadi","","","","","V01P253"
"rabi_0885","885","al-Jami al-Sahih (Musnad al-Rabi ibn Habib)","Ibadi","1","37","885","في قوله تعالى: {وقدمنآ إلى ما عملوا من عمل فجعلناه هبآء","في قوله تعالى: {وقدمنآ إلى ما عملوا من عمل فجعلناه هبآء","","الربيع عن محمد بن عمير العبدي عن أبي هريرة قال: قال رسول الله صلى الله عليه وسلم: «ألا إن التواضع للعبد لا يزيد إلا رفعة، فتواضعوا يرفعكم الله، وإن العفو لا يزيد العبد إلا عزا فاعفوا يعزكم الله، وإن الصدقة لا تزيد المال إلا كثرة فتصدقوا يرحمكم الله».","","","","Ibadi","","","","","V01P253"
"rabi_0886","886","al-Jami al-Sahih (Musnad al-Rabi ibn Habib)","Ibadi","1","37","886","في قوله تعالى: {وقدمنآ إلى ما عملوا من عمل فجعلناه هبآء","في قوله تعالى: {وقدمنآ إلى ما عملوا من عمل فجعلناه هبآء","","الربيع عن عامر بن وائل عن ربيعة بن مسعود قال: عدلت شهادة الزور بالشرك، ثم قرأ: {فاجتنبوا الرجس من الاوثان واجتنبوا قول الزور}.","","","","Ibadi","","","","","V01P253"
"rabi_0887","887","al-Jami al-Sahih (Musnad al-Rabi ibn Habib)","Ibadi","1","37","887","في قوله تعالى: {وقدمنآ إلى ما عملوا من عمل فجعلناه هبآء","في قوله تعالى: {وقدمنآ إلى ما عملوا من عمل فجعلناه هبآء","","الربيع عن الأعمش عن سالم بن صفوان عن حويشة بن الحر عن أبي ذر قال: قال رسول الله صلى الله عليه وسلم: «ثلاثة لا يكلمهم الله يوم القيامة ولا يزكيهم ولهم عذاب أليم: المنفق سلعته بالحلف الفاجر، والمسبل إزاره، والمنان الذي لا يعطي شيئا إلا من».","","","","Ibadi","","","","","V01P255"
"rabi_0888","888","al-Jami al-Sahih (Musnad al-Rabi ibn Habib)","Ibadi","1","37","888","في قوله تعالى: {وقدمنآ إلى ما عملوا من عمل فجعلناه هبآء","في قوله تعالى: {وقدمنآ إلى ما عملوا من عمل فجعلناه هبآء","","الربيع عن مجاهد قال: خصلتان من حفظهما حفظ الله له صومه: النميمة والكذب.","","","","Ibadi","","","","","V01P255"
"rabi_0889","889","al-Jami al-Sahih (Musnad al-Rabi ibn Habib)","Ibadi","1","37","889","في قوله تعالى: {وقدمنآ إلى ما عملوا من عمل فجعلناه هبآء","في قوله تعالى: {وقدمنآ إلى ما عملوا من عمل فجعلناه هبآء","","الربيع عن ابن مسعود : إن الغم والحزن من الشك، والروح والفرح من اليقين والرجاء.","","","","Ibadi","","","","","V01P255"
"rabi_0890","890","al-Jami al-Sahih (Musnad al-Rabi ibn Habib)","Ibadi","1","37","890","في قوله تعالى: {وقدمنآ إلى ما عملوا من عمل فجعلناه هبآء","في قوله تعالى: {وقدمنآ إلى ما عملوا من عمل فجعلناه هبآء","","الربيع عن أبي هريرة قال: جاءت فاطمة إلى رسول الله صلى الله عليه وسلم فقال لها: «يا بنيتي، اعملي لنفسك فإني لا أغني عنك من الله شيئا».","","","","Ibadi","","","","","V01P255"
"rabi_0891","891","al-Jami al-Sahih (Musnad al-Rabi ibn Habib)","Ibadi","1","37","891","في قوله تعالى: {وقدمنآ إلى ما عملوا من عمل فجعلناه هبآء","في قوله تعالى: {وقدمنآ إلى ما عملوا من عمل فجعلناه هبآء","","الربيع بن حبيب: أن أبا محمد قال لابن عمر: إني أقيم بالمدينة ثمانية أشهر أو تسعة أشهر، كيف أصلي؟ فقال: صل ركعتين إلا أن تصلي في جماعة المقيمين.","","","","Ibadi","","","","","V01P255"
"rabi_0892","892","al-Jami al-Sahih (Musnad al-Rabi ibn Habib)","Ibadi","1","37","892","في قوله تعالى: {وقدمنآ إلى ما عملوا من عمل فجعلناه هبآء","في قوله تعالى: {وقدمنآ إلى ما عملوا من عمل فجعلناه هبآء","","الربيع عن ابن عمر قال: من مات صحيحا موسرا ولم يحج كان سيما بين عينيه كافرا ثم تلا: {ومن كفر فإن الله غني عن العالمين}.","","","","Ibadi","","","","","V01P255"
"rabi_0893","893","al-Jami al-Sahih (Musnad al-Rabi ibn Habib)","Ibadi","1","37","893","في قوله تعالى: {وقدمنآ إلى ما عملوا من عمل فجعلناه هبآء","في قوله تعالى: {وقدمنآ إلى ما عملوا من عمل فجعلناه هبآء","","الربيع بن حبيب عن مجاهد عن ابن عمر قال: نهى رسول الله صلى الله عليه وسلم عن القزع .","","","","Ibadi","","","","","V01P256"
"rabi_0894","894","al-Jami al-Sahih (Musnad al-Rabi ibn Habib)","Ibadi","1","37","894","في قوله تعالى: {وقدمنآ إلى ما عملوا من عمل فجعلناه هبآء","في قوله تعالى: {وقدمنآ إلى ما عملوا من عمل فجعلناه هبآء","","الربيع بن حبيب عن يحيى بن عامر عن عتاب بن أسيد قال: بعثني رسول الله صلى الله عليه وسلم فقال: «انطلق إلى أهل أيلة فانههم عن أربع خصال: عن بيع ما لم يقبض وعن ربح ما لم يضمن، وعن شرطين في بيع، وعن بيع وسلف».","","","","Ibadi","","","","","V01P256"
"rabi_0895","895","al-Jami al-Sahih (Musnad al-Rabi ibn Habib)","Ibadi","1","37","895","في قوله تعالى: {وقدمنآ إلى ما عملوا من عمل فجعلناه هبآء","في قوله تعالى: {وقدمنآ إلى ما عملوا من عمل فجعلناه هبآء","","الربيع عن إبراهيم قال: ما أحب أني تركت الوتر ولي حمر النعم.","","","","Ibadi","","","","","V01P256"
"rabi_0896","896","al-Jami al-Sahih (Musnad al-Rabi ibn Habib)","Ibadi","1","37","896","في قوله تعالى: {وقدمنآ إلى ما عملوا من عمل فجعلناه هبآء","في قوله تعالى: {وقدمنآ إلى ما عملوا من عمل فجعلناه هبآء","","الربيع بن حبيب عن أبي هريرة قال: قال رسول صلى الله عليه وسلم لرجل وهو يعظه: «اغتنم خمسا قبل خمس: شبابك قبل هرمك، وصحتك قبل سقمك، وغناك قبل فقرك وفراغك قبل شغلك، وحياتك قبل موتك».","","","","Ibadi","","","","","V01P256"
"rabi_0897","897","al-Jami al-Sahih (Musnad al-Rabi ibn Habib)","Ibadi","1","37","897","في قوله تعالى: {وقدمنآ إلى ما عملوا من عمل فجعلناه هبآء","في قوله تعالى: {وقدمنآ إلى ما عملوا من عمل فجعلناه هبآء","","الربيع بن حبيب عن بلال بن سعيد: رب مسرور مغبون، ورب مفتون لا يشعر، ويل لمن له الويل وهو لا يشعر، يأكل ويشرب ويضحك وهو في الكتاب من وقود النار.","","","","Ibadi","","","","","V01P256"
"rabi_0898","898","al-Jami al-Sahih (Musnad al-Rabi ibn Habib)","Ibadi","1","37","898","في قوله تعالى: {وقدمنآ إلى ما عملوا من عمل فجعلناه هبآء","في قوله تعالى: {وقدمنآ إلى ما عملوا من عمل فجعلناه هبآء","","أبو سفيان قال: دخل جابر بن زيد على عائشة رضي الله عنها قال: فأقبل يسألها عن مسائل لم يسألها عنها من قبل ، سألها عن جماع النبيء صلى الله عليه وسلم كيف كان يفعل، وإن جبينها يتصبب عرقا وتقول: سل يا بني، ثم قالت له: ممن أنت؟ قال: من أهل المشرق، من بلد يقال لها عمان. قال أبو سفيان: فذكرت له شيئا لم أحفظه، إلا أني أظن أنها قالت: إن النبيء صلى الله عليه وسلم ذكره لي وأشباه هذا.","","","","Ibadi","","","","","V01P257"
"rabi_0899","899","al-Jami al-Sahih (Musnad al-Rabi ibn Habib)","Ibadi","1","37","899","في قوله تعالى: {وقدمنآ إلى ما عملوا من عمل فجعلناه هبآء","في قوله تعالى: {وقدمنآ إلى ما عملوا من عمل فجعلناه هبآء","","أبو سفيان عن أزور رجل من المسلمين من أهل عمان من خيار من أدركته من مشايخ المسلمين قال: نسوة من أهل عمان استأذن على عائشة رضي الله عنها فأذنت لهن، فدخلن عليها وسلمن عليها ثم قالت: من أنتن ؟ قلن: من أهل عمان، قال: فقالت لهن: قد سمعت حبيبي عليه السلام يقول: «يكثر وراد حوضي من أهل عمان». أبو سفيان قال: بلغني أن نسوة من أهل الشام دخلن على عائشة رضي الله عنها فسألتهن: من أين هن؟ فقلن: من أهل الشام. قال: وقالت لهن: لعلكن من أصحاب الحمامات؛ فسكت النساء.","","","","Ibadi","","","","","V01P257"
"rabi_0900","900","al-Jami al-Sahih (Musnad al-Rabi ibn Habib)","Ibadi","1","37","900","في قوله تعالى: {وقدمنآ إلى ما عملوا من عمل فجعلناه هبآء","في قوله تعالى: {وقدمنآ إلى ما عملوا من عمل فجعلناه هبآء","","أبو سفيان قال: بلغني أن امرأة لمعاوية بن أبي سفيان دخلت على عائشة رضي الله عنها قال: وألقت تحتها وسادة من الآدم والتفتت إلى ناحية من البيت فأدنت صحفة فيها خبز قد ثردته وصبت عليه لبنا ثم قالت: كلي، فتبسمت امرأة معاوية وقالت: يا أماه، إنا نرجع إلى ما هو ألين من هذا، تعني من طيب الطعام، قال: فتنفست عائشة الصعداء وقالت: إن نبيء الله ولم يشبع مما ثرد ، ثم قالت: إن نبيء الله مات ولم يشبع من خبز الشعير ، أي مرتين .","","","","Ibadi","","","","","V01P258"
"rabi_0901","901","al-Jami al-Sahih (Musnad al-Rabi ibn Habib)","Ibadi","1","37","901","في قوله تعالى: {وقدمنآ إلى ما عملوا من عمل فجعلناه هبآء","في قوله تعالى: {وقدمنآ إلى ما عملوا من عمل فجعلناه هبآء","","أبو سفيان قال: حدثني عبد الملك قال: سمعت حماد بن إسحاق الخوارزمي أنه لما نزلت هذه الآية: {واتقوا فتنة لا تصيبن الذين ظلموا منكم خآصة} وعند النبيء صلى الله عليه وسلم أبو بكر وعمر وعلي وعثمان، فقال أبو بكر: أين أنا يومئذ يا رسول الله؟ فقال: «تحت التراب»، ثم قام عمر فقال: وأين أنا يا رسول الله يومئذ؟ قال: «تحت التراب»، ثم قام عثمان فقال: أين أنا يومئذ يا رسول الله؟ وقال: «بك تفتح وبك تنشب»، فقام علي وقال: أين أنا يومئذ يا رسول الله؟ فقال: «أنت إمامها وزمامها وقائدها، تمشي فيها مشي البعير في قيده». زيادة","","","","Ibadi","","","","","V01P258"
"rabi_0902","902","al-Jami al-Sahih (Musnad al-Rabi ibn Habib)","Ibadi","1","37","902","في قوله تعالى: {وقدمنآ إلى ما عملوا من عمل فجعلناه هبآء","في قوله تعالى: {وقدمنآ إلى ما عملوا من عمل فجعلناه هبآء","","عن الإمام أفلح بن عبد الوهاب رضي الله عنهما حكاية عن كتاب أخذه عن أبي غانم الخراساني من تأليف أبي يزيد الخوارزمي في السير، رفع فيه أبو يزيد الحديث إلى رسول الله صلى الله عليه وسلم أن رجلا من الأنصار وجد مع رجل سيفا لأخيه في السوق فسأله: من أين هو؟ فقال: أصابني من سهم من غنيمة، فرافعه الأنصاري إلى النبيء صلى الله عليه وسلم فقص عليه الرجل القصة ومن أين صار له السيف، فقال له النبيء صلى الله عليه وسلم: «ابتغ الغنيمة في غير مال أخيك».","","","","Ibadi","","","","","V01P259"
"rabi_0903","903","al-Jami al-Sahih (Musnad al-Rabi ibn Habib)","Ibadi","1","37","903","في قوله تعالى: {وقدمنآ إلى ما عملوا من عمل فجعلناه هبآء","في قوله تعالى: {وقدمنآ إلى ما عملوا من عمل فجعلناه هبآء","","وذكر الخوارزمي في كتابه ذلك أن رجلا وجد فرسا يباع في السوق، فسأل عن شأنه، فقال له صاحبه: أصابني في سهمي من غنيمة فرافعه الرجل إلى النبيء صلى الله عليه وسلم فقال رسول الله صلى الله عليه وسلم: «المسلمون يد يرد بعضهم على بعض».","","","","Ibadi","","","","","V01P259"
"rabi_0904","904","al-Jami al-Sahih (Musnad al-Rabi ibn Habib)","Ibadi","1","37","904","في قوله تعالى: {وقدمنآ إلى ما عملوا من عمل فجعلناه هبآء","في قوله تعالى: {وقدمنآ إلى ما عملوا من عمل فجعلناه هبآء","","وروى الإمام أفلح في تفسير هذه الآية: {الزاني لا ينكح إلا زانية او مشركة والزانية لا ينكحهآ إلا زان او مشرك} حديثا رفعه إلى رسول الله صلى الله عليه وسلم أنه قال: الزاني المجلود لا ينكح إلا زانية مجلودة، والزانية المجلودة لا ينكحها إلا زان مجلود مثلها وحرم ذالك على المؤمنين. وكذلك تأويل الحسن بن أبي الحسن البصري إلا أنه قال: نسخ منه المشرك والمشركة.","","","","Ibadi","","","","","V01P259"
"rabi_0905","905","al-Jami al-Sahih (Musnad al-Rabi ibn Habib)","Ibadi","1","37","905","في قوله تعالى: {وقدمنآ إلى ما عملوا من عمل فجعلناه هبآء","في قوله تعالى: {وقدمنآ إلى ما عملوا من عمل فجعلناه هبآء","","وقال الإمام: مما يؤثر عن النبيء صلى الله عليه وسلم أنه قال: «إن أعلم الناس الذي يزداد من علم الناس إلى علمه، ويستفيد علما لم يكن يعلمه».","","","","Ibadi","","","","","V01P259"
"rabi_0906","906","al-Jami al-Sahih (Musnad al-Rabi ibn Habib)","Ibadi","1","37","906","في قوله تعالى: {وقدمنآ إلى ما عملوا من عمل فجعلناه هبآء","في قوله تعالى: {وقدمنآ إلى ما عملوا من عمل فجعلناه هبآء","","ومما يؤثر عنه عليه السلام أنه قال: «رب حامل علم ليس بعالم، ورب حامل علم إلى من هو أعلم منه».","","","","Ibadi","","","","","V01P259"
"rabi_0907","907","al-Jami al-Sahih (Musnad al-Rabi ibn Habib)","Ibadi","1","37","907","في قوله تعالى: {وقدمنآ إلى ما عملوا من عمل فجعلناه هبآء","في قوله تعالى: {وقدمنآ إلى ما عملوا من عمل فجعلناه هبآء","","وعن الإمام رضي الله عنه مرفوعا إلى النبيء صلى الله عليه وسلم من طريق جابر بن زيد أن النبيء صلى الله عليه وسلم لم يقنت قط في صلاته، ولا الخليفتين بعده.","","","","Ibadi","","","","","V01P260"
"rabi_0908","908","al-Jami al-Sahih (Musnad al-Rabi ibn Habib)","Ibadi","1","37","908","في قوله تعالى: {وقدمنآ إلى ما عملوا من عمل فجعلناه هبآء","في قوله تعالى: {وقدمنآ إلى ما عملوا من عمل فجعلناه هبآء","","وروى الإمام قال: وأخبرني محمد بن الحسن عن محمد بن أبان بن صالح القرشي عن حماد بن إبراهيم عن علقمة والأسود بن يزيد: لم يقنت رسول الله صلى الله عليه وسلم في صلاة الصبح حتى مات، إلا إذا كان حارب المشركين فإنه كان يقنت في الصلاة ويدعو عليهم.","","","","Ibadi","","","","","V01P260"
"rabi_0909","909","al-Jami al-Sahih (Musnad al-Rabi ibn Habib)","Ibadi","1","37","909","في قوله تعالى: {وقدمنآ إلى ما عملوا من عمل فجعلناه هبآء","في قوله تعالى: {وقدمنآ إلى ما عملوا من عمل فجعلناه هبآء","","وعن الإمام عن محمد بن الحسن عن هشام بن عبد الله الدستوائي عن قتادة عن أنس بن مالك أن رسول الله صلى الله عليه وسلم إنما كان يقنت شهرا بعد الركوع الآخر يدعو على حي من أحياء العرب ثم تركه ولم يقنت قبله ولا بعده.","","","","Ibadi","","","","","V01P260"
"rabi_0910","910","al-Jami al-Sahih (Musnad al-Rabi ibn Habib)","Ibadi","1","37","910","في قوله تعالى: {وقدمنآ إلى ما عملوا من عمل فجعلناه هبآء","في قوله تعالى: {وقدمنآ إلى ما عملوا من عمل فجعلناه هبآء","","الإمام عن أبي غانم الخراساني عن حاتم بن منصور قال: حدثني من لا أتهم قوله من أصحابنا وأنا بمصر أو في طريق مصر عن أبي أهيف الحضرمي فقيه أهل مصر عن ابن عمر أنه قال: في الزمان الذي كان فيه أقرب إسنادا إلى النبيء صلى الله عليه وسلم من غيره، قال حاتم بن منصور: حدثني عن القنوت في صلاة الصبح بعدما سألته: هل بلغك أن رسول الله قنت؟ قال: فقال لي: لم يصنعه رسول الله صلى الله عليه وسلم قال حاتم: فقلت له كيف كان يصنع فيما بلغك؟ قال: بلغني أنه إذا فرغ من القراءة الأخيرة قرأ ب {قل هو الله أحد ... } ولا يقنت. قال الإمام رضي الله عنه وهذا شيء لم نكن رأيناه في كتب أصحابنا ولا سمعناه عنهم حتى أتانا به أبو غانم فرويناه عنه.","","","","Ibadi","","","","","V01P261"
"rabi_0911","911","al-Jami al-Sahih (Musnad al-Rabi ibn Habib)","Ibadi","1","37","911","في قوله تعالى: {وقدمنآ إلى ما عملوا من عمل فجعلناه هبآء","في قوله تعالى: {وقدمنآ إلى ما عملوا من عمل فجعلناه هبآء","","وعن الإمام قال: بلغني عن رسول الله صلى الله عليه وسلم أنه وجه سرية فأمر عليها رجلا من أصحابه فكان ذلك الأمير يصلي بأصحابه من حين انصرف عن رسول الله صلى الله عليه وسلم إلى أن رجع إليه الصلوات كلها بفاتحة الكتاب و {قل هو الله أحد ... } في جميع صلواته، الصبح وغيره في جميع ما يسمعهم به مما يجهر به بالقراءة، فلما قدموا على النبيء صلى الله عليه وسلم أخبروه أن أميرهم إنما كان يصلي بهم بالفاتحة و {قل هو الله أحد ... } ولم يقرأ بهم في جميع صلواته غيرها، فقال له رسول الله صلى الله عليه وسلم: «أمعك شيء من القرآن»؟ فقال: نعم، فقال: «ما منعك أن تكون قرأت به في صلاتك» فقال: يا رسول الله إني أحب {قل هو الله أحد} حبا شديدا، فسكت رسول الله، ثم التفت إلى الرجل فقال: «إن الله يحبك لحبك {قل هو الله أحد ... }».","","","","Ibadi","","","","","V01P261"
"rabi_0912","912","al-Jami al-Sahih (Musnad al-Rabi ibn Habib)","Ibadi","1","37","912","في قوله تعالى: {وقدمنآ إلى ما عملوا من عمل فجعلناه هبآء","في قوله تعالى: {وقدمنآ إلى ما عملوا من عمل فجعلناه هبآء","","قال الإمام: وعند أصحابنا مرفوعا إلى النبيء صلى الله عليه وسلم أنه دخل المسجد فرأى قوما رافعي أيديهم في الصلاة فقال: «ما بال قوم رافعين أيديهم في الصلاة كأنها أذناب خيل شمس؟ اسكنوا في صلاتكم واعلموا أن الله أقرب إليكم من حبل الوريد». رواه عن أبي غانم الخراساني عن حاتم بن منصور عن أبي يزيد الخوارزمي عمن حدثه عن جابر بن سمرة عن رسول الله صلى الله عليه وسلم قال: خرج علينا ونحن رافعون أيدينا في الصلاة فقال: «ما لهم رافعي أيديهم في الصلاة كأنها أذناب خيل شمس؟ اسكنوا في صلاتكم».","","","","Ibadi","","","","","V01P262"
"rabi_0913","913","al-Jami al-Sahih (Musnad al-Rabi ibn Habib)","Ibadi","1","37","913","في قوله تعالى: {وقدمنآ إلى ما عملوا من عمل فجعلناه هبآء","في قوله تعالى: {وقدمنآ إلى ما عملوا من عمل فجعلناه هبآء","","الإمام عن أبي غانم الخراساني عن حاتم بن منصور عن أبي يزيد الخوارزمي عن مجاهد أو عمن حدثه عن مجاهد - شك في ذلك أبو غانم - عن ابن عمر أنه رأى ناسا في المسجد مستقبلين القبلة بوجوههم رافعين أيديهم إلى السماء يدعون، فضاق ابن عمر ضيقا شديدا وغضب عليهم وقال لهم: لا تفعلوا مثل هذا فإني سمعت رسول الله يقول: «لا تفعلوا فعل أهل الكتاب في بيعهم وكنائسهم».","","","","Ibadi","","","","","V01P262"
"rabi_0914","914","al-Jami al-Sahih (Musnad al-Rabi ibn Habib)","Ibadi","1","37","914","في قوله تعالى: {وقدمنآ إلى ما عملوا من عمل فجعلناه هبآء","في قوله تعالى: {وقدمنآ إلى ما عملوا من عمل فجعلناه هبآء","","الإمام عن عمر بن عمير عن رسول الله صلى الله عليه وسلم أنه أقام في بعض غزواته في قرية يقصر الصلاة.","","","","Ibadi","","","","","V01P262"
"rabi_0915","915","al-Jami al-Sahih (Musnad al-Rabi ibn Habib)","Ibadi","1","37","915","في قوله تعالى: {وقدمنآ إلى ما عملوا من عمل فجعلناه هبآء","في قوله تعالى: {وقدمنآ إلى ما عملوا من عمل فجعلناه هبآء","","الإمام عن أبي ثور أن رسول الله صلى الله عليه وسلم أقام بتبوك عشرين ليلة يقصر الصلاة.","","","","Ibadi","","","","","V01P262"
"rabi_0916","916","al-Jami al-Sahih (Musnad al-Rabi ibn Habib)","Ibadi","1","37","916","في قوله تعالى: {وقدمنآ إلى ما عملوا من عمل فجعلناه هبآء","في قوله تعالى: {وقدمنآ إلى ما عملوا من عمل فجعلناه هبآء","","الإمام عن الحسن بن أبي الحسن البصري قال: مضت السنة أن يقصر المسافرون في بلد أقاموا فيه وإن أقاموا عشر سنين ما لم يتخذوه وطنا.","","","","Ibadi","","","","","V01P262"
"rabi_0917","917","al-Jami al-Sahih (Musnad al-Rabi ibn Habib)","Ibadi","1","37","917","في قوله تعالى: {وقدمنآ إلى ما عملوا من عمل فجعلناه هبآء","في قوله تعالى: {وقدمنآ إلى ما عملوا من عمل فجعلناه هبآء","","الإمام قال: قال أنس بن مالك: إن رسول الله صلى الله عليه وسلم صلى الظهر بالمدينة وصلى العصر بذي الحليفة ركعتين، وبينهما في القياس والتقدير خمسة أميال إلى ستة.","","","","Ibadi","","","","","V01P262"
"rabi_0918","918","al-Jami al-Sahih (Musnad al-Rabi ibn Habib)","Ibadi","1","37","918","في قوله تعالى: {وقدمنآ إلى ما عملوا من عمل فجعلناه هبآء","في قوله تعالى: {وقدمنآ إلى ما عملوا من عمل فجعلناه هبآء","","الإمام قال: في الأثر عن النبيء صلى الله عليه وسلم: «لا يجب الصوم على من لم يبيته بالليل».","","","","Ibadi","","","","","V01P262"
"rabi_0919","919","al-Jami al-Sahih (Musnad al-Rabi ibn Habib)","Ibadi","1","37","919","في قوله تعالى: {وقدمنآ إلى ما عملوا من عمل فجعلناه هبآء","في قوله تعالى: {وقدمنآ إلى ما عملوا من عمل فجعلناه هبآء","","الإمام قال: جاء حديث مشهور مستفاض عن رسول الله صلى الله عليه وسلم ذكره العلماء عن شداد بن أوس أن رسول الله صلى الله عليه وسلم قال: «أخوف ما أخاف على أمتي الشهوة الخفية» قال: قلنا: يا رسول الله، وما الشهوة الخفية؟ قال: «يصبح أحدكم صائما فتعرض له شهوة فيواقعها فيدفع صومه».","","","","Ibadi","","","","","V01P263"
"rabi_0920","920","al-Jami al-Sahih (Musnad al-Rabi ibn Habib)","Ibadi","1","37","920","في قوله تعالى: {وقدمنآ إلى ما عملوا من عمل فجعلناه هبآء","في قوله تعالى: {وقدمنآ إلى ما عملوا من عمل فجعلناه هبآء","","الإمام في قوله عز وجل: {يآ أيها الذين ءامنوا لا تقدموا بين يدي الله ورسوله} إنما نزلت بقوم ذبحوا يوم النحر قبل أن يصلي النبيء صلى الله عليه وسلم.","","","","Ibadi","","","","","V01P263"
"rabi_0921","921","al-Jami al-Sahih (Musnad al-Rabi ibn Habib)","Ibadi","1","37","921","في قوله تعالى: {وقدمنآ إلى ما عملوا من عمل فجعلناه هبآء","في قوله تعالى: {وقدمنآ إلى ما عملوا من عمل فجعلناه هبآء","","الإمام قال: ذكر عامة من الفقهاء أن رجلا من الأنصار ذبح قبل أن يصلي النبيء فقال له النبيء صلى الله عليه وسلم: «شاتك شاة لحم».","","","","Ibadi","","","","","V01P263"
"rabi_0922","922","al-Jami al-Sahih (Musnad al-Rabi ibn Habib)","Ibadi","1","37","922","في قوله تعالى: {وقدمنآ إلى ما عملوا من عمل فجعلناه هبآء","في قوله تعالى: {وقدمنآ إلى ما عملوا من عمل فجعلناه هبآء","","الإمام قال: بلغني عن رسول الله صلى الله عليه وسلم أنه قال: «أول ما نبدأ به يومنا هذا أن نصلي ثم ننحر، فمن فعل ذلك فقد أصاب سنتي ومن ذبح قبل الصلاة فإنها شاة لحم وليست من النسك في شيء».","","","","Ibadi","","","","","V01P263"
"rabi_0923","923","al-Jami al-Sahih (Musnad al-Rabi ibn Habib)","Ibadi","1","37","923","في قوله تعالى: {وقدمنآ إلى ما عملوا من عمل فجعلناه هبآء","في قوله تعالى: {وقدمنآ إلى ما عملوا من عمل فجعلناه هبآء","","الإمام روي عن رسول الله صلى الله عليه وسلم قال: «من كذب علي متعمدا فليتبوأ مقعده من النار». الأخبار المقاطيع عن جابر بن زيد رحمه الله في الإيمان والنفاق","","","","Ibadi","","","","","V01P263"
"rabi_0924","924","al-Jami al-Sahih (Musnad al-Rabi ibn Habib)","Ibadi","1","37","924","في قوله تعالى: {وقدمنآ إلى ما عملوا من عمل فجعلناه هبآء","في قوله تعالى: {وقدمنآ إلى ما عملوا من عمل فجعلناه هبآء","","جابر بن زيد عن النبيء صلى الله عليه وسلم: «إن لا إله إلا الله كلمة ألف الله بها بين قلوب المؤمنين، فمن قالها وأتبعها بالعمل الصالح فهو مؤمن، ومن قالها وأتبعها بالفجور فهو منافق».","","","","Ibadi","","","","","V01P263"
"rabi_0925","925","al-Jami al-Sahih (Musnad al-Rabi ibn Habib)","Ibadi","1","37","925","في قوله تعالى: {وقدمنآ إلى ما عملوا من عمل فجعلناه هبآء","في قوله تعالى: {وقدمنآ إلى ما عملوا من عمل فجعلناه هبآء","","جابر بن زيد أن النبيء صلى الله عليه وسلم قيل له: إن الناس قد قالوا: لا إله إلا الله، فخفي بها المؤمن من المنافق، فقال النبيء صلى الله عليه وسلم: «ألا أنبئكم بفصل ما بينهما؟ المؤمن إذا أصبح فهمه الله والجنة والنار، وأما المنافق إذا أصبح فهمه بطنه وفرجه ودنياه».","","","","Ibadi","","","","","V01P264"
"rabi_0926","926","al-Jami al-Sahih (Musnad al-Rabi ibn Habib)","Ibadi","1","37","926","في قوله تعالى: {وقدمنآ إلى ما عملوا من عمل فجعلناه هبآء","في قوله تعالى: {وقدمنآ إلى ما عملوا من عمل فجعلناه هبآء","","جابر بن زيد عن النبيء صلى الله عليه وسلم قال: «لا تقوم الساعة حتى يسود كل أمة منافقوها».","","","","Ibadi","","","","","V01P264"
"rabi_0927","927","al-Jami al-Sahih (Musnad al-Rabi ibn Habib)","Ibadi","1","37","927","في قوله تعالى: {وقدمنآ إلى ما عملوا من عمل فجعلناه هبآء","في قوله تعالى: {وقدمنآ إلى ما عملوا من عمل فجعلناه هبآء","","جابر بن زيد أن النبيء صلى الله عليه وسلم قال: «ثلاثة لا يستخف بحقهم إلا منافق: حامل العلم، وذو الشيبة، والإمام العدل ».","","","","Ibadi","","","","","V01P264"
"rabi_0928","928","al-Jami al-Sahih (Musnad al-Rabi ibn Habib)","Ibadi","1","37","928","في قوله تعالى: {وقدمنآ إلى ما عملوا من عمل فجعلناه هبآء","في قوله تعالى: {وقدمنآ إلى ما عملوا من عمل فجعلناه هبآء","","جابر بن زيد عن النبيء صلى الله عليه وسلم قال: «خصلتان لا تجتمعان في منافق: حسن سمت، وفقه في سنة».","","","","Ibadi","","","","","V01P264"
"rabi_0929","929","al-Jami al-Sahih (Musnad al-Rabi ibn Habib)","Ibadi","1","37","929","في قوله تعالى: {وقدمنآ إلى ما عملوا من عمل فجعلناه هبآء","في قوله تعالى: {وقدمنآ إلى ما عملوا من عمل فجعلناه هبآء","","جابر بن زيد عن حذيفة بن اليماني أنه قدم على عمر بن الخطاب رضي الله عنه فصادف جنازة فلم يحضرها، فقال عمر: يا حذيفة يموت رجل من المسلمين من أصحاب محمد صلى الله عليه وسلم ولا تشهد جنازته! فقال حذيفة: يا أمير المؤمنين أما علمت أن رسول الله صلى الله عليه وسلم أسر إلي سرا؟ فقال عمر: أنشدك الله أمنهم كان؟ قال: اللهم نعم، فقال: أنشدك الله أمنهم أنا؟ فقال: لا والله يا أمير المؤمنين ولا أؤمن بها أحدا أبدا. وقيل لجابر بن زيد: أتخاف النفاق؟ فقال: وكيف لا أخافه وقد خافه عمر بن الخطاب رضي الله عنه.","","","","Ibadi","","","","","V01P264"
"rabi_0930","930","al-Jami al-Sahih (Musnad al-Rabi ibn Habib)","Ibadi","1","37","930","في قوله تعالى: {وقدمنآ إلى ما عملوا من عمل فجعلناه هبآء","في قوله تعالى: {وقدمنآ إلى ما عملوا من عمل فجعلناه هبآء","","وكان جابر بن زيد يذكر عن عمر أنه قال: غلبني المنافقون خيانة، أما والله لولا خيانتهم ما أمرت على الناس غيرهم ولخليت بين المسلمين وبين عبادة الله.","","","","Ibadi","","","","","V01P264"
"rabi_0931","931","al-Jami al-Sahih (Musnad al-Rabi ibn Habib)","Ibadi","1","37","931","في قوله تعالى: {وقدمنآ إلى ما عملوا من عمل فجعلناه هبآء","في قوله تعالى: {وقدمنآ إلى ما عملوا من عمل فجعلناه هبآء","","جابر بن زيد أن رجلا قال لحذيفة: يا أبا عبد الله: ما النفاق؟ فقال: أن تتكلم بالإسلام ولا تعمل به.","","","","Ibadi","","","","","V01P265"
"rabi_0932","932","al-Jami al-Sahih (Musnad al-Rabi ibn Habib)","Ibadi","1","37","932","في قوله تعالى: {وقدمنآ إلى ما عملوا من عمل فجعلناه هبآء","في قوله تعالى: {وقدمنآ إلى ما عملوا من عمل فجعلناه هبآء","","جابر بن زيد أن رجلا قال لحذيفة: النفاق اليوم أكثر أم إذ كان على عهد رسول الله صلى الله عليه وسلم فقال: سبحان الله هو اليوم أكثر، هو اليوم أشد.","","","","Ibadi","","","","","V01P265"
"rabi_0933","933","al-Jami al-Sahih (Musnad al-Rabi ibn Habib)","Ibadi","1","37","933","في قوله تعالى: {وقدمنآ إلى ما عملوا من عمل فجعلناه هبآء","في قوله تعالى: {وقدمنآ إلى ما عملوا من عمل فجعلناه هبآء","","جابر بن زيد عن حذيفة قال لمنافقوكم اليوم أشد من المنافقين الذين كانوا على عهد رسول الله صلى الله عليه وسلم، فقيل له: لم ذلك يا أبا عبد الله؟ قال: إن أولئك كان ذنبهم يومئذ مغفورا ، وحسناتهم مقبولة.","","","","Ibadi","","","","","V01P265"
"rabi_0934","934","al-Jami al-Sahih (Musnad al-Rabi ibn Habib)","Ibadi","1","37","934","في قوله تعالى: {وقدمنآ إلى ما عملوا من عمل فجعلناه هبآء","في قوله تعالى: {وقدمنآ إلى ما عملوا من عمل فجعلناه هبآء","","جابر بن زيد سأله الحجاج بن يوسف وقال: يا أبا الشعثاء أخبرني عن أول آية من سورة البقرة. قال: تلك للمؤمنين، قال: والثانية؟ قال: تلك للكافرين، قال: والثالثة؟ قال: فيك وفي أصحابك.","","","","Ibadi","","","","","V01P265"
"rabi_0935","935","al-Jami al-Sahih (Musnad al-Rabi ibn Habib)","Ibadi","1","37","935","في قوله تعالى: {وقدمنآ إلى ما عملوا من عمل فجعلناه هبآء","في قوله تعالى: {وقدمنآ إلى ما عملوا من عمل فجعلناه هبآء","","جابر بن زيد قال: بلغني عن أبي عبيدة بن الجراح عن النبيء صلى الله عليه وسلم أنه قال: «ما أخاف عليكم بعدي مؤمنا ولا كافرا، أما المؤمن فيحبسه إيمانه، وأما الكافر فقد أذله الله بكفره، ولكن أخاف عليكم منافقا عالم اللسان جاهل القلب، يتكلم بما تعرفون، ويفعل ما تنكرون».","","","","Ibadi","","","","","V01P265"
"rabi_0936","936","al-Jami al-Sahih (Musnad al-Rabi ibn Habib)","Ibadi","1","37","936","في قوله تعالى: {وقدمنآ إلى ما عملوا من عمل فجعلناه هبآء","في قوله تعالى: {وقدمنآ إلى ما عملوا من عمل فجعلناه هبآء","","جابر بن زيد عن النبيء صلى الله عليه وسلم قال: «ثلاثة من كن فيه فهو منافق حقا وإن صلى وصام وزعم أنه مسلم: من إذا حدث كذب، وإذا وعد أخلف، وإذا ائتمن خان».","","","","Ibadi","","","","","V01P265"
"rabi_0937","937","al-Jami al-Sahih (Musnad al-Rabi ibn Habib)","Ibadi","1","37","937","في قوله تعالى: {وقدمنآ إلى ما عملوا من عمل فجعلناه هبآء","في قوله تعالى: {وقدمنآ إلى ما عملوا من عمل فجعلناه هبآء","","جابر بن زيد عن النبيء صلى الله عليه وسلم قال: «إن المختلعات والمنتزعات من المنافقات». والمختلعة التي تفتدي بمالها، والمنتزعة التي تفر من زوجها.","","","","Ibadi","","","","","V01P266"
"rabi_0938","938","al-Jami al-Sahih (Musnad al-Rabi ibn Habib)","Ibadi","1","37","938","في قوله تعالى: {وقدمنآ إلى ما عملوا من عمل فجعلناه هبآء","في قوله تعالى: {وقدمنآ إلى ما عملوا من عمل فجعلناه هبآء","","جابر بن زيد أن رجلا أتى النبيء صلى الله عليه وسلم فقال: يا رسول الله علمني شيئا ينجيني من عذاب جهنم ويدخلني الجنة، فقال له النبيء صلى الله عليه وسلم: «لئن كنت أوجزت في المسألة فقد أعظمت وطولت، اعبد الله ولا تشرك به شيئا، وتصلي الصلاة المكتوبة، وتزكي مالك إن كان لك مال، وتصوم شهر رمضان، وتحج البيت إن وجدت زادا وراحلة، وتحب للناس ما تحب لنفسك، وتكره لهم ما تكره لنفسك».","","","","Ibadi","","","","","V01P266"
"rabi_0939","939","al-Jami al-Sahih (Musnad al-Rabi ibn Habib)","Ibadi","1","37","939","في قوله تعالى: {وقدمنآ إلى ما عملوا من عمل فجعلناه هبآء","في قوله تعالى: {وقدمنآ إلى ما عملوا من عمل فجعلناه هبآء","","جابر بن زيد أن رجلا قدم على رسول الله صلى الله عليه وسلم وهو من أخواله، واسمه ضمام بن ثعلبة، فقال له: يا رسول الله إني من أخوالك من بني جشم، وكان النبيء صلى الله عليه وسلم مسترضعا فيهم، فقال: إني سائلك ومشدد عليك في مسألتي فلا تجد علي، فقال له النبيء صلى الله عليه وسلم: «سل عن حاجتك» فقال: من خلقك وخلق من كان قبلك وخلق من كان بعدك؟ قال: «الله»، فقال: أنشدك به أهو بعثك؟ قال نبيء الله: «نعم»، قال: ومن خلق السبع السماوات وسبع الأرضين، ومن أجرى بينهما من الرزق؟ قال: «الله» قال: أنشدك به أهو بعثك؟ قال نبيء الله: «نعم» قال: أخبرتنا رسلك ووجدنا في كتبك أن نصلي في كل يوم وليلة خمس صلوات، فأنشدك به أهو أمرك به؟ قال: «نعم » قال: أخبرتنا رسلك ووجدنا في كتبك أن تأخذ الزكاة من أغنيائنا وتضعها في فقرائنا فأنشدك به أهو أمرك؟ قال النبيء صلى الله عليه وسلم: «اللهم نعم» قال: أخبرتنا رسلك ووجدنا في كتبك أن نصوم في كل سنة شهر رمضان فأنشدك أهو أمرك به؟ فقال صلى الله عليه وسلم: «اللهم نعم»، قال: أخبرتنا رسلك ووجدنا في كتبك أن نحج بيت الله إن وجدنا زادا وراحلة، فأنشدك الله أهو أمرك به؟ قال: «اللهم نعم»، قال الرجل: والخامسة لا أرب لي أن أسألك عنها - يعني المحارم - يقول: لو أحللتنا لم تقم عليها الدنيا، لو لم تجتنبها لم يقم عليها الدين، ثم قال: إني راجع إلى قومي وأعمل بهن ومن تبعني من قومي. فقال النبيء صلى الله عليه وسلم لما مضى: «إن صدق الرجل يلج الجنة».","","","","Ibadi","","","","","V01P267"
"rabi_0940","940","al-Jami al-Sahih (Musnad al-Rabi ibn Habib)","Ibadi","1","37","940","في قوله تعالى: {وقدمنآ إلى ما عملوا من عمل فجعلناه هبآء","في قوله تعالى: {وقدمنآ إلى ما عملوا من عمل فجعلناه هبآء","","جابر بن زيد عن النبيء صلى الله عليه وسلم أنه خرج على أناس من أصحابه وهم يتذاكرون فنون العلم فيما بينهم فقال: «تعلموا ما شئتم أن تتعلموا، لن تكونوا بالعلم علماء حتى تعملوا به».","","","","Ibadi","","","","","V01P267"
"rabi_0941","941","al-Jami al-Sahih (Musnad al-Rabi ibn Habib)","Ibadi","1","37","941","في قوله تعالى: {وقدمنآ إلى ما عملوا من عمل فجعلناه هبآء","في قوله تعالى: {وقدمنآ إلى ما عملوا من عمل فجعلناه هبآء","","جابر بن زيد أن النبيء صلى الله عليه وسلم قال لكعب بن عجرة: «يا كعب، كل لحم نبت من سحت فالنار أولى به».","","","","Ibadi","","","","","V01P267"
"rabi_0942","942","al-Jami al-Sahih (Musnad al-Rabi ibn Habib)","Ibadi","1","37","942","في قوله تعالى: {وقدمنآ إلى ما عملوا من عمل فجعلناه هبآء","في قوله تعالى: {وقدمنآ إلى ما عملوا من عمل فجعلناه هبآء","","جابر بن زيد أن داود عليه السلام كان يؤتى بمشربة من لبن فيضعها في كفه ويقول: أين رعت هذه؟ فيسأل عن مرعاها، فإذا وجده حلالا شرب فيقول: إنما أمرنا أن نأكل حلالا ونعمل صالحا.","","","","Ibadi","","","","","V01P267"
"rabi_0943","943","al-Jami al-Sahih (Musnad al-Rabi ibn Habib)","Ibadi","1","37","943","في قوله تعالى: {وقدمنآ إلى ما عملوا من عمل فجعلناه هبآء","في قوله تعالى: {وقدمنآ إلى ما عملوا من عمل فجعلناه هبآء","","جابر بن زيد أن النبيء صلى الله عليه وسلم قال: «إذا ظهرت البدع في أمتي فعلى العالم أن يظهر علمه، فإن لم يفعل فعليه لعنة الله والملائكة والناس أجمعين لا يقبل منه صرف ولا عدل ».","","","","Ibadi","","","","","V01P268"
"rabi_0944","944","al-Jami al-Sahih (Musnad al-Rabi ibn Habib)","Ibadi","1","37","944","في قوله تعالى: {وقدمنآ إلى ما عملوا من عمل فجعلناه هبآء","في قوله تعالى: {وقدمنآ إلى ما عملوا من عمل فجعلناه هبآء","","جابر بن زيد قال: المرجئة يهود أهل القبلة لأنهم يعدون أهل المعصية الجنة وقالوا: لن تمسنا النار إلا أياما معدودة كما قالت اليهود والنصارى.","","","","Ibadi","","","","","V01P268"
"rabi_0945","945","al-Jami al-Sahih (Musnad al-Rabi ibn Habib)","Ibadi","1","37","945","في قوله تعالى: {وقدمنآ إلى ما عملوا من عمل فجعلناه هبآء","في قوله تعالى: {وقدمنآ إلى ما عملوا من عمل فجعلناه هبآء","","جابر بن زيد عن النبيء صلى الله عليه وسلم قال: «ما من نبيء إلا وقد كذب عليه من بعده ألا وسيكذب علي من بعدي كما كذب على من كان من قبلي، فما أتاكم عني فاعرضوه على كتاب الله فما وافقه فهو عني، وما خالفه فليس عني».","","","","Ibadi","","","","","V01P268"
"rabi_0946","946","al-Jami al-Sahih (Musnad al-Rabi ibn Habib)","Ibadi","1","37","946","في قوله تعالى: {وقدمنآ إلى ما عملوا من عمل فجعلناه هبآء","في قوله تعالى: {وقدمنآ إلى ما عملوا من عمل فجعلناه هبآء","","جابر بن زيد عن بعض أصحاب النبيء صلى الله عليه وسلم أن أصل النفاق الذي يبنى عليه النفاق: الكذب.","","","","Ibadi","","","","","V01P268"
"rabi_0947","947","al-Jami al-Sahih (Musnad al-Rabi ibn Habib)","Ibadi","1","37","947","في قوله تعالى: {وقدمنآ إلى ما عملوا من عمل فجعلناه هبآء","في قوله تعالى: {وقدمنآ إلى ما عملوا من عمل فجعلناه هبآء","","جابر بن زيد أن النبيء صلى الله عليه وسلم قال: «العلم علمان: علم باللسان، فذلك حجة الله على ابن آدم، وعلم بالقلب، فذلك العلم النافع».","","","","Ibadi","","","","","V01P268"
"rabi_0948","948","al-Jami al-Sahih (Musnad al-Rabi ibn Habib)","Ibadi","1","37","948","في قوله تعالى: {وقدمنآ إلى ما عملوا من عمل فجعلناه هبآء","في قوله تعالى: {وقدمنآ إلى ما عملوا من عمل فجعلناه هبآء","","جابر بن زيد أن لله ملكا، رأسه في السماء السابعة، ورجلاه في الأرض السفلى، إحدى زوايا العرش على كاهله، يقول: سبحانك ما أعظمك!.","","","","Ibadi","","","","","V01P268"
"rabi_0949","949","al-Jami al-Sahih (Musnad al-Rabi ibn Habib)","Ibadi","1","37","949","في قوله تعالى: {وقدمنآ إلى ما عملوا من عمل فجعلناه هبآء","في قوله تعالى: {وقدمنآ إلى ما عملوا من عمل فجعلناه هبآء","","جابر بن زيد عن النبيء صلى الله عليه وسلم يقول: «يا أيها الناس، آمنوا بالله فإن الإيمان بالله أن تعملوا له وإن الشك في الله أن تعملوا لغيره».","","","","Ibadi","","","","","V01P268"
"rabi_0950","950","al-Jami al-Sahih (Musnad al-Rabi ibn Habib)","Ibadi","1","37","950","في قوله تعالى: {وقدمنآ إلى ما عملوا من عمل فجعلناه هبآء","في قوله تعالى: {وقدمنآ إلى ما عملوا من عمل فجعلناه هبآء","","جابر بن زيد عن النبيء صلى الله عليه وسلم قال: «لو أخذني الله أنا وأخي عيسى بما عملت هاتان الإصبعان لعذبنا بالنار ولا يظلم ربك شيئا».","","","","Ibadi","","","","","V01P269"
"rabi_0951","951","al-Jami al-Sahih (Musnad al-Rabi ibn Habib)","Ibadi","1","37","951","في قوله تعالى: {وقدمنآ إلى ما عملوا من عمل فجعلناه هبآء","في قوله تعالى: {وقدمنآ إلى ما عملوا من عمل فجعلناه هبآء","","جابر بن زيد عن ابن عمر أنه اتبع جنازة رجل فقال من كان في الجنازة: إن هذا الرجل الميت كان صيرفيا ، قال: فرجع ابن عمر، فقال: لا أراني اليوم في جنازة رجل يضرب وجهه ودبره.","","","","Ibadi","","","","","V01P269"
"rabi_0952","952","al-Jami al-Sahih (Musnad al-Rabi ibn Habib)","Ibadi","1","37","952","في قوله تعالى: {وقدمنآ إلى ما عملوا من عمل فجعلناه هبآء","في قوله تعالى: {وقدمنآ إلى ما عملوا من عمل فجعلناه هبآء","","جابر بن زيد عن مجاهد قال: قدمت على ابن عمر من غزوة لي، فقال ابن عمر: يا مجاهد، أشعرت أن الناس قد كفروا بعدك؟ فقلت: وما ذاك يا أبا عبد الرحمن؟ قال: هذا عبد الملك بن مروان يقاتل ابن الزبير يضرب بعضهم رقاب بعض على الدنيا.","","","","Ibadi","","","","","V01P269"
"rabi_0953","953","al-Jami al-Sahih (Musnad al-Rabi ibn Habib)","Ibadi","1","37","953","في قوله تعالى: {وقدمنآ إلى ما عملوا من عمل فجعلناه هبآء","في قوله تعالى: {وقدمنآ إلى ما عملوا من عمل فجعلناه هبآء","","جابر بن زيد عن النبيء صلى الله عليه وسلم قال: «ويل لمن يعلم ولم يعمل سبع مرات، وويل لمن لم يعلم ولم يعمل مرة واحدة».","","","","Ibadi","","","","","V01P269"
"rabi_0954","954","al-Jami al-Sahih (Musnad al-Rabi ibn Habib)","Ibadi","1","37","954","في قوله تعالى: {وقدمنآ إلى ما عملوا من عمل فجعلناه هبآء","في قوله تعالى: {وقدمنآ إلى ما عملوا من عمل فجعلناه هبآء","","جابر بن زيد عن النبيء صلى الله عليه وسلم كان يقول هو وأصحابه: «من لم تنهه صلاته عن الفحشاء والمنكر لم يزدد بها من الله إلا بعدا».","","","","Ibadi","","","","","V01P269"
"rabi_0955","955","al-Jami al-Sahih (Musnad al-Rabi ibn Habib)","Ibadi","1","37","955","في قوله تعالى: {وقدمنآ إلى ما عملوا من عمل فجعلناه هبآء","في قوله تعالى: {وقدمنآ إلى ما عملوا من عمل فجعلناه هبآء","","جابر بن زيد عن النبيء صلى الله عليه وسلم قال: «أهل المعروف في الدنيا، أهل المعروف في الآخرة».","","","","Ibadi","","","","","V01P269"
"rabi_0956","956","al-Jami al-Sahih (Musnad al-Rabi ibn Habib)","Ibadi","1","37","956","في قوله تعالى: {وقدمنآ إلى ما عملوا من عمل فجعلناه هبآء","في قوله تعالى: {وقدمنآ إلى ما عملوا من عمل فجعلناه هبآء","","جابر بن زيد عن النبيء صلى الله عليه وسلم قال: «من قتل معاهدا لم يجد ريح الجنة، وإن ريحها يوجد من مسيرة خمسمائة عام».","","","","Ibadi","","","","","V01P269"
"rabi_0957","957","al-Jami al-Sahih (Musnad al-Rabi ibn Habib)","Ibadi","1","37","957","في قوله تعالى: {وقدمنآ إلى ما عملوا من عمل فجعلناه هبآء","في قوله تعالى: {وقدمنآ إلى ما عملوا من عمل فجعلناه هبآء","","جابر ابن زيد عن النبيء صلى الله عليه وسلم قال: «لو أن أهل السماوات والأرض اشتركوا في قتل مؤمن لكبهم الله جميعا في النار».","","","","Ibadi","","","","","V01P270"
"rabi_0958","958","al-Jami al-Sahih (Musnad al-Rabi ibn Habib)","Ibadi","1","37","958","في قوله تعالى: {وقدمنآ إلى ما عملوا من عمل فجعلناه هبآء","في قوله تعالى: {وقدمنآ إلى ما عملوا من عمل فجعلناه هبآء","","جابر بن زيد عن النبيء صلى الله عليه وسلم قال: «ليحولن بين أحدكم وبين الجنة بعد أن يراها كف من دم مسلم يهرقها».","","","","Ibadi","","","","","V01P270"
"rabi_0959","959","al-Jami al-Sahih (Musnad al-Rabi ibn Habib)","Ibadi","1","37","959","في قوله تعالى: {وقدمنآ إلى ما عملوا من عمل فجعلناه هبآء","في قوله تعالى: {وقدمنآ إلى ما عملوا من عمل فجعلناه هبآء","","جابر بن زيد عن النبيء صلى الله عليه وسلم قال: «والذي نفسي بيده لا يدخل الجنة إلا من يأمن جاره بوائقه». قال جابر: ظلمه وغشمه.","","","","Ibadi","","","","","V01P270"
"rabi_0960","960","al-Jami al-Sahih (Musnad al-Rabi ibn Habib)","Ibadi","1","37","960","في قوله تعالى: {وقدمنآ إلى ما عملوا من عمل فجعلناه هبآء","في قوله تعالى: {وقدمنآ إلى ما عملوا من عمل فجعلناه هبآء","","جابر بن زيد عن النبيء صلى الله عليه وسلم قال: «من أعان على قتل مؤمن بشطر كلمة جاء يوم القيامة مكتوبا بين عينيه آيسا من رحمة الله».","","","","Ibadi","","","","","V01P270"
"rabi_0961","961","al-Jami al-Sahih (Musnad al-Rabi ibn Habib)","Ibadi","1","37","961","في قوله تعالى: {وقدمنآ إلى ما عملوا من عمل فجعلناه هبآء","في قوله تعالى: {وقدمنآ إلى ما عملوا من عمل فجعلناه هبآء","","جابر بن زيد عن النبيء صلى الله عليه وسلم أنه قطع سارقا، فلما قطعه قال له: «إن يمينك سبقتك إلى النار، فإن تبت رد الله عليك يمينك وإلا يتبع آخر جسدك أوله».","","","","Ibadi","","","","","V01P270"
"rabi_0962","962","al-Jami al-Sahih (Musnad al-Rabi ibn Habib)","Ibadi","1","37","962","في قوله تعالى: {وقدمنآ إلى ما عملوا من عمل فجعلناه هبآء","في قوله تعالى: {وقدمنآ إلى ما عملوا من عمل فجعلناه هبآء","","جابر بن زيد عن النبيء صلى الله عليه وسلم قال: «قال ربكم: خلقت الجنة عرضها السماوات والأرض. وأقسم ربنا لا يدخلها قاطع لرحمه، ولا مدمن خمر، ولا الديوث» يعني الذي يقود على أهله.","","","","Ibadi","","","","","V01P270"
"rabi_0963","963","al-Jami al-Sahih (Musnad al-Rabi ibn Habib)","Ibadi","1","37","963","في قوله تعالى: {وقدمنآ إلى ما عملوا من عمل فجعلناه هبآء","في قوله تعالى: {وقدمنآ إلى ما عملوا من عمل فجعلناه هبآء","","جابر بن زيد عن النبيء صلى الله عليه وسلم قال: «يجيء أقوام يوم القيامة ومعهم من الحسنات أمثال جبال تهامة فجعلها الله هباء ويصيره إلى النار». قال سالم مولى أبي حذيفة: حلهم لنا يا رسول الله، خفت أن أكون منهم، فقال رسول الله صلى الله عليه وسلم: «هؤلاء قوم يصلون ويصومون ويحجون ويأخذون وهنا من الليل، ولكن إذا رأوا شيئا من الحرام في السر وثبوا عليه، فأبطل الله أعمالهم إذ لم تكن لهم سرائر وصيرهم إلى النار».","","","","Ibadi","","","","","V01P271"
"rabi_0964","964","al-Jami al-Sahih (Musnad al-Rabi ibn Habib)","Ibadi","1","37","964","في قوله تعالى: {وقدمنآ إلى ما عملوا من عمل فجعلناه هبآء","في قوله تعالى: {وقدمنآ إلى ما عملوا من عمل فجعلناه هبآء","","جابر بن زيد عن النبيء صلى الله عليه وسلم قال: «من تعلم العلم ليباهي به العلماء أو يماري به السفهاء أو يصرف به وجوه الناس إليه فهو في جهنم».","","","","Ibadi","","","","","V01P271"
"rabi_0965","965","al-Jami al-Sahih (Musnad al-Rabi ibn Habib)","Ibadi","1","37","965","في قوله تعالى: {وقدمنآ إلى ما عملوا من عمل فجعلناه هبآء","في قوله تعالى: {وقدمنآ إلى ما عملوا من عمل فجعلناه هبآء","","جابر بن زيد عن النبيء صلى الله عليه وسلم قال: «ألا أخبركم بأول الناس في النار»؟ قالوا: ومن هو يا رسول الله؟ قال: «فاسق قرأ كتاب الله ولم يرع منه شيئا».","","","","Ibadi","","","","","V01P271"
"rabi_0966","966","al-Jami al-Sahih (Musnad al-Rabi ibn Habib)","Ibadi","1","37","966","في قوله تعالى: {وقدمنآ إلى ما عملوا من عمل فجعلناه هبآء","في قوله تعالى: {وقدمنآ إلى ما عملوا من عمل فجعلناه هبآء","","جابر بن زيد عن رسول الله صلى الله عليه وسلم قال: «من صلى صلاة الصبح فهو في ذمة الله فلا يطلبنك الله من شيء من ذمته فيكبك به على وجهك في النار».","","","","Ibadi","","","","","V01P271"
"rabi_0967","967","al-Jami al-Sahih (Musnad al-Rabi ibn Habib)","Ibadi","1","37","967","في قوله تعالى: {وقدمنآ إلى ما عملوا من عمل فجعلناه هبآء","في قوله تعالى: {وقدمنآ إلى ما عملوا من عمل فجعلناه هبآء","","جابر بن زيد عن رسول الله صلى الله عليه وسلم قال: «الحياء من الإيمان، والإيمان في الجنة، والبذاء من الجفاء، والجفاء في النار».","","","","Ibadi","","","","","V01P272"
"rabi_0968","968","al-Jami al-Sahih (Musnad al-Rabi ibn Habib)","Ibadi","1","37","968","في قوله تعالى: {وقدمنآ إلى ما عملوا من عمل فجعلناه هبآء","في قوله تعالى: {وقدمنآ إلى ما عملوا من عمل فجعلناه هبآء","","جابر بن زيد عن النبيء صلى الله عليه وسلم قال: «تحشر الظلمة وأعوانهم على بري قلم أو بمدة ليقة في النار».","","","","Ibadi","","","","","V01P272"
"rabi_0969","969","al-Jami al-Sahih (Musnad al-Rabi ibn Habib)","Ibadi","1","37","969","في قوله تعالى: {وقدمنآ إلى ما عملوا من عمل فجعلناه هبآء","في قوله تعالى: {وقدمنآ إلى ما عملوا من عمل فجعلناه هبآء","","جابر بن زيد عن النبيء صلى الله عليه وسلم: «إن الرجل ليتكلم بالكلمة من سخط الله ما يظن أنها بلغت ما بلغت فيهوي بها في النار سبعين خريفا».","","","","Ibadi","","","","","V01P272"
"rabi_0970","970","al-Jami al-Sahih (Musnad al-Rabi ibn Habib)","Ibadi","1","37","970","في قوله تعالى: {وقدمنآ إلى ما عملوا من عمل فجعلناه هبآء","في قوله تعالى: {وقدمنآ إلى ما عملوا من عمل فجعلناه هبآء","","جابر بن زيد عن النبيء صلى الله عليه وسلم كان يقول: «من غشنا فليس منا، ومن حمل علينا السلاح فليس منا، ومن انتهب مالنا فليس منا، ومن لم يوقر كبيرنا ويرحم صغيرنا فليس منا، ومن ضرب الخدود وشق الجيوب ودعى بدعوى الجاهلية فليس منا».","","","","Ibadi","","","","","V01P272"
"rabi_0971","971","al-Jami al-Sahih (Musnad al-Rabi ibn Habib)","Ibadi","1","37","971","في قوله تعالى: {وقدمنآ إلى ما عملوا من عمل فجعلناه هبآء","في قوله تعالى: {وقدمنآ إلى ما عملوا من عمل فجعلناه هبآء","","جابر بن زيد عن النبيء صلى الله عليه وسلم قال: «من أتى عريفا أو كاهنا أو ساحرا فصدقه فيما يقول فهو بريء مما أنزل الله على محمد» صلى الله عليه وسلم.","","","","Ibadi","","","","","V01P272"
"rabi_0972","972","al-Jami al-Sahih (Musnad al-Rabi ibn Habib)","Ibadi","1","37","972","في قوله تعالى: {وقدمنآ إلى ما عملوا من عمل فجعلناه هبآء","في قوله تعالى: {وقدمنآ إلى ما عملوا من عمل فجعلناه هبآء","","جابر بن زيد عن النبيء صلى الله عليه وسلم قال لكعب بن عجرة: «أعيذك بالله من أمراء يكونون من بعدي من دخل عليهم فأعانهم على ظلمهم أو صدقهم في قولهم فليس مني ولست منه، ولا يرد علي حوضي ».","","","","Ibadi","","","","","V01P272"
"rabi_0973","973","al-Jami al-Sahih (Musnad al-Rabi ibn Habib)","Ibadi","1","37","973","في قوله تعالى: {وقدمنآ إلى ما عملوا من عمل فجعلناه هبآء","في قوله تعالى: {وقدمنآ إلى ما عملوا من عمل فجعلناه هبآء","","جابر بن زيد عن رسول الله صلى الله عليه وسلم قال: «من حقر مسلما فليس بمسلم».","","","","Ibadi","","","","","V01P273"
"rabi_0974","974","al-Jami al-Sahih (Musnad al-Rabi ibn Habib)","Ibadi","1","37","974","في قوله تعالى: {وقدمنآ إلى ما عملوا من عمل فجعلناه هبآء","في قوله تعالى: {وقدمنآ إلى ما عملوا من عمل فجعلناه هبآء","","جابر بن زيد عن رسول الله صلى الله عليه وسلم قال: «أبرأ إلى الله من القدرية، أبرأ إلى الله من المرجئة، برئ الله منهما ورسوله».","","","","Ibadi","","","","","V01P273"
"rabi_0975","975","al-Jami al-Sahih (Musnad al-Rabi ibn Habib)","Ibadi","1","37","975","في قوله تعالى: {وقدمنآ إلى ما عملوا من عمل فجعلناه هبآء","في قوله تعالى: {وقدمنآ إلى ما عملوا من عمل فجعلناه هبآء","","جابر بن زيد عن رسول الله صلى الله عليه وسلم قال: لعن الله الواشمة والمتوشمة، والواصلة والمستوصلة، والنامصة والمتنمصة والواشرة والمستوشرة، والمانع الصدقة».","","","","Ibadi","","","","","V01P273"
"rabi_0976","976","al-Jami al-Sahih (Musnad al-Rabi ibn Habib)","Ibadi","1","37","976","في قوله تعالى: {وقدمنآ إلى ما عملوا من عمل فجعلناه هبآء","في قوله تعالى: {وقدمنآ إلى ما عملوا من عمل فجعلناه هبآء","","جابر بن زيد عن النبيء صلى الله عليه وسلم قال: «لعن الله الخمر وعاصرها ومعتصرها وحاملها والمحمولة إليه وشاربها وساقيها وبائعها ومبتاعها وآكل ثمنها».","","","","Ibadi","","","","","V01P273"
"rabi_0977","977","al-Jami al-Sahih (Musnad al-Rabi ibn Habib)","Ibadi","1","37","977","في قوله تعالى: {وقدمنآ إلى ما عملوا من عمل فجعلناه هبآء","في قوله تعالى: {وقدمنآ إلى ما عملوا من عمل فجعلناه هبآء","","جابر بن زيد عن رسول الله صلى الله عليه وسلم قال: «لعن الله من أحدث في الإسلام حدثا أو آوى محدثا، لا يقبل منه صرف ولا عدل ».","","","","Ibadi","","","","","V01P273"
"rabi_0978","978","al-Jami al-Sahih (Musnad al-Rabi ibn Habib)","Ibadi","1","37","978","في قوله تعالى: {وقدمنآ إلى ما عملوا من عمل فجعلناه هبآء","في قوله تعالى: {وقدمنآ إلى ما عملوا من عمل فجعلناه هبآء","","جابر بن زيد عنه عليه السلام: «من ادعى إلى غير أبيه أو تولى غير مواليه، فعليه لعنة الله والملائكة والناس أجمعين، ولا يقبل منه صرف ولا عدل».","","","","Ibadi","","","","","V01P273"
"rabi_0979","979","al-Jami al-Sahih (Musnad al-Rabi ibn Habib)","Ibadi","1","37","979","في قوله تعالى: {وقدمنآ إلى ما عملوا من عمل فجعلناه هبآء","في قوله تعالى: {وقدمنآ إلى ما عملوا من عمل فجعلناه هبآء","","جابر بن زيد عنه عليه السلام: «من حالت شفاعته دون حد من حدود الله فقد ضاد الله في ملكه، وخاض في سخطه، وإن لعنة الله تتابع عليه إلى يوم القيامة ».","","","","Ibadi","","","","","V01P273"
"rabi_0980","980","al-Jami al-Sahih (Musnad al-Rabi ibn Habib)","Ibadi","1","37","980","في قوله تعالى: {وقدمنآ إلى ما عملوا من عمل فجعلناه هبآء","في قوله تعالى: {وقدمنآ إلى ما عملوا من عمل فجعلناه هبآء","","جابر بن زيد عنه عليه السلام قال: «لعن الله قوما اتخذوا قبور أنبيائهم مساجد».","","","","Ibadi","","","","","V01P273"
"rabi_0981","981","al-Jami al-Sahih (Musnad al-Rabi ibn Habib)","Ibadi","1","37","981","في قوله تعالى: {وقدمنآ إلى ما عملوا من عمل فجعلناه هبآء","في قوله تعالى: {وقدمنآ إلى ما عملوا من عمل فجعلناه هبآء","","جابر بن زيد عن النبيء صلى الله عليه وسلم قال: «ملعون من آذى المسلمين في طريقهم، ملعون من أتى بهيمة».","","","","Ibadi","","","","","V01P274"
"rabi_0982","982","al-Jami al-Sahih (Musnad al-Rabi ibn Habib)","Ibadi","1","37","982","في قوله تعالى: {وقدمنآ إلى ما عملوا من عمل فجعلناه هبآء","في قوله تعالى: {وقدمنآ إلى ما عملوا من عمل فجعلناه هبآء","","جابر بن زيد عن رسول الله صلى الله عليه وسلم - وذكره عنه غيره - أنه عليه السلام قال: «إذا وضع الميت في قبره وسوي عليه فإنه يسمع نعال القوم حين ينصرفون عنه لأنه حمل من بيته وروحه مع الملائكة، فإذا وضع في قبره يأتيه ملكان أصواتهما كالرعد القاصف، وأبصارهما كالبرق الخاطف، فيقعدانه، فيقولان له: يا هذا من ربك؟ وما دينك؟ ومن نبيك؟ فإن كان مؤمنا، قال: الله ربي، والإسلام ديني، ومحمد نبيئي. فيقال له: على هذا أحييت وعليه أمت وعليه تبعث، انظر عن يسارك، فيفتح له باب في قبره إلى النار؛ فيقال له: هذا منزلك لو عصيت الله، فأما إذ قد أطعته، فانظر عن يمينك، فيفتح له باب في قبره إلى الجنة فيدخل عليه برد منزله ولذته فيريد أن ينهض، فيقال له: لم يأت أوان ذلك، نم سعيدا، نم نومة العروس، فما شيء أحب إليه من قيام الساعة حتى يصير إلى أهل ومال وإلى جنة النعيم . وأما إذا كان كافرا فيقعدانه فيقولان: من ربك؟ فيقول: ما أدري، فيقولان: ما تقول في هذا الرجل؟ - يعني محمدا صلى الله عليه وسلم - فيقول: كنت أقول فيه كما يقول الناس، فيقولان: لا دريت ولا تليت، على هذا عشت وعليه مت وعليه تبعث؛ انظر عن يمينك، فيفتح له باب من الجنة، فيقال له: هذا منزلك لو أطعت الله، فأما إذ قد عصيته فانظر عن شمالك، فيفتح له باب من قبره إلى جهنم فيدخل عليه غم منزله وأذاه، وما شيء أبغض إليه من قيام الساعة فيصير إلى العذاب».","","","","Ibadi","","","","","V01P275"
"rabi_0983","983","al-Jami al-Sahih (Musnad al-Rabi ibn Habib)","Ibadi","1","37","983","في قوله تعالى: {وقدمنآ إلى ما عملوا من عمل فجعلناه هبآء","في قوله تعالى: {وقدمنآ إلى ما عملوا من عمل فجعلناه هبآء","","جابر بن زيد عن رسول الله صلى الله عليه وسلم أنه قال: «لا يزني الزاني حين يزني وهو مؤمن، ولا يسرق السارق حين يسرق وهو مؤمن، ولا يشرب الخمر حين يشربها وهو مؤمن، فإن تاب تاب الله عليه».","","","","Ibadi","","","","","V01P275"
"rabi_0984","984","al-Jami al-Sahih (Musnad al-Rabi ibn Habib)","Ibadi","1","37","984","في قوله تعالى: {وقدمنآ إلى ما عملوا من عمل فجعلناه هبآء","في قوله تعالى: {وقدمنآ إلى ما عملوا من عمل فجعلناه هبآء","","جابر بن زيد عن النبيء صلى الله عليه وسلم قال: «إن أمتي سيكفرون من بعدي، أما إنهم لا يعبدون شمسا ولا قمرا ولا حجرا ولا وثنا، ولكنهم يراؤون بأعمالهم».","","","","Ibadi","","","","","V01P275"
"rabi_0985","985","al-Jami al-Sahih (Musnad al-Rabi ibn Habib)","Ibadi","1","37","985","في قوله تعالى: {وقدمنآ إلى ما عملوا من عمل فجعلناه هبآء","في قوله تعالى: {وقدمنآ إلى ما عملوا من عمل فجعلناه هبآء","","جابر بن زيد عن النبيء صلى الله عليه وسلم قال: «يصير الرياء نفاقا، والنفاق أخفى في أمتي من دبيب الذر».","","","","Ibadi","","","","","V01P275"
"rabi_0986","986","al-Jami al-Sahih (Musnad al-Rabi ibn Habib)","Ibadi","1","37","986","في قوله تعالى: {وقدمنآ إلى ما عملوا من عمل فجعلناه هبآء","في قوله تعالى: {وقدمنآ إلى ما عملوا من عمل فجعلناه هبآء","","جابر بن زيد عن النبيء صلى الله عليه وسلم قال: «يدعى المرائي يوم القيامة بأربعة أسماء على رؤوس الخلائق: يا غادر، يا فاجر، يا خاسر، بطل عملك وخسر أجرك، فخذ أجرك ممن عملت له فلا أجر لك عندي يا مرائي».","","","","Ibadi","","","","","V01P275"
"rabi_0987","987","al-Jami al-Sahih (Musnad al-Rabi ibn Habib)","Ibadi","1","37","987","في قوله تعالى: {وقدمنآ إلى ما عملوا من عمل فجعلناه هبآء","في قوله تعالى: {وقدمنآ إلى ما عملوا من عمل فجعلناه هبآء","","جابر بن زيد عن النبيء صلى الله عليه وسلم أن رجلا أتاه فقال: يا رسول الله، أتصدق بصدقة ألتمس بها الحمد والأجر، فقال رسول الله صلى الله عليه وسلم: «لا شريك له تعالى» فأنزل الله تعالى هذه الآية: {فمن كان يرجوا لقآء ربه فليعمل عملا صالحا ولا يشرك بعبادة ربه أحدا}.","","","","Ibadi","","","","","V01P275"
"rabi_0988","988","al-Jami al-Sahih (Musnad al-Rabi ibn Habib)","Ibadi","1","37","988","في قوله تعالى: {وقدمنآ إلى ما عملوا من عمل فجعلناه هبآء","في قوله تعالى: {وقدمنآ إلى ما عملوا من عمل فجعلناه هبآء","","جابر بن زيد عن رسول الله صلى الله عليه وسلم قال: «من قبل الله منه حسنة عصمه إلى آخر الأبد».","","","","Ibadi","","","","","V01P275"
"rabi_0989","989","al-Jami al-Sahih (Musnad al-Rabi ibn Habib)","Ibadi","1","37","989","في قوله تعالى: {وقدمنآ إلى ما عملوا من عمل فجعلناه هبآء","في قوله تعالى: {وقدمنآ إلى ما عملوا من عمل فجعلناه هبآء","","جابر بن زيد عن معاذ بن جبل رضي الله عنه كان يمشي في بعض الطريق وهو ينحى الأذى عن الطريق، فرآه رجل يصنع ذلك، فأقبل يصنع صنعه فالتفت إليه معاذ وقال: إنما صنعت لشيء بلغني، ولأي شيء صنعت ما صنعت؟ فقال الرجل: رأيتك تصنع ذلك فأحببت أن أصنع كصنيعك قال: نعم، سمعت رسول الله صلى الله عليه وسلم يقول: «من نحى عن طريق المسلمين أذى كتب الله له حسنة، ومن كتب الله له حسنة أدخله الجنة». ثم تلا معاذ: {إن الله لا يظلم مثقال ذرة وإن تك حسنة يضاعفها ويوت من لدنه أجرا عظيما}.","","","","Ibadi","","","","","V01P276"
"rabi_0990","990","al-Jami al-Sahih (Musnad al-Rabi ibn Habib)","Ibadi","1","37","990","في قوله تعالى: {وقدمنآ إلى ما عملوا من عمل فجعلناه هبآء","في قوله تعالى: {وقدمنآ إلى ما عملوا من عمل فجعلناه هبآء","","جابر بن زيد عن النبيء صلى الله عليه وسلم يقول: «اتقوا النار ولو بشق تمرة، فمن اتقى النار ولو بشق تمرة وقاه الله شر ما اتقى».","","","","Ibadi","","","","","V01P276"
"rabi_0991","991","al-Jami al-Sahih (Musnad al-Rabi ibn Habib)","Ibadi","1","37","991","في قوله تعالى: {وقدمنآ إلى ما عملوا من عمل فجعلناه هبآء","في قوله تعالى: {وقدمنآ إلى ما عملوا من عمل فجعلناه هبآء","","جابر بن زيد عن رسول الله صلى الله عليه وسلم يقول: «إن الله أرحم بعباده المؤمنين من الوالدة الرحيمة بولدها».","","","","Ibadi","","","","","V01P276"
"rabi_0992","992","al-Jami al-Sahih (Musnad al-Rabi ibn Habib)","Ibadi","1","37","992","في قوله تعالى: {وقدمنآ إلى ما عملوا من عمل فجعلناه هبآء","في قوله تعالى: {وقدمنآ إلى ما عملوا من عمل فجعلناه هبآء","","جابر بن زيد عن رسول الله صلى الله عليه وسلم أنه قال: «لا يزني الزاني حين يزني وهو مؤمن» قال رجل: يا أبا الشعثاء يزني وهو مؤمن، قال: والله لو أدركك عمر بن الخطاب رضي الله عنه لجلدك الحد حين تقذف ولي الله بالزنى، قال الله عز وجل في كتابه: {إن الله يدافع عن الذين ءامنوا}.","","","","Ibadi","","","","","V01P276"
"rabi_0993","993","al-Jami al-Sahih (Musnad al-Rabi ibn Habib)","Ibadi","1","37","993","في قوله تعالى: {وقدمنآ إلى ما عملوا من عمل فجعلناه هبآء","في قوله تعالى: {وقدمنآ إلى ما عملوا من عمل فجعلناه هبآء","","جابر بن زيد عن رسول الله صلى الله عليه وسلم أنه سأله رجل فقال له: يا رسول الله من أشد الناس بلاء؟ قال: «الأنبياء ثم المؤمنون، ثم الأفضل فالأفضل، ثم يبتلى العبد على قدر ذلك».","","","","Ibadi","","","","","V01P276"
"rabi_0994","994","al-Jami al-Sahih (Musnad al-Rabi ibn Habib)","Ibadi","1","37","994","في قوله تعالى: {وقدمنآ إلى ما عملوا من عمل فجعلناه هبآء","في قوله تعالى: {وقدمنآ إلى ما عملوا من عمل فجعلناه هبآء","","جابر بن زيد عن النبيء صلى الله عليه وسلم قال: «لا يتمن أحدكم الموت ولا يدع به إلا أن يكون قد وثق بعمله ».","","","","Ibadi","","","","","V01P277"
"rabi_0995","995","al-Jami al-Sahih (Musnad al-Rabi ibn Habib)","Ibadi","1","37","995","في قوله تعالى: {وقدمنآ إلى ما عملوا من عمل فجعلناه هبآء","في قوله تعالى: {وقدمنآ إلى ما عملوا من عمل فجعلناه هبآء","","جابر بن زيد عن النبيء صلى الله عليه وسلم قال: «الإيمان أثبت في قلوب أهله من الجبال الرواسي على قرارها».","","","","Ibadi","","","","","V01P277"
"rabi_0996","996","al-Jami al-Sahih (Musnad al-Rabi ibn Habib)","Ibadi","1","37","996","في قوله تعالى: {وقدمنآ إلى ما عملوا من عمل فجعلناه هبآء","في قوله تعالى: {وقدمنآ إلى ما عملوا من عمل فجعلناه هبآء","","جابر بن زيد عن النبيء صلى الله عليه وسلم قال: «مثل قلب المؤمن كمثل المرآة المتجلية، لا يأتيه الشيطان من وجه إلا أبصره، ومثل قلب المؤمن كمثل الفضة الجيدة إذا أدخلت النار وأحميت لم تزدد إلا خيرا».","","","","Ibadi","","","","","V01P277"
"rabi_0997","997","al-Jami al-Sahih (Musnad al-Rabi ibn Habib)","Ibadi","1","37","997","في قوله تعالى: {وقدمنآ إلى ما عملوا من عمل فجعلناه هبآء","في قوله تعالى: {وقدمنآ إلى ما عملوا من عمل فجعلناه هبآء","","جابر بن زيد عن النبيء صلى الله عليه وسلم قال: «الإيمان قيد الفتك، لا يفتك مؤمن ».","","","","Ibadi","","","","","V01P277"
"rabi_0998","998","al-Jami al-Sahih (Musnad al-Rabi ibn Habib)","Ibadi","1","37","998","في قوله تعالى: {وقدمنآ إلى ما عملوا من عمل فجعلناه هبآء","في قوله تعالى: {وقدمنآ إلى ما عملوا من عمل فجعلناه هبآء","","جابر بن زيد عن النبيء صلى الله عليه وسلم قال: «عجبت من المؤمن ومنزلته عند ربه، إذا أحسن قبل منه، وإذا أساء غفر له».","","","","Ibadi","","","","","V01P277"
"rabi_0999","999","al-Jami al-Sahih (Musnad al-Rabi ibn Habib)","Ibadi","1","37","999","في قوله تعالى: {وقدمنآ إلى ما عملوا من عمل فجعلناه هبآء","في قوله تعالى: {وقدمنآ إلى ما عملوا من عمل فجعلناه هبآء","","جابر بن زيد عن النبيء صلى الله عليه وسلم قال: «ما من عبد خرج من ذل إبليس إلى عز الله إلا أعطاه الله ثلاثا: اليسر من غير كثرة، والغنى من غير مال، والعلم من غير تعلم».","","","","Ibadi","","","","","V01P277"
"rabi_1000","1000","al-Jami al-Sahih (Musnad al-Rabi ibn Habib)","Ibadi","1","37","1000","في قوله تعالى: {وقدمنآ إلى ما عملوا من عمل فجعلناه هبآء","في قوله تعالى: {وقدمنآ إلى ما عملوا من عمل فجعلناه هبآء","","جابر بن زيد عن النبيء صلى الله عليه وسلم قال: «ما من عبد زهد في الدنيا إلا أثبت الله الحكمة في قلبه، وأنطق بها لسانه وبصره عيوب الدنيا وداءها ودواءها، وأخرجه منها سالما إلى دار السلام».","","","","Ibadi","","","","","V01P277"
"rabi_1001","1001","al-Jami al-Sahih (Musnad al-Rabi ibn Habib)","Ibadi","1","37","1001","في قوله تعالى: {وقدمنآ إلى ما عملوا من عمل فجعلناه هبآء","في قوله تعالى: {وقدمنآ إلى ما عملوا من عمل فجعلناه هبآء","","جابر بن زيد عن النبيء صلى الله عليه وسلم قال: «ما منكم من أحد يدخل الجنة إلا بعمل صالح وبرحمة الله وشفاعتي».","","","","Ibadi","","","","","V01P278"
"rabi_1002","1002","al-Jami al-Sahih (Musnad al-Rabi ibn Habib)","Ibadi","1","37","1002","في قوله تعالى: {وقدمنآ إلى ما عملوا من عمل فجعلناه هبآء","في قوله تعالى: {وقدمنآ إلى ما عملوا من عمل فجعلناه هبآء","","جابر بن زيد عن النبيء قال: «لا تنال شفاعتي سلطانا غشوما للناس، ورجلا لا يراقب الله في اليتيم».","","","","Ibadi","","","","","V01P278"
"rabi_1003","1003","al-Jami al-Sahih (Musnad al-Rabi ibn Habib)","Ibadi","1","37","1003","في قوله تعالى: {وقدمنآ إلى ما عملوا من عمل فجعلناه هبآء","في قوله تعالى: {وقدمنآ إلى ما عملوا من عمل فجعلناه هبآء","","جابر بن زيد عن النبيء صلى الله عليه وسلم قال: «لا تنال شفاعتي الغالي في الدين ولا الجافي عنه».","","","","Ibadi","","","","","V01P278"
"rabi_1004","1004","al-Jami al-Sahih (Musnad al-Rabi ibn Habib)","Ibadi","1","37","1004","في قوله تعالى: {وقدمنآ إلى ما عملوا من عمل فجعلناه هبآء","في قوله تعالى: {وقدمنآ إلى ما عملوا من عمل فجعلناه هبآء","","جابر بن زيد عن النبيء صلى الله عليه وسلم قال: «ليست الشفاعة لأهل الكبائر من أمتي» يحلف جابر عند ذلك ما لأهل الكبائر شفاعة، لأن الله قد أوعد أهل الكبائر النار في كتابه، وإن جاء الحديث عن أنس بن مالك أن الشفاعة لأهل الكبائر ما عنى القتل والزنى والسحر وما أوعد الله عليه النار. وذكر أن أنس بن مالك يقول: إنكم لتعملون أعمالا هي أدق في أعينكم من الشعر ما كنا نعدها في عهد رسول الله صلى الله عليه وسلم إلا من الكبائر. ما ذكر في حديث الشفاعة وذكر لنا في حديث الشفاعة إن أهل الإيمان يحبسون في الموقف بعدما بشروا عند الموت وبعدما أجابوا عند المحنة في القبور أن الله ربهم قد غفر لهم، وأخذهم كتبهم بأيمانهم وابيضت وجوههم وثقلت موازينهم، وأراد الله أن يدخلهم الجنة بالشفاعة، والشفاعة مخزونة لا يصل إليها نبيء ولا ملك حتى يفتحها رسول الله صلى الله عليه وسلم. قال: والأنبياء ومن اتبعهم محبوسون والأولون والآخرون، قال: فبينما هم كذلك فيقولون: لو استشفعنا إلى ربنا فيريحنا من هذا المقام، فيقول بعضهم لبعض: عليكم بآدم، فيأتونه فيقولون: أنت الذي خلقك الله بيده ونفخ فيك من روحه وأسجد لك ملائكته، فلو استشفعت لنا إلى ربك فيريحنا من هذا المقام، فيقول: إني أكلت من الشجرة التي نهاني الله عنها وإني أستحي من لقاء ربي ولكن عليكم بنوح فإنه أول نبيء أرسله الله، فيأتون نوحا فيقولون: لو استشفعت لنا إلى ربك، فيقول: إني سألت ربي ما ليس لي به علم وأنا أستحي من لقاء ربي، ولكن عليكم بإبراهيم خليل الرحمن، فيأتونه فيقولون له: لو استشفعت لنا إلى ربك، فيقول إني أستحي من لقاء ربي، ولكن عليكم بموسى كليم الله، فيأتونه فيقولون له: لو استشفعت لنا إلى ربك، فيقول إني قتلت نفسا فأنا أستحي من لقاء ربي، ولكن عليكم بعيسى فإنه روح الله وكلمته، فيأتونه فيقولون: لو استشفعت لنا إلى ربك فيقول: إني عبدت من دون الله، فأنا أستحي من لقاء ربي، ولكن عليكم بمحمد صلى الله عليه وسلم، عبد قد غفر له ما تقدم من ذنبه وما تأخر، قال النبيء صلى الله عليه وسلم فيأتونني فأمشي بين سماطين من المؤمنين، فأقرع باب الجنة، فإذا فتح لي ثم يقال لي يا محمد، اشفع نشفعك ، فيقول: «يا رب ما بقي إلا من حبسه القرآن» يعني أوجب عليه الخلود في النار. قال أهل العلم: هو المقام المحمود الذي يحمده فيه الأولون والآخرون حيث نجاهم الله من ذلك المقام، ويحمده الأولون بما فتح لهم من الشفاعة وكانت مخزونة لا يصل إليها أحد حتى يفتحها رسول الله صلى الله عليه وسلم. فإذا شفع رسول الله صلى الله عليه وسلم يشفع آدم في وقت وقت له في ولده، ثم شفع الأنبياء كل نبيء يشفع لأمته، ويشفع المؤمنون. وكذلك يشاء الله أن يدخل المؤمنين الجنة بالشفاعة حتى بلغنا أن الشهيد يشفع في سبعين من أهل بيته إذا كانوا مؤمنين متقين.","","","","Ibadi","","","","","V01P280"
"rabi_1005","1005","al-Jami al-Sahih (Musnad al-Rabi ibn Habib)","Ibadi","1","37","1005","في قوله تعالى: {وقدمنآ إلى ما عملوا من عمل فجعلناه هبآء","في قوله تعالى: {وقدمنآ إلى ما عملوا من عمل فجعلناه هبآء","","جابر بن زيد قال: لما نزلت هذه الآية: {وأنذر عشيرتك الاقربين} جعل رسول الله صلى الله عليه وسلم يتفخذ أفخاذ قريش فخذا فخذا حتى أتى إلى بني عبد المطلب فقال: «يا بني عبد المطلب إن الله أمرني أن أنذركم فإني لا أغني عنكم من الله شيئا، ألا إن أوليائي منكم المتقون، ألا لأعرفن ما جاء الناس غدا بالدين فجئتم بالدنيا تحملونها على رقابكم. يا فاطمة بنت محمد، ويا صفية عمة محمد، اشتريا أنفسكما من الله فإني لا أغني عنكما من الله شيئا».","","","","Ibadi","","","","","V01P281"
